sent_ts,timestamp,latency_ms,status,error
1782388098.7162082,1782388099.157642,441.9712500530295,200,
1782388098.716675,1782388099.2381618,522.1198750077747,200,
1782388098.716817,1782388099.2513542,535.186082997825,200,
1782388098.720033,1782388099.2571058,537.7239169902168,200,
1782388098.716535,1782388099.292664,576.826834003441,200,
1782388098.716384,1782388099.3934069,677.841582975816,200,
1782388098.7197142,1782388099.39639,677.4941670009866,200,
1782388098.7159958,1782388099.448437,733.3262920146808,200,
1782388098.711756,1782388099.471422,760.584875009954,200,
1782388098.7201731,1782388099.5185978,799.3764590355568,200,
1782388098.719887,1782388099.573657,854.7995000262745,200,
1782388098.719483,1782388099.576395,857.9457500018179,200,
1782388098.7203069,1782388099.577397,858.1244999659248,200,
1782388098.7169511,1782388099.587677,871.7520830105059,200,
1782388098.717088,1782388099.607448,891.4346660021693,200,
1782388099.711113,1782388099.7962282,85.215832979884,200,
1782388099.713422,1782388099.800122,86.80320804705843,200,
1782388099.7119539,1782388099.850591,138.80004099337384,200,
1782388099.7170072,1782388099.8614988,144.6616670000367,200,
1782388099.714682,1782388099.907802,193.34383303066716,200,
1782388099.713048,1782388099.909953,197.1323339967057,200,
1782388099.71431,1782388099.930805,216.74562501721084,200,
1782388099.712641,1782388099.940832,228.4542919951491,200,
1782388099.7152379,1782388099.941791,226.81483399355784,200,
1782388099.713867,1782388099.942837,229.23537500901148,200,
1782388099.716115,1782388099.943846,227.99354197923094,200,
1782388099.717815,1782388099.945545,227.99208300421014,200,
1782388099.7165298,1782388099.969454,253.21558298310265,200,
1782388099.717432,1782388099.973429,256.2906669918448,200,
1782388099.715654,1782388099.978945,263.59475002391264,200,
1782388100.718873,1782388100.907727,189.05820802319795,200,
1782388100.711272,1782388100.9358761,224.84695800812915,200,
1782388100.716151,1782388100.936543,220.6301250262186,200,
1782388100.714327,1782388100.9557161,241.64979194756597,200,
1782388100.7167318,1782388100.957539,241.06729100458324,200,
1782388100.7172859,1782388100.961138,244.114333007019,200,
1782388100.7137868,1782388100.971581,258.07254103710875,200,
1782388100.713234,1782388100.97221,259.25525004277006,200,
1782388100.718355,1782388100.9746969,256.6188329947181,200,
1782388100.7126122,1782388100.984543,272.22404099302366,200,
1782388100.715602,1782388100.9901361,274.8295000055805,200,
1782388100.720469,1782388100.990774,270.5964169581421,200,
1782388100.7149692,1782388101.002298,287.63883298961446,200,
1782388100.719389,1782388101.017268,298.19820798002183,200,
1782388100.717823,1782388101.042751,325.2763749915175,200,
1782388101.7141602,1782388102.0438342,330.0047920201905,200,
1782388101.713748,1782388102.046338,332.9241669853218,200,
1782388101.712899,1782388102.281559,569.2280410439707,200,
1782388101.713322,1782388102.291588,578.8429999956861,200,
1782388101.711384,1782388102.302763,591.9696670025587,200,
1782388101.717473,1782388102.311286,594.4054999854416,200,
1782388101.719336,1782388102.313823,595.0806250330061,200,
1782388101.716915,1782388102.314761,598.4429999953136,200,
1782388101.718815,1782388102.352443,634.258541977033,200,
1782388101.719854,1782388102.3561459,636.9264170061797,200,
1782388101.714539,1782388102.3953621,681.5008749836124,200,
1782388101.715252,1782388102.397006,682.4335000128485,200,
1782388101.7159,1782388102.4025621,687.3471249709837,200,
1782388101.720486,1782388102.404333,684.5282499562018,200,
1782388101.716464,1782388102.405152,689.3755840137601,200,
1782388102.710895,1782388102.819028,108.23870898457244,200,
1782388102.7134972,1782388102.825037,111.64791701594368,200,
1782388102.7153668,1782388102.837394,122.14550003409386,200,
1782388102.720552,1782388102.945342,225.00391700305045,200,
1782388102.719606,1782388102.950648,231.25933395931497,200,
1782388102.716349,1782388102.976566,260.46229095663875,200,
1782388102.719073,1782388102.994519,275.7059999858029,200,
1782388102.7158852,1782388103.0021288,286.51350003201514,200,
1782388102.7141619,1782388103.005314,291.42670903820544,200,
1782388102.7174048,1782388103.01738,300.2569579984993,200,
1782388102.7147741,1782388103.0322702,317.7949169767089,200,
1782388102.717963,1782388103.0398211,322.1615409711376,200,
1782388102.716961,1782388103.041501,324.8459579772316,200,
1782388102.720103,1782388103.053886,334.0968749835156,200,
1782388102.7184498,1782388103.069031,350.911624962464,200,
1782388103.7109919,1782388103.8123379,101.43912502098829,200,
1782388103.71192,1782388103.8207989,108.97854104405269,200,
1782388103.713465,1782388103.8569422,143.60504102660343,200,
1782388103.716688,1782388103.9265542,210.05316701484844,200,
1782388103.7183402,1782388103.931184,213.0332500091754,200,
1782388103.713036,1782388103.979934,267.1347919967957,200,
1782388103.71245,1782388103.982193,269.9812080245465,200,
1782388103.717223,1782388104.024899,307.9479170264676,200,
1782388103.716196,1782388104.057815,341.9204169767909,200,
1782388103.7177138,1782388104.058323,340.9109999774955,200,
1782388103.71404,1782388104.0593762,345.6410000217147,200,
1782388103.715521,1782388104.0600278,344.8124169954099,200,
1782388103.714488,1782388104.060925,346.74358303891495,200,
1782388103.718909,1782388104.0737112,355.11525004403666,200,
1782388103.71503,1782388104.087094,372.39295803010464,200,
1782388104.711064,1782388104.776636,65.62808400485665,200,
1782388104.713541,1782388104.87801,164.60745898075402,200,
1782388104.711927,1782388104.923023,211.27100003650412,200,
1782388104.7143092,1782388105.0611799,347.1584170474671,200,
1782388104.7130141,1782388105.089024,376.32062495686114,200,
1782388104.716026,1782388105.11446,398.7629589973949,200,
1782388104.712451,1782388105.116238,404.1210410068743,200,
1782388104.715151,1782388105.11996,405.1435420406051,200,
1782388104.7170649,1782388105.141758,425.0433329725638,200,
1782388104.715488,1782388105.158219,443.09633399825543,200,
1782388104.716438,1782388105.161767,445.69608400342986,200,
1782388104.717519,1782388105.1652591,448.10962496558204,200,
1782388104.713956,1782388105.183881,470.31283302931115,200,
1782388104.718139,1782388105.184599,466.8459999957122,200,
1782388104.714761,1782388105.194119,479.7537080012262,200,
1782388105.712161,1782388105.79966,87.56945800269023,200,
1782388105.7137449,1782388105.825675,112.01916699064896,200,
1782388105.7113862,1782388105.849004,137.72654096828774,200,
1782388105.715026,1782388105.9087229,193.84775002254173,200,
1782388105.717097,1782388105.9196658,202.72745803231373,200,
1782388105.7176,1782388105.9209542,203.51349998963997,200,
1782388105.71327,1782388105.930933,217.83341700211167,200,
1782388105.714175,1782388105.945924,231.92962497705594,200,
1782388105.715925,1782388105.9478989,232.15475003235042,200,
1782388105.716715,1782388105.9564888,239.96179102687165,200,
1782388105.714591,1782388105.9585779,244.17633400298655,200,
1782388105.716341,1782388105.960444,244.29474998032674,200,
1782388105.7127192,1782388105.968777,256.2587090069428,200,
1782388105.7180228,1782388105.969476,251.64854200556874,200,
1782388105.715515,1782388105.978497,263.1880000117235,200,
1782388106.7117,1782388106.79331,81.67166699422523,200,
1782388106.712449,1782388106.793705,81.31562505150214,200,
1782388106.7137449,1782388106.809079,95.40479199495167,200,
1782388106.718453,1782388106.863574,145.22866701008752,200,
1782388106.7133079,1782388106.873929,160.73845804203302,200,
1782388106.7176378,1782388106.896929,179.4225840130821,200,
1782388106.715189,1782388106.898336,183.28104098327458,200,
1782388106.715738,1782388106.904454,188.85420798324049,200,
1782388106.716206,1782388106.906677,190.61170902568847,200,
1782388106.712885,1782388106.909429,196.6889169998467,200,
1782388106.716688,1782388106.910364,193.8186659826897,200,
1782388106.718038,1782388106.911166,193.27083398820832,200,
1782388106.7171478,1782388106.9200509,203.05229199584574,200,
1782388106.71469,1782388106.940864,226.33945802226663,200,
1782388106.714186,1782388106.972922,258.92525003291667,200,
1782388107.711626,1782388107.803332,91.76899999147281,200,
1782388107.716992,1782388107.8570628,140.16699994681403,200,
1782388107.712648,1782388107.8712902,158.75133301597089,200,
1782388107.714354,1782388107.903533,189.3091250094585,200,
1782388107.7162461,1782388107.9182699,202.16320804320276,200,
1782388107.71536,1782388107.93219,216.97808301541954,200,
1782388107.720096,1782388107.950513,230.57408299064264,200,
1782388107.7195468,1782388107.956346,236.9617089862004,200,
1782388107.717561,1782388107.978643,261.26083300914615,200,
1782388107.718548,1782388107.985585,267.22033304395154,200,
1782388107.720669,1782388107.988148,267.6617499673739,200,
1782388107.7190871,1782388107.9909172,272.0161249744706,200,
1782388107.713878,1782388107.991564,277.8766250121407,200,
1782388107.713353,1782388107.991827,278.6659160046838,200,
1782388107.718053,1782388108.008039,290.1847080211155,200,
1782388108.71119,1782388108.776939,65.79075002809986,200,
1782388108.713498,1782388108.8429708,129.5573340030387,200,
1782388108.712072,1782388108.86082,148.84420798625797,200,
1782388108.714423,1782388108.867678,153.35358399897814,200,
1782388108.712973,1782388108.900506,187.654624984134,200,
1782388108.717358,1782388108.9010618,183.82337497314438,200,
1782388108.7178051,1782388108.903208,185.5229579959996,200,
1782388108.7139971,1782388108.911006,197.1367079531774,200,
1782388108.71486,1782388108.915785,201.05429197428748,200,
1782388108.715713,1782388108.9287748,213.1990420166403,200,
1782388108.716137,1782388108.93393,217.9337500128895,200,
1782388108.7182012,1782388108.9345448,216.48316702339798,200,
1782388108.7168472,1782388108.9602182,243.52716701105237,200,
1782388108.7152882,1782388108.977959,262.83962500747293,200,
1782388108.7125351,1782388108.9852889,272.9290829738602,200,
1782388109.711444,1782388109.8150651,103.68450003443286,200,
1782388109.715013,1782388109.842022,127.08516605198383,200,
1782388109.713759,1782388109.9023948,188.74987500021234,200,
1782388109.71821,1782388109.932262,214.1809169552289,200,
1782388109.7141912,1782388109.94493,230.87741702329367,200,
1782388109.717369,1782388109.948354,231.1244999873452,200,
1782388109.715907,1782388109.9492118,233.4456659737043,200,
1782388109.7122161,1782388109.9501069,238.03495801985264,200,
1782388109.7154088,1782388109.950381,235.11545796645805,200,
1782388109.7164469,1782388109.952276,235.9712499892339,200,
1782388109.714599,1782388109.9546099,240.15608301851898,200,
1782388109.716935,1782388109.9552588,238.4689170285128,200,
1782388109.713194,1782388109.95573,242.68379103159532,200,
1782388109.717813,1782388109.961851,244.18579204939306,200,
1782388109.712787,1782388109.966769,254.13499999558553,200,
1782388110.712773,1782388110.8278039,115.09574996307492,200,
1782388110.711874,1782388110.833757,121.95349996909499,200,
1782388110.714507,1782388110.911395,196.99983403552324,200,
1782388110.7171898,1782388110.977121,260.07724995724857,200,
1782388110.7191942,1782388111.003901,284.8665830097161,200,
1782388110.713933,1782388111.0156538,301.89150001388043,200,
1782388110.714976,1782388111.028214,313.4140829788521,200,
1782388110.718772,1782388111.032914,314.3180000479333,200,
1782388110.713269,1782388111.034179,321.0896669770591,200,
1782388110.720135,1782388111.0360131,316.0551249748096,200,
1782388110.71959,1782388111.0390341,319.6227079606615,200,
1782388110.716702,1782388111.051499,334.98375001363456,200,
1782388110.7154088,1782388111.0591319,343.91633298946545,200,
1782388110.7161322,1782388111.069793,353.8602080079727,200,
1782388110.717762,1782388111.070721,353.1570000341162,200,
1782388111.712276,1782388111.773686,61.44308298826218,200,
1782388111.713013,1782388111.8772202,164.29483401589096,200,
1782388111.715531,1782388111.915991,200.56545897386968,200,
1782388111.7188742,1782388112.1674619,448.82383302319795,200,
1782388111.713823,1782388112.169002,455.4180830018595,200,
1782388111.71344,1782388112.182563,469.3692500004545,200,
1782388111.7183459,1782388112.184043,465.94195801299065,200,
1782388111.7147222,1782388112.193047,478.57512498740107,200,
1782388111.715102,1782388112.1984582,483.60833298647776,200,
1782388111.7165282,1782388112.200612,484.3368330039084,200,
1782388111.716979,1782388112.205534,488.810500013642,200,
1782388111.714356,1782388112.2192042,505.1131669897586,200,
1782388111.717758,1782388112.2412438,523.7606669543311,200,
1782388111.715925,1782388112.253737,538.0948329693638,200,
1782388111.7174,1782388112.271498,554.389417055063,200,
1782388112.713867,1782388112.957731,243.9847500063479,200,
1782388112.712777,1782388113.034487,321.8687079497613,200,
1782388112.71548,1782388113.040229,324.90875001531094,200,
1782388112.716307,1782388113.089897,373.77325003035367,200,
1782388112.718545,1782388113.090749,372.38841701764613,200,
1782388112.7172852,1782388113.0925992,375.49900001613423,200,
1782388112.7189162,1782388113.096517,377.7865420561284,200,
1782388112.715029,1782388113.097858,383.01799999317154,200,
1782388112.7168121,1782388113.099212,382.5882500386797,200,
1782388112.719255,1782388113.114101,395.0395410065539,200,
1782388112.71446,1782388113.117988,403.7268749671057,200,
1782388112.718143,1782388113.119137,401.1903329519555,200,
1782388112.7177181,1782388113.122567,405.0474999821745,200,
1782388112.719915,1782388113.1251771,405.46191699104384,200,
1782388112.715948,1782388113.1385238,422.78375005116686,200,
1782388113.715785,1782388113.803209,87.46558398706838,200,
1782388113.714376,1782388113.84368,129.36500000068918,200,
1782388113.7134311,1782388113.8503182,136.95083401398733,200,
1782388113.714874,1782388113.909964,195.18166698981076,200,
1782388113.716767,1782388113.9234922,206.8222500383854,200,
1782388113.715343,1782388113.97223,257.0059999707155,200,
1782388113.7172759,1782388113.978097,260.9417919884436,200,
1782388113.718227,1782388114.018979,300.8904170128517,200,
1782388113.721345,1782388114.020888,299.68200001167133,200,
1782388113.719989,1782388114.022588,302.7379999984987,200,
1782388113.717773,1782388114.025223,307.59300000499934,200,
1782388113.718708,1782388114.026221,307.6541670016013,200,
1782388113.716236,1782388114.028196,312.10383301367983,200,
1782388113.719428,1782388114.04785,328.5750829963945,200,
1782388113.720685,1782388114.056274,335.7442919514142,200,
1782388114.716178,1782388114.808476,92.33808296266943,200,
1782388114.713932,1782388114.827512,113.63025003811345,200,
1782388114.714714,1782388114.8284092,113.74570894986391,200,
1782388114.715737,1782388114.846362,130.68258296698332,200,
1782388114.718827,1782388114.902156,183.4097079699859,200,
1782388114.7169988,1782388114.917129,200.2169580082409,200,
1782388114.717526,1782388114.9175491,200.1102920039557,200,
1782388114.720299,1782388114.919702,199.48929199017584,200,
1782388114.716573,1782388114.927407,210.9259589924477,200,
1782388114.719785,1782388114.931541,211.84745797654614,200,
1782388114.717986,1782388114.934756,216.86491597210988,200,
1782388114.715219,1782388114.953963,238.84766700211912,200,
1782388114.719312,1782388114.957749,238.54104097699746,200,
1782388114.718409,1782388114.958391,240.08691700873896,200,
1782388114.72079,1782388114.978215,257.53812497714534,200,
1782388115.714823,1782388115.827734,112.95658396556973,200,
1782388115.7172968,1782388115.840126,122.8790829773061,200,
1782388115.715743,1782388115.866982,151.3011660426855,200,
1782388115.718855,1782388115.905808,187.0297080022283,200,
1782388115.720474,1782388115.922146,201.75462501356378,200,
1782388115.716838,1782388115.9223502,205.59729100205004,200,
1782388115.721334,1782388115.9361029,214.85749998828396,200,
1782388115.722261,1782388115.939608,217.43504103505984,200,
1782388115.720902,1782388115.940989,220.17766704084352,200,
1782388115.7193348,1782388115.94258,223.33558299578726,200,
1782388115.716318,1782388115.953213,236.9917079922743,200,
1782388115.721807,1782388115.954012,232.3007500381209,200,
1782388115.7178519,1782388115.9547231,236.96825001388788,200,
1782388115.7199712,1782388115.955498,235.62395898625255,200,
1782388115.718343,1782388115.967863,249.62258397135884,200,
1782388116.715554,1782388116.807883,92.36383298411965,200,
1782388116.717898,1782388116.8342452,116.39112501870841,200,
1782388116.7165189,1782388116.856344,139.87895799800754,200,
1782388116.722754,1782388116.9063292,183.64487501094118,200,
1782388116.721771,1782388116.949646,227.96124999877065,200,
1782388116.721375,1782388116.9619231,240.63841596944258,200,
1782388116.7183309,1782388116.968499,250.2644169726409,200,
1782388116.719476,1782388116.99186,272.4869580124505,200,
1782388116.720033,1782388116.994071,274.1412079776637,200,
1782388116.7187672,1782388116.995567,276.9060420105234,200,
1782388116.7169962,1782388116.997327,280.43724998133257,200,
1782388116.717427,1782388116.99885,281.530250038486,200,
1782388116.72217,1782388117.005811,283.74870802508667,200,
1782388116.720958,1782388117.00836,287.51220798585564,200,
1782388116.720533,1782388117.017407,296.9877500436269,200,
1782388117.718174,1782388117.820565,102.42712497711182,200,
1782388117.716256,1782388117.858559,142.35337503487244,200,
1782388117.722187,1782388117.9006531,178.53099998319522,200,
1782388117.7217972,1782388117.97946,257.7541659702547,200,
1782388117.720313,1782388118.039835,319.6359170251526,200,
1782388117.721445,1782388118.040257,318.92645900370553,200,
1782388117.7229729,1782388118.046369,323.51220899727196,200,
1782388117.7193,1782388118.0477571,328.5740410210565,200,
1782388117.719786,1782388118.0501518,330.4851250140928,200,
1782388117.717163,1782388118.05498,337.93820900609717,200,
1782388117.721011,1782388118.066129,345.24225001223385,200,
1782388117.717553,1782388118.075119,357.6935409801081,200,
1782388117.717877,1782388118.0834281,365.68200000328943,200,
1782388117.718699,1782388118.08438,365.8128749812022,200,
1782388117.7225559,1782388118.086642,364.2169159720652,200,
1782388118.7191942,1782388118.8352509,116.09679198591039,200,
1782388118.7163231,1782388118.848489,132.2091250331141,200,
1782388118.717366,1782388118.878597,161.28479200415313,200,
1782388118.721292,1782388118.916922,195.69470803253353,200,
1782388118.723542,1782388118.9268868,203.41149996966124,200,
1782388118.7200131,1782388118.968535,248.605958011467,200,
1782388118.722678,1782388118.968886,246.2904999847524,200,
1782388118.721759,1782388118.969706,248.0309170205146,200,
1782388118.718539,1782388118.97078,252.3257089778781,200,
1782388118.7179918,1782388118.9735959,255.6899589835666,200,
1782388118.720738,1782388118.979987,259.3352079857141,200,
1782388118.722212,1782388119.00806,285.94387497287244,200,
1782388118.72398,1782388119.018083,294.202083023265,200,
1782388118.723108,1782388119.019667,296.65854200720787,200,
1782388118.724478,1782388119.027394,303.0186250107363,200,
1782388119.716927,1782388119.84086,123.97145800059661,200,
1782388119.717839,1782388119.9745212,256.76333403680474,200,
1782388119.719729,1782388119.9934762,273.83237500907853,200,
1782388119.725006,1782388120.0071318,282.2150830179453,200,
1782388119.723422,1782388120.026699,303.3725419663824,200,
1782388119.718557,1782388120.028909,310.4496250161901,200,
1782388119.720586,1782388120.055551,335.0699589936994,200,
1782388119.726476,1782388120.0693781,343.0081669939682,200,
1782388119.723985,1782388120.09711,373.24300000909716,200,
1782388119.7221289,1782388120.098735,376.72400003066286,200,
1782388119.7256892,1782388120.113323,387.75554101448506,200,
1782388119.7227929,1782388120.1143491,391.6788750211708,200,
1782388119.7191622,1782388120.1202838,401.24874998582527,200,
1782388119.724496,1782388120.134697,410.32995900604874,200,
1782388119.721251,1782388120.135424,414.3030419945717,200,
1782388120.719302,1782388120.8460648,126.80012499913573,200,
1782388120.721003,1782388120.848379,127.41474999347702,200,
1782388120.717909,1782388120.910207,192.35387502703816,200,
1782388120.7237608,1782388120.964288,240.5979169998318,200,
1782388120.724183,1782388120.964488,240.37625000346452,200,
1782388120.7199512,1782388120.998276,278.40641600778326,200,
1782388120.720515,1782388120.998764,278.33158301655203,200,
1782388120.726292,1782388121.000478,274.26587499212474,200,
1782388120.7231932,1782388121.001229,278.1191670219414,200,
1782388120.724622,1782388121.002531,277.9897910077125,200,
1782388120.721581,1782388121.005315,283.8176670484245,200,
1782388120.722782,1782388121.006124,283.4252910106443,200,
1782388120.725041,1782388121.014786,289.8312080069445,200,
1782388120.722123,1782388121.015213,293.17654197802767,200,
1782388120.7255218,1782388121.020023,294.5888749673031,200,
1782388121.720883,1782388121.808656,87.79766602674499,200,
1782388121.7221131,1782388121.895662,173.59595897141844,200,
1782388121.722892,1782388122.03138,308.57374996412545,200,
1782388121.7246761,1782388122.07055,345.9694160264917,200,
1782388121.720423,1782388122.077163,356.8381250370294,200,
1782388121.718689,1782388122.103581,384.99983301153407,200,
1782388121.719448,1782388122.112428,393.08937499299645,200,
1782388121.725027,1782388122.121592,396.67425001971424,200,
1782388121.721309,1782388122.153269,432.0806250325404,200,
1782388121.723277,1782388122.160028,436.87083304394037,200,
1782388121.719903,1782388122.160651,440.8703339868225,200,
1782388121.7236722,1782388122.172516,448.96895898273215,200,
1782388121.724216,1782388122.181605,457.5160829699598,200,
1782388121.722516,1782388122.182814,460.425958968699,200,
1782388121.721726,1782388122.186072,464.4756250199862,200,
1782388122.719551,1782388122.811827,92.30000001844019,200,
1782388122.720455,1782388122.853744,133.32299998728558,200,
1782388122.7236888,1782388122.879364,155.71525000268593,200,
1782388122.721916,1782388122.883886,162.0117500424385,200,
1782388122.722564,1782388122.897998,175.47958297654986,200,
1782388122.724407,1782388122.906003,181.64349999278784,200,
1782388122.72491,1782388122.917536,192.67641700571403,200,
1782388122.726319,1782388122.9189708,192.70141597371548,200,
1782388122.725777,1782388122.921001,195.27475000359118,200,
1782388122.72687,1782388122.921767,194.94791701436043,200,
1782388122.725353,1782388122.922257,196.9558330019936,200,
1782388122.727339,1782388122.9314718,204.1859999881126,200,
1782388122.723187,1782388122.933253,210.12116700876504,200,
1782388122.727852,1782388122.93451,206.7120830179192,200,
1782388122.721241,1782388122.950092,228.9107499527745,200,
1782388123.721139,1782388123.8142889,93.1716249906458,200,
1782388123.722414,1782388123.839395,117.00887500774115,200,
1782388123.7233112,1782388123.88898,165.7088749925606,200,
1782388123.720395,1782388123.901375,181.02333397837356,200,
1782388123.72462,1782388123.918738,194.16387501405552,200,
1782388123.7242172,1782388123.927047,202.87874998757616,200,
1782388123.725058,1782388123.9294028,204.39466601237655,200,
1782388123.726539,1782388123.9437492,217.26300002774224,200,
1782388123.7260559,1782388123.9446862,218.68404204724357,200,
1782388123.721588,1782388123.945399,223.86641695629805,200,
1782388123.725516,1782388123.945987,220.52591596730053,200,
1782388123.723798,1782388123.954325,230.58283398859203,200,
1782388123.722003,1782388123.964962,243.0189999868162,200,
1782388123.726958,1782388123.974019,247.1208749921061,200,
1782388123.722832,1782388123.9988039,276.03929198812693,200,
1782388124.721375,1782388124.837861,116.51274998439476,200,
1782388124.722503,1782388124.838103,115.62691704602912,200,
1782388124.72052,1782388124.857136,136.64737500948831,200,
1782388124.7258759,1782388124.893617,167.77850000653416,200,
1782388124.72667,1782388124.902453,175.82233296707273,200,
1782388124.7254221,1782388124.933989,208.61341699492186,200,
1782388124.722077,1782388124.945143,223.11808296944946,200,
1782388124.723619,1782388124.9459698,222.4018750130199,200,
1782388124.7249348,1782388124.9463758,221.49208298651502,200,
1782388124.724163,1782388124.947058,222.94658300234005,200,
1782388124.7262888,1782388124.949606,223.36912498576567,200,
1782388124.722832,1782388124.950242,227.46345802443102,200,
1782388124.7217631,1782388124.955164,233.45408297609538,200,
1782388124.723149,1782388124.955749,232.65383299440145,200,
1782388124.724554,1782388124.957074,232.5733750476502,200,
1782388125.7234309,1782388125.794923,71.50670798728243,200,
1782388125.721697,1782388125.823887,102.21112496219575,200,
1782388125.720911,1782388125.843947,123.06204199558124,200,
1782388125.723028,1782388125.890982,167.99029195681214,200,
1782388125.722223,1782388125.9078588,185.67458301549777,200,
1782388125.727666,1782388125.919116,191.49037502938882,200,
1782388125.724384,1782388125.9225678,198.22629203554243,200,
1782388125.726756,1782388125.9237142,196.9996250118129,200,
1782388125.7272599,1782388125.926087,198.86974996188655,200,
1782388125.728642,1782388125.92741,198.81079194601625,200,
1782388125.724952,1782388125.931715,206.80720801465213,200,
1782388125.7282372,1782388125.932471,204.27829102845863,200,
1782388125.7256162,1782388125.9418728,216.30266698775813,200,
1782388125.723855,1782388125.9500558,226.25025000888854,200,
1782388125.726271,1782388125.959371,233.15095796715468,200,
1782388126.721237,1782388126.7778392,56.613875029142946,200,
1782388126.7224782,1782388126.8537972,131.34500000160187,200,
1782388126.726397,1782388126.8584461,132.07425002474338,200,
1782388126.724301,1782388126.923785,199.52266704058275,200,
1782388126.727905,1782388126.97982,251.96458300342783,200,
1782388126.728875,1782388126.9914281,262.604666990228,200,
1782388126.730405,1782388126.997895,267.54287496441975,200,
1782388126.729959,1782388127.012757,282.85395802231506,200,
1782388126.723239,1782388127.0134132,290.2327920310199,200,
1782388126.72715,1782388127.020159,293.0669159977697,200,
1782388126.729412,1782388127.051162,321.81474997196347,200,
1782388126.730794,1782388127.064159,333.4315000101924,200,
1782388126.7284229,1782388127.066407,338.05174997542053,200,
1782388126.7250319,1782388127.0986419,373.6852909787558,200,
1782388126.725811,1782388127.103742,378.00725002307445,200,
1782388127.721453,1782388127.903702,182.2826670249924,200,
1782388127.724573,1782388127.923597,199.06041695503518,200,
1782388127.729513,1782388127.958176,228.7058750516735,200,
1782388127.7342532,1782388128.207704,473.5392910079099,200,
1782388127.7395258,1782388128.236852,497.41858296329156,200,
1782388127.73121,1782388128.2381592,507.04424997093156,200,
1782388127.730366,1782388128.244056,513.7532919761725,200,
1782388127.7285252,1782388128.2448452,516.4181249565445,200,
1782388127.7267652,1782388128.262816,536.1519170110114,200,
1782388127.732028,1782388128.2700999,538.1732080131769,200,
1782388127.732935,1782388128.3268049,593.9816249883734,200,
1782388127.73556,1782388128.328118,592.6696250098757,200,
1782388127.7369149,1782388128.3370721,600.2708750311285,200,
1782388127.738549,1782388128.34472,606.2851249589585,200,
1782388127.737931,1782388128.365807,627.9950420139357,200,
1782388128.725101,1782388128.8588312,133.75316699966788,200,
1782388128.723558,1782388128.9658098,242.29370802640915,200,
1782388128.724036,1782388128.977661,253.66941600805148,200,
1782388128.72682,1782388128.9881349,261.3613750436343,200,
1782388128.728958,1782388128.9890602,260.14883298194036,200,
1782388128.7224991,1782388129.00811,285.66183301154524,200,
1782388128.72457,1782388129.024276,299.75804197601974,200,
1782388128.7281091,1782388129.031669,303.6139580071904,200,
1782388128.7276669,1782388129.033655,306.0416670050472,200,
1782388128.7263439,1782388129.03474,308.4506669547409,200,
1782388128.725968,1782388129.0351732,309.25983301131055,200,
1782388128.7285519,1782388129.036296,307.7953750034794,200,
1782388128.725552,1782388129.055208,329.7136669862084,200,
1782388128.727206,1782388129.056073,328.92537501174957,200,
1782388128.729321,1782388129.056844,327.58224999997765,200,
1782388129.725879,1782388129.9994922,273.6572079593316,200,
1782388129.727405,1782388130.043623,316.27037504222244,200,
1782388129.728957,1782388130.0472882,318.3838750119321,200,
1782388129.73167,1782388130.0609689,329.3521669693291,200,
1782388129.740125,1782388130.0849128,344.84562498982996,200,
1782388129.737311,1782388130.0953228,358.0709170200862,200,
1782388129.722871,1782388130.110847,388.03916599135846,200,
1782388129.7389288,1782388130.118996,380.1293330034241,200,
1782388129.735042,1782388130.121245,386.26658299472183,200,
1782388129.733829,1782388130.1236238,389.86058405134827,200,
1782388129.741482,1782388130.133614,392.1971669769846,200,
1782388129.724871,1782388130.143342,418.5397500405088,200,
1782388129.7307122,1782388130.1544042,423.7617080216296,200,
1782388129.736,1782388130.161997,426.0670840158127,200,
1782388129.732746,1782388130.174311,441.6374579886906,200,
1782388130.723705,1782388130.837734,114.04650000622496,200,
1782388130.724633,1782388130.903381,178.7747500347905,200,
1782388130.726264,1782388130.907541,181.30449997261167,200,
1782388130.725693,1782388130.908865,183.2004999741912,200,
1782388130.7271922,1782388130.931374,204.21362505294383,200,
1782388130.7298958,1782388130.933462,203.5975829930976,200,
1782388130.7277179,1782388130.9363892,208.7032919516787,200,
1782388130.7285278,1782388130.9518678,223.37416600203142,200,
1782388130.7289789,1782388130.972502,243.56049997732043,200,
1782388130.730348,1782388130.986763,256.454374990426,200,
1782388130.729473,1782388130.9918778,262.44625000981614,200,
1782388130.726748,1782388130.995399,268.6924579902552,200,
1782388130.725131,1782388131.001476,276.3885000022128,200,
1782388130.730863,1782388131.0148952,284.07550003612414,200,
1782388130.728124,1782388131.017956,289.87745800986886,200,
1782388131.723936,1782388131.9433181,219.41395901376382,200,
1782388131.7254558,1782388131.966301,240.8800830016844,200,
1782388131.731215,1782388132.084337,353.1739999889396,200,
1782388131.7269828,1782388132.130354,403.4293749718927,200,
1782388131.72995,1782388132.154258,424.37016702024266,200,
1782388131.7324202,1782388132.166386,434.027666982729,200,
1782388131.727797,1782388132.168253,440.5197919695638,200,
1782388131.7327979,1782388132.170683,437.94954201439396,200,
1782388131.728509,1782388132.172331,443.8859590445645,200,
1782388131.733394,1782388132.1736882,440.35808404441923,200,
1782388131.730627,1782388132.174366,443.80420801462606,200,
1782388131.7292428,1782388132.177978,448.8011250505224,200,
1782388131.731786,1782388132.187041,455.32183296745643,200,
1782388131.7262368,1782388132.200663,474.4956250069663,200,
1782388131.73386,1782388132.2157052,481.9152910495177,200,
1782388132.725683,1782388132.829299,103.6294589866884,200,
1782388132.728192,1782388132.883231,155.06029198877513,200,
1782388132.724885,1782388132.9009762,176.11491604475304,200,
1782388132.729849,1782388132.9381042,208.2818750059232,200,
1782388132.7277792,1782388132.959098,231.3496670103632,200,
1782388132.72658,1782388132.962556,236.0072910087183,200,
1782388132.728599,1782388132.967829,239.26212498918176,200,
1782388132.726156,1782388132.9691432,243.0202080286108,200,
1782388132.726984,1782388132.975266,248.31541598541662,200,
1782388132.730666,1782388132.978234,247.60250002145767,200,
1782388132.7273889,1782388132.98015,252.79162498191,200,
1782388132.7310688,1782388132.987156,256.12183299381286,200,
1782388132.7290182,1782388132.9882638,259.2822499573231,200,
1782388132.729438,1782388132.9919481,262.5459999544546,200,
1782388132.7302651,1782388132.9946508,264.42254200810567,200,
1782388133.7271302,1782388133.81305,85.93091601505876,200,
1782388133.726093,1782388133.8298519,103.77120797056705,200,
1782388133.730939,1782388133.9358342,204.92033299524337,200,
1782388133.728255,1782388133.950998,222.7704169927165,200,
1782388133.730326,1782388133.9572768,226.9797080080025,200,
1782388133.7332768,1782388133.9696121,236.364540993236,200,
1782388133.733747,1782388133.974164,240.4473329661414,200,
1782388133.7323918,1782388133.9779,245.5384160275571,200,
1782388133.728723,1782388133.981536,252.84470798214898,200,
1782388133.729633,1782388133.9972868,267.68725004512817,200,
1782388133.731485,1782388134.000962,269.51087499037385,200,
1782388133.7291799,1782388134.030165,301.02312500821427,200,
1782388133.732796,1782388134.0308301,298.07237500790507,200,
1782388133.731949,1782388134.035119,303.20966604631394,200,
1782388133.7277288,1782388134.0409112,313.2229170296341,200,
1782388134.726709,1782388134.851478,124.78374998318031,200,
1782388134.727345,1782388134.877398,150.07083298405632,200,
1782388134.7283578,1782388134.9491148,220.7817499875091,200,
1782388134.729095,1782388134.965991,236.9248329778202,200,
1782388134.729814,1782388134.96692,237.13433399097994,200,
1782388134.732193,1782388134.971981,239.81679102871567,200,
1782388134.728739,1782388134.978663,249.9537910334766,200,
1782388134.7278998,1782388134.979212,251.34183297632262,200,
1782388134.729472,1782388134.9821088,252.66729097347707,200,
1782388134.7316391,1782388134.984701,253.09287500567734,200,
1782388134.731214,1782388134.985568,254.38479200238362,200,
1782388134.730805,1782388135.0094981,278.7257500458509,200,
1782388134.730299,1782388135.019745,289.4808749551885,200,
1782388134.733331,1782388135.020664,287.368375051301,200,
1782388134.732728,1782388135.0296829,296.99204198550433,200,
1782388135.72754,1782388135.8632379,135.71320800110698,200,
1782388135.733778,1782388135.8689091,135.14475000556558,200,
1782388135.728687,1782388135.874093,145.42233297834173,200,
1782388135.737887,1782388135.938161,200.29533398337662,200,
1782388135.7352479,1782388135.9438221,208.59679102431983,200,
1782388135.729273,1782388135.945545,216.297333012335,200,
1782388135.731808,1782388135.9478211,216.0370000055991,200,
1782388135.7329211,1782388135.9597702,226.87370801577345,200,
1782388135.7303638,1782388135.976105,245.76804204843938,200,
1782388135.731324,1782388135.978486,247.1895000198856,200,
1782388135.73452,1782388136.001865,267.37533399136737,200,
1782388135.73238,1782388136.0034811,271.13087504403666,200,
1782388135.730861,1782388136.020528,289.69983401475474,200,
1782388135.736392,1782388136.0217211,285.36166704725474,200,
1782388135.7371268,1782388136.02948,292.38649999024346,200,
1782388136.730659,1782388136.829094,98.44470798270777,200,
1782388136.729249,1782388136.83334,104.10104104084894,200,
1782388136.7285068,1782388136.850357,121.86216696863994,200,
1782388136.734841,1782388136.922197,187.37445800798014,200,
1782388136.729748,1782388136.9311879,201.46062498679385,200,
1782388136.7301629,1782388136.93761,207.46879099169746,200,
1782388136.732144,1782388136.94437,212.2478749952279,200,
1782388136.7326012,1782388136.96799,235.41341698728502,200,
1782388136.7344499,1782388136.9765272,242.10183299146593,200,
1782388136.731616,1782388136.989196,257.60637497296557,200,
1782388136.731103,1782388136.992928,261.8508340092376,200,
1782388136.7352262,1782388137.013497,278.30000000540167,200,
1782388136.73355,1782388137.017926,284.40624999348074,200,
1782388136.733057,1782388137.021323,288.29754202160984,200,
1782388136.734022,1782388137.026567,292.5767920096405,200,
1782388137.729524,1782388137.818816,89.29908298887312,200,
1782388137.731663,1782388137.838303,106.65020899614319,200,
1782388137.731224,1782388137.904785,173.57650003395975,200,
1782388137.732658,1782388137.912172,179.53074997058138,200,
1782388137.733227,1782388137.916912,183.70325001887977,200,
1782388137.730747,1782388137.932905,202.1774579770863,200,
1782388137.734167,1782388137.940108,205.9615830075927,200,
1782388137.730272,1782388137.967335,237.08524997346103,200,
1782388137.73504,1782388137.970973,235.9559170436114,200,
1782388137.733713,1782388137.972667,238.9767090207897,200,
1782388137.735462,1782388137.9740002,238.56150003848597,200,
1782388137.7321432,1782388138.015591,283.4755419753492,200,
1782388137.7362702,1782388138.019757,283.51462504360825,200,
1782388137.7358668,1782388138.020781,284.94295896962285,200,
1782388137.7346072,1782388138.023253,288.6754170176573,200,
1782388138.731709,1782388138.823612,91.90970897907391,200,
1782388138.7307992,1782388138.903106,172.32079204404727,200,
1782388138.734765,1782388138.917773,183.02437494276091,200,
1782388138.733325,1782388138.951597,218.29237503698096,200,
1782388138.7343192,1782388138.964391,230.09254201315343,200,
1782388138.737115,1782388138.9689631,231.86887498013675,200,
1782388138.7328901,1782388138.978751,245.88262499310076,200,
1782388138.7356632,1782388138.982549,246.90845800796524,200,
1782388138.737938,1782388138.9831092,245.19437499111518,200,
1782388138.7351491,1782388138.989889,254.76400001207367,200,
1782388138.73751,1782388138.992328,254.84220799989998,200,
1782388138.733813,1782388139.0107992,277.01162500306964,200,
1782388138.7366662,1782388139.018267,281.62658301880583,200,
1782388138.732408,1782388139.022461,290.0800000061281,200,
1782388138.736212,1782388139.031463,295.2787919784896,200,
1782388139.731812,1782388139.818186,86.3811660092324,200,
1782388139.7342238,1782388139.8289459,94.7284169960767,200,
1782388139.733761,1782388139.852025,118.27375000575557,200,
1782388139.738755,1782388139.864985,126.23966700630262,200,
1782388139.7368,1782388139.9270048,190.21987495943904,200,
1782388139.7331789,1782388139.941216,208.053459005896,200,
1782388139.735842,1782388139.953509,217.68479200545698,200,
1782388139.732631,1782388139.957417,224.80574995279312,200,
1782388139.736309,1782388139.958431,222.14141697622836,200,
1782388139.7377238,1782388139.959813,222.10870898561552,200,
1782388139.73526,1782388139.968535,233.2937920000404,200,
1782388139.734714,1782388139.986937,252.24508403334767,200,
1782388139.737281,1782388139.9880168,250.7575000054203,200,
1782388139.7391849,1782388139.9979498,258.7879589991644,200,
1782388139.73826,1782388139.998264,260.028249991592,200,
1782388140.732859,1782388140.811146,78.29170802142471,200,
1782388140.735204,1782388140.8491452,113.94929199013859,200,
1782388140.737045,1782388140.911752,174.72149996319786,200,
1782388140.7356842,1782388140.922539,186.87029200373217,200,
1782388140.738988,1782388140.9230878,184.11579198436812,200,
1782388140.7342489,1782388140.932417,198.18374997703359,200,
1782388140.739419,1782388140.9455612,206.15866599837318,200,
1782388140.7375958,1782388140.9464371,208.85729196015745,200,
1782388140.736618,1782388140.951531,214.9312500259839,200,
1782388140.7361422,1782388140.952878,216.75387502182275,200,
1782388140.73473,1782388140.962734,228.02179103018716,200,
1782388140.738107,1782388140.9684339,230.34470796119422,200,
1782388140.73985,1782388140.976465,236.6339170257561,200,
1782388140.733719,1782388140.98074,247.0415830030106,200,
1782388140.7385752,1782388140.9884632,249.90833399351686,200,
1782388141.735969,1782388141.841438,105.47650000080466,200,
1782388141.7346199,1782388141.940293,205.68904100218788,200,
1782388141.737256,1782388142.000921,263.68425000691786,200,
1782388141.7394629,1782388142.0148978,275.45549999922514,200,
1782388141.738223,1782388142.0590441,320.8452499820851,200,
1782388141.735546,1782388142.067185,331.66358299786225,200,
1782388141.7364118,1782388142.068919,332.5332079548389,200,
1782388141.735103,1782388142.086661,351.58420796506107,200,
1782388141.7387369,1782388142.087222,348.51087495917454,200,
1782388141.733876,1782388142.097229,363.3804999990389,200,
1782388141.737685,1782388142.1122901,374.63291600579396,200,
1782388141.7405791,1782388142.115324,374.7738749952987,200,
1782388141.741069,1782388142.121741,380.7014580233954,200,
1782388141.7368279,1782388142.125406,388.60866596223786,200,
1782388141.740027,1782388142.1270819,387.085540976841,200,
1782388142.734978,1782388142.800582,65.60708401957527,200,
1782388142.735831,1782388142.873122,137.29937496827915,200,
1782388142.737178,1782388142.8898702,152.70299999974668,200,
1782388142.738569,1782388142.913258,174.70041604246944,200,
1782388142.740897,1782388142.936481,195.59737498639151,200,
1782388142.737537,1782388142.9589791,221.45762504078448,200,
1782388142.739163,1782388143.020963,281.81987500283867,200,
1782388142.740479,1782388143.0454998,305.04287499934435,200,
1782388142.738157,1782388143.047013,308.8778330129571,200,
1782388142.740101,1782388143.051001,310.9224169747904,200,
1782388142.741249,1782388143.0527601,311.53325003106147,200,
1782388142.739649,1782388143.054264,314.6378329838626,200,
1782388142.736777,1782388143.056748,319.9944589869119,200,
1782388142.736301,1782388143.0666082,330.33166598761454,200,
1782388142.7417622,1782388143.067483,325.74583298992366,200,
1782388143.736181,1782388143.816334,80.15758299734443,200,
1782388143.740994,1782388143.8278599,86.87029202701524,200,
1782388143.7371871,1782388143.854676,117.49641702044755,200,
1782388143.737935,1782388143.916012,178.0879579600878,200,
1782388143.740303,1782388143.917485,177.19408398261294,200,
1782388143.742826,1782388143.9249122,182.0987499668263,200,
1782388143.7422678,1782388143.933799,191.54329202137887,200,
1782388143.7392168,1782388143.937901,198.69612500770018,200,
1782388143.744965,1782388143.95712,212.16829196782783,200,
1782388143.738601,1782388143.965088,226.50199994677678,200,
1782388143.739717,1782388143.967676,227.97483298927546,200,
1782388143.74175,1782388143.973257,231.52237496105954,200,
1782388143.74335,1782388143.974408,231.07445798814297,200,
1782388143.743859,1782388143.990846,247.00375000247732,200,
1782388143.7443662,1782388144.039335,294.98904198408127,200,
1782388144.737065,1782388144.876301,139.24354198388755,200,
1782388144.738104,1782388144.907883,169.78908400051296,200,
1782388144.740478,1782388144.9916291,251.1659160372801,200,
1782388144.742336,1782388145.0442922,301.97525001131,200,
1782388144.743239,1782388145.1743731,431.16233398905024,200,
1782388144.744815,1782388145.176416,431.62870802916586,200,
1782388144.744301,1782388145.233406,489.13708300096914,200,
1782388144.743847,1782388145.249056,505.24145900271833,200,
1782388144.738862,1782388145.283239,544.4119579624385,200,
1782388144.746399,1782388145.289289,542.9249169537798,200,
1782388144.739629,1782388145.290711,551.1174999992363,200,
1782388144.745897,1782388145.3211038,575.2448749844916,200,
1782388144.7411551,1782388145.3312252,590.1081660413183,200,
1782388144.745395,1782388145.332204,586.8471659487113,200,
1782388144.741777,1782388145.336595,594.8578749666922,200,
1782388145.738231,1782388145.8785028,140.28041705023497,200,
1782388145.741007,1782388146.01902,278.0280839651823,200,
1782388145.737205,1782388146.035201,298.01437503192574,200,
1782388145.742229,1782388146.060548,318.33691702922806,200,
1782388145.739806,1782388146.0629382,323.1305420049466,200,
1782388145.7388842,1782388146.0647628,325.8986250148155,200,
1782388145.739369,1782388146.0653179,325.96900005592033,200,
1782388145.7435808,1782388146.072007,328.445625025779,200,
1782388145.740611,1782388146.075367,334.77583300555125,200,
1782388145.744813,1782388146.0765262,331.7327920231037,200,
1782388145.741438,1782388146.0771992,335.7819590019062,200,
1782388145.740254,1782388146.079336,339.1027920297347,200,
1782388145.742785,1782388146.084186,341.42166696256027,200,
1782388145.7418308,1782388146.086828,345.0181250227615,200,
1782388145.744092,1782388146.093007,348.9357910002582,200,
1782388146.7415838,1782388146.9020538,160.45683401171118,200,
1782388146.7384808,1782388146.919416,180.94495800323784,200,
1782388146.743477,1782388147.006451,262.9866250208579,200,
1782388146.744805,1782388147.027616,282.82687498722225,200,
1782388146.747663,1782388147.03885,291.2037500063889,200,
1782388146.744428,1782388147.0515919,307.1805409854278,200,
1782388146.747145,1782388147.079618,332.4919170117937,200,
1782388146.746637,1782388147.101978,355.3615830023773,200,
1782388146.743988,1782388147.105288,361.321082978975,200,
1782388146.7481852,1782388147.118176,370.0127500342205,200,
1782388146.7451909,1782388147.142564,397.39487500628456,200,
1782388146.742433,1782388147.168295,425.88558298302814,200,
1782388146.74559,1782388147.17184,426.27495899796486,200,
1782388146.742972,1782388147.187891,444.94391698390245,200,
1782388146.7460768,1782388147.223159,477.1094999741763,200,
1782388147.739845,1782388147.928129,188.29408299643546,200,
1782388147.7413208,1782388148.0545778,313.27366695040837,200,
1782388147.738904,1782388148.055754,316.86679198173806,200,
1782388147.745871,1782388148.086339,340.4862500028685,200,
1782388147.7454479,1782388148.086866,341.4364169584587,200,
1782388147.744705,1782388148.095228,350.54104099981487,200,
1782388147.740475,1782388148.1019142,361.4591250079684,200,
1782388147.743347,1782388148.102539,359.2111250036396,200,
1782388147.746312,1782388148.104439,358.14670799300075,200,
1782388147.744231,1782388148.1145442,370.33379200147465,200,
1782388147.742938,1782388148.115595,372.67662497470155,200,
1782388147.742388,1782388148.117098,374.7297499794513,200,
1782388147.7450619,1782388148.118004,372.96324997441843,200,
1782388147.7438028,1782388148.124809,381.0272089904174,200,
1782388147.741902,1782388148.131069,389.1881660092622,200,
1782388148.7421591,1782388148.961621,219.47191696381196,200,
1782388148.745412,1782388149.001745,256.34416699176654,200,
1782388148.740417,1782388149.021214,280.81012499751523,200,
1782388148.746613,1782388149.175371,428.77879104344174,200,
1782388148.746104,1782388149.179106,433.023041987326,200,
1782388148.7472708,1782388149.208919,461.67200000490993,200,
1782388148.7525718,1782388149.209993,457.44312496390194,200,
1782388148.744214,1782388149.242892,498.7021670094691,200,
1782388148.751117,1782388149.243795,492.7025840152055,200,
1782388148.7496052,1782388149.245072,495.4914579866454,200,
1782388148.7531662,1782388149.2473059,494.1635839641094,200,
1782388148.742992,1782388149.272516,529.5513749588281,200,
1782388148.751948,1782388149.278039,526.117583969608,200,
1782388148.7538419,1782388149.293535,539.7193329990841,200,
1782388148.74804,1782388149.312663,564.6524160401896,200,
1782388149.74291,1782388149.938726,195.8238750230521,200,
1782388149.741625,1782388150.06124,319.6263340068981,200,
1782388149.747305,1782388150.12583,378.5433750017546,200,
1782388149.746259,1782388150.143896,397.65583304688334,200,
1782388149.749195,1782388150.1605492,411.3720830064267,200,
1782388149.743861,1782388150.1645062,420.66458298359066,200,
1782388149.748727,1782388150.16825,419.5423750206828,200,
1782388149.746777,1782388150.179698,432.9407080076635,200,
1782388149.745139,1782388150.186782,441.66370801394805,200,
1782388149.7456472,1782388150.190219,444.5927499909885,200,
1782388149.7478368,1782388150.225245,477.4301669676788,200,
1782388149.748343,1782388150.2321768,483.85675001190975,200,
1782388149.744768,1782388150.266877,522.1334579982795,200,
1782388149.744322,1782388150.274196,529.8975830082782,200,
1782388149.743456,1782388150.2847302,541.2996669765562,200,
1782388150.753668,1782388150.915276,161.61254100734368,200,
1782388150.746486,1782388150.9255948,179.1161249857396,200,
1782388150.743501,1782388150.979402,235.90974998660386,200,
1782388150.7493272,1782388151.022691,273.37566699134186,200,
1782388150.754486,1782388151.05232,297.8463750332594,200,
1782388150.7486222,1782388151.069159,320.55179099552333,200,
1782388150.750677,1782388151.0908852,340.2228329796344,200,
1782388150.752737,1782388151.093036,340.314999979455,200,
1782388150.747179,1782388151.097866,350.70087504573166,200,
1782388150.755127,1782388151.111701,356.5903329872526,200,
1782388150.750036,1782388151.11457,364.550500002224,200,
1782388150.747884,1782388151.117753,369.88554202253,200,
1782388150.7557619,1782388151.120159,364.4132919725962,200,
1782388150.752021,1782388151.139903,387.8989160293713,200,
1782388150.751324,1782388151.148473,397.1672499901615,200,
1782388151.74854,1782388151.9282932,179.7595419920981,200,
1782388151.745533,1782388151.932338,186.81241699960083,200,
1782388151.7512279,1782388151.939174,187.9526250413619,200,
1782388151.748022,1782388152.106655,358.64879202563316,200,
1782388151.7475688,1782388152.1146328,367.07883299095556,200,
1782388151.746499,1782388152.119251,372.7667919592932,200,
1782388151.7489889,1782388152.17358,424.60862500593066,200,
1782388151.7460392,1782388152.180974,434.9525000434369,200,
1782388151.74964,1782388152.216251,466.6304169804789,200,
1782388151.751658,1782388152.233878,482.2401250130497,200,
1782388151.75027,1782388152.236011,485.7619170215912,200,
1782388151.7470489,1782388152.239243,492.2151249484159,200,
1782388151.750777,1782388152.2404711,489.7152080084197,200,
1782388151.7521951,1782388152.244277,492.1031660051085,200,
1782388151.7443461,1782388152.246382,502.05841701244935,200,
1782388152.745434,1782388152.835265,89.83245899435133,200,
1782388152.750433,1782388152.8684921,118.06262499885634,200,
1782388152.746465,1782388152.88224,135.77933300985023,200,
1782388152.748724,1782388152.898486,149.7664999915287,200,
1782388152.753746,1782388152.919317,165.57691700290889,200,
1782388152.749936,1782388152.9331899,183.25958302011713,200,
1782388152.754241,1782388152.9341729,179.9388329964131,200,
1782388152.753082,1782388152.935764,182.68783303210512,200,
1782388152.752096,1782388152.94199,189.90137497894466,200,
1782388152.747355,1782388152.9668648,219.51700001955032,200,
1782388152.751584,1782388152.978299,226.72391700325534,200,
1782388152.748132,1782388152.980383,232.25962498690933,200,
1782388152.749393,1782388152.991201,241.81733396835625,200,
1782388152.7509801,1782388152.991776,240.80574995605275,200,
1782388152.7526348,1782388152.9964008,243.77587501658127,200,
1782388153.748971,1782388153.8284218,79.45287501206622,200,
1782388153.746469,1782388153.841851,95.38512502331287,200,
1782388153.7473228,1782388153.905971,158.65195903461426,200,
1782388153.7528808,1782388153.918619,165.742915996816,200,
1782388153.750449,1782388153.9356291,185.1866250508465,200,
1782388153.752417,1782388153.947168,194.7583329747431,200,
1782388153.7513669,1782388153.947957,196.59712503198534,200,
1782388153.7518988,1782388153.94902,197.12800002889708,200,
1782388153.749461,1782388153.9508932,201.43841701792553,200,
1782388153.7499762,1782388153.9515011,201.53254200704396,200,
1782388153.753852,1782388153.958029,204.1841660393402,200,
1782388153.750907,1782388153.969126,218.22645899374038,200,
1782388153.747898,1782388153.96991,222.0207920181565,200,
1782388153.74845,1782388153.970746,222.30491699883714,200,
1782388153.7533739,1782388153.971377,218.0113330250606,200,
1782388154.7482162,1782388154.821719,73.50383297307417,200,
1782388154.7475278,1782388154.8305779,83.05204199859872,200,
1782388154.749886,1782388154.882085,132.20208400161937,200,
1782388154.750755,1782388154.9079108,157.16000000247732,200,
1782388154.7513332,1782388154.913366,162.03691699774936,200,
1782388154.7536871,1782388154.917645,163.96391700254753,200,
1782388154.7527192,1782388154.931304,178.59004199272022,200,
1782388154.748877,1782388154.933532,184.65979100437835,200,
1782388154.7548501,1782388154.965683,210.8386670006439,200,
1782388154.754245,1782388154.983563,229.3239159625955,200,
1782388154.752226,1782388154.991094,238.87458303943276,200,
1782388154.7503529,1782388154.997567,247.22287501208484,200,
1782388154.753197,1782388154.998472,245.28295901836827,200,
1782388154.749365,1782388155.002456,253.1001249444671,200,
1782388154.7517672,1782388155.0065658,254.8079160042107,200,
1782388155.749495,1782388155.818559,69.06483403872699,200,
1782388155.751006,1782388155.832221,81.21612499235198,200,
1782388155.752439,1782388155.854988,102.5508749880828,200,
1782388155.748609,1782388155.874912,126.30529201123863,200,
1782388155.755819,1782388155.8849401,129.12445899564773,200,
1782388155.753422,1782388155.923414,169.99625001335517,200,
1782388155.75393,1782388155.9274828,173.55458298698068,200,
1782388155.75634,1782388155.929267,172.9302920284681,200,
1782388155.751521,1782388155.931807,180.2904999931343,200,
1782388155.750496,1782388155.938545,188.05541697656736,200,
1782388155.754409,1782388155.948682,194.27891698433086,200,
1782388155.751965,1782388155.9490838,197.1257499535568,200,
1782388155.752906,1782388155.951351,198.4513340285048,200,
1782388155.7548742,1782388155.9626381,207.77079096296802,200,
1782388155.750015,1782388155.9702961,220.28795798541978,200,
1782388156.749699,1782388156.818489,68.79070802824572,200,
1782388156.750489,1782388156.8422341,91.74604096915573,200,
1782388156.7531462,1782388156.897857,144.7143749683164,200,
1782388156.753758,1782388156.908837,155.0821250420995,200,
1782388156.751816,1782388156.9264362,174.62495795916766,200,
1782388156.754682,1782388156.9289012,174.22362504294142,200,
1782388156.754263,1782388156.931882,177.62333300197497,200,
1782388156.756244,1782388156.942705,186.46575004095212,200,
1782388156.752234,1782388156.9437592,191.53191696386784,200,
1782388156.755745,1782388156.9459321,190.19270804710686,200,
1782388156.756733,1782388156.946951,190.2242919895798,200,
1782388156.751382,1782388156.948202,196.8261250294745,200,
1782388156.752636,1782388156.95313,200.49995795125142,200,
1782388156.755224,1782388156.959328,204.1095410240814,200,
1782388156.750963,1782388156.959584,208.6277920170687,200,
1782388157.750782,1782388157.828177,77.39520905306563,200,
1782388157.7531111,1782388157.863062,109.9534590030089,200,
1782388157.752521,1782388157.8889651,136.4468329702504,200,
1782388157.756562,1782388157.984831,228.27454202342778,200,
1782388157.75549,1782388158.010116,254.632624972146,200,
1782388157.751541,1782388158.019271,267.7356250351295,200,
1782388157.753505,1782388158.02922,275.7229590206407,200,
1782388157.7539258,1782388158.030347,276.4294999651611,200,
1782388157.755152,1782388158.031609,276.4645830029622,200,
1782388157.755857,1782388158.0336928,277.8438749955967,200,
1782388157.756963,1782388158.034807,277.8514590463601,200,
1782388157.752098,1782388158.03901,286.9190840283409,200,
1782388157.754535,1782388158.042829,288.3016249979846,200,
1782388157.756245,1782388158.0552351,298.9994580275379,200,
1782388157.757377,1782388158.064301,306.93258403334767,200,
1782388158.7521338,1782388158.858735,106.60358297172934,200,
1782388158.758362,1782388158.885189,126.83008302701637,200,
1782388158.752961,1782388158.940319,187.3629580368288,200,
1782388158.755347,1782388158.9655092,210.16729198163375,200,
1782388158.754302,1782388159.026996,272.70037500420585,200,
1782388158.756452,1782388159.0468988,290.45437497552484,200,
1782388158.759667,1782388159.0470982,287.4395410181023,200,
1782388158.758813,1782388159.0523489,293.54450001847,200,
1782388158.754848,1782388159.052983,298.1435830006376,200,
1782388158.753681,1782388159.053474,299.8012080206536,200,
1782388158.7578912,1782388159.0622249,304.3432499980554,200,
1782388158.759249,1782388159.07065,311.4097500219941,200,
1782388158.7574348,1782388159.077185,319.75816702470183,200,
1782388158.75697,1782388159.0872471,330.2852500346489,200,
1782388158.755816,1782388159.096195,340.38854198297486,200,
1782388159.753191,1782388159.852726,99.53579196007922,200,
1782388159.756681,1782388159.89662,139.94037499651313,200,
1782388159.757382,1782388159.937353,179.97520795324817,200,
1782388159.755431,1782388159.947668,192.24095903337002,200,
1782388159.757001,1782388159.956148,199.15237498935312,200,
1782388159.754984,1782388159.9693482,214.3692090176046,200,
1782388159.755893,1782388159.970297,214.40762496786192,200,
1782388159.758095,1782388159.976275,218.18600001279265,200,
1782388159.758817,1782388159.976929,218.1165000074543,200,
1782388159.754477,1782388159.978378,223.9066669717431,200,
1782388159.756325,1782388159.979234,222.91454201331362,200,
1782388159.757725,1782388159.982074,224.3548339465633,200,
1782388159.7591438,1782388159.9828632,223.72487501706928,200,
1782388159.7540102,1782388159.985224,231.21954197995365,200,
1782388159.7584589,1782388159.985481,227.0285419654101,200,
1782388160.754806,1782388160.8603451,105.54004198638722,200,
1782388160.754122,1782388160.866087,111.96583299897611,200,
1782388160.759758,1782388160.9529998,193.24479100760072,200,
1782388160.758025,1782388160.960752,202.7307499665767,200,
1782388160.756737,1782388160.962771,206.03716699406505,200,
1782388160.7564118,1782388160.974519,218.1125420029275,200,
1782388160.758378,1782388160.979529,221.1564580211416,200,
1782388160.7601652,1782388160.981355,221.19554202072322,200,
1782388160.757205,1782388160.981815,224.6159160276875,200,
1782388160.755538,1782388161.0086908,253.15887498436496,200,
1782388160.756053,1782388161.00995,253.90287500340492,200,
1782388160.7551942,1782388161.0186439,263.4559579892084,200,
1782388160.759325,1782388161.019548,260.2299590362236,200,
1782388160.7587242,1782388161.024308,265.59029100462794,200,
1782388160.757613,1782388161.052097,294.4916660198942,200,
1782388161.755285,1782388161.8782132,122.93025001417845,200,
1782388161.756267,1782388161.947258,190.99545798962936,200,
1782388161.761966,1782388161.984958,222.99579199170694,200,
1782388161.759147,1782388161.9995341,240.3910419670865,200,
1782388161.757579,1782388162.001942,244.3678340059705,200,
1782388161.760923,1782388162.026308,265.389584004879,200,
1782388161.761507,1782388162.051092,289.5901669980958,200,
1782388161.758177,1782388162.059256,301.0846250108443,200,
1782388161.759595,1782388162.0648901,305.30125001678243,200,
1782388161.760545,1782388162.066029,305.49125000834465,200,
1782388161.762413,1782388162.075704,313.2979159709066,200,
1782388161.758671,1782388162.085535,326.8713330035098,200,
1782388161.75723,1782388162.089661,332.4381670099683,200,
1782388161.760022,1782388162.104704,344.68849998665974,200,
1782388161.756751,1782388162.1182332,361.49049998493865,200,
1782388162.756361,1782388162.8456619,89.30120803415775,200,
1782388162.757131,1782388162.870474,113.34437498589978,200,
1782388162.758683,1782388162.89271,134.02820797637105,200,
1782388162.761348,1782388162.951019,189.67375002102926,200,
1782388162.757689,1782388162.971072,213.38629204547033,200,
1782388162.7608378,1782388162.981877,221.0417499882169,200,
1782388162.763314,1782388162.9902809,226.9711249973625,200,
1782388162.762867,1782388162.991328,228.46516699064523,200,
1782388162.759125,1782388163.0001721,241.0520839621313,200,
1782388162.75822,1782388163.001375,243.1608330225572,200,
1782388162.760413,1782388163.002254,241.84616695856676,200,
1782388162.7618968,1782388163.006479,244.5864169858396,200,
1782388162.759991,1782388163.006848,246.86149996705353,200,
1782388162.759561,1782388163.022722,263.1667499663308,200,
1782388162.762392,1782388163.03146,269.07375000882894,200,
1782388163.757452,1782388163.862208,104.75812497315928,200,
1782388163.7583098,1782388163.869559,111.24929203651845,200,
1782388163.760045,1782388163.909075,149.03037500334904,200,
1782388163.7614431,1782388163.9523,190.8603750052862,200,
1782388163.763741,1782388163.969174,205.4359579924494,200,
1782388163.761025,1782388163.983616,222.59404201759025,200,
1782388163.7589839,1782388163.994449,235.46791699482128,200,
1782388163.763306,1782388164.002924,239.6223750547506,200,
1782388163.7643788,1782388164.0055628,241.18954199366271,200,
1782388163.762418,1782388164.009938,247.5239170016721,200,
1782388163.7648408,1782388164.0125241,247.68779199803248,200,
1782388163.761913,1782388164.0197818,257.8744160127826,200,
1782388163.759549,1782388164.027285,267.7414169884287,200,
1782388163.762856,1782388164.0457332,282.88262500427663,200,
1782388163.7605498,1782388164.057151,296.60750000039116,200,
1782388164.758007,1782388164.852469,94.46191700408235,200,
1782388164.760592,1782388164.937875,177.28579102549702,200,
1782388164.7618601,1782388164.948312,186.45408400334418,200,
1782388164.764756,1782388164.95876,194.00720903649926,200,
1782388164.762391,1782388164.966004,203.61625001532957,200,
1782388164.760077,1782388164.9789708,218.89737498713657,200,
1782388164.758849,1782388164.981837,222.9917500517331,200,
1782388164.763359,1782388164.986486,223.13016699627042,200,
1782388164.76426,1782388164.9899142,225.6574579514563,200,
1782388164.762869,1782388164.990647,227.78287500841543,200,
1782388164.761096,1782388164.997078,235.98641698481515,200,
1782388164.759477,1782388164.9975412,238.06891700951383,200,
1782388164.763812,1782388164.998173,234.36624999158084,200,
1782388164.7657962,1782388165.002941,237.15041700052097,200,
1782388164.765214,1782388165.006633,241.42445798497647,200,
1782388165.758115,1782388165.844846,86.73050004290417,200,
1782388165.75909,1782388165.892962,133.87329102260992,200,
1782388165.7604868,1782388165.903221,142.73570897057652,200,
1782388165.761916,1782388165.957931,196.01766701089218,200,
1782388165.763319,1782388165.9656699,202.35308300470933,200,
1782388165.75966,1782388165.9729211,213.26445799786597,200,
1782388165.760097,1782388165.983587,223.4284169971943,200,
1782388165.76144,1782388166.005656,244.21899998560548,200,
1782388165.764571,1782388166.010117,245.55058300029486,200,
1782388165.7637482,1782388166.0121028,248.35829198127612,200,
1782388165.7641559,1782388166.015465,251.313625019975,200,
1782388165.762354,1782388166.016454,254.10441705025733,200,
1782388165.765234,1782388166.02074,255.51095901755616,200,
1782388165.760872,1782388166.02369,262.8224170184694,200,
1782388165.7628958,1782388166.052083,289.19245896395296,200,
1782388166.759826,1782388166.848923,89.09687504637986,200,
1782388166.759202,1782388166.8555012,96.2992079439573,200,
1782388166.7622862,1782388166.88623,123.94441699143499,200,
1782388166.760947,1782388166.926826,165.88141699321568,200,
1782388166.765486,1782388166.9309518,165.46791698783636,200,
1782388166.760617,1782388166.962038,201.4229170163162,200,
1782388166.7613099,1782388166.9712799,209.9724590079859,200,
1782388166.7642891,1782388166.973699,209.41270794719458,200,
1782388166.760261,1782388166.990423,230.16570799518377,200,
1782388166.763242,1782388166.9955509,232.31200000736862,200,
1782388166.763795,1782388166.9980428,234.25249999854714,200,
1782388166.764666,1782388167.000076,235.4147500009276,200,
1782388166.76509,1782388167.002016,236.93033296149224,200,
1782388166.761832,1782388167.008629,246.8012499739416,200,
1782388166.7626922,1782388167.0094452,246.75724998814985,200,
1782388167.7633579,1782388167.851033,87.67358300974593,200,
1782388167.761125,1782388167.859655,98.53029198711738,200,
1782388167.760315,1782388167.897534,137.22025003517047,200,
1782388167.767979,1782388167.931943,163.9653749880381,200,
1782388167.7684312,1782388167.9395,171.06983298435807,200,
1782388167.765525,1782388167.946049,180.52491697017103,200,
1782388167.765013,1782388167.94832,183.30908298958093,200,
1782388167.763941,1782388167.950637,186.6989580448717,200,
1782388167.766023,1782388167.954498,188.47833294421434,200,
1782388167.7645109,1782388167.9590652,194.55629197182134,200,
1782388167.762655,1782388167.97746,214.80741701088846,200,
1782388167.766519,1782388167.9812548,214.73845897708088,200,
1782388167.7669818,1782388167.982033,215.0529160280712,200,
1782388167.761834,1782388168.003862,242.03070800285786,200,
1782388167.767541,1782388168.0047581,237.22166597144678,200,
1782388168.7638772,1782388168.878856,114.97879103990272,200,
1782388168.762348,1782388168.891722,129.37358301132917,200,
1782388168.761601,1782388168.902275,140.6744999694638,200,
1782388168.765236,1782388168.943421,178.18645801162347,200,
1782388168.7628329,1782388168.94527,182.43883398827165,200,
1782388168.766151,1782388168.9466932,180.54458301048726,200,
1782388168.763351,1782388168.959816,196.4680829551071,200,
1782388168.768758,1782388168.9699929,201.2375409831293,200,
1782388168.767842,1782388168.972331,204.4911669800058,200,
1782388168.7647932,1782388168.973535,208.74349999940023,200,
1782388168.768308,1782388168.974462,206.15620800526813,200,
1782388168.765706,1782388168.976489,210.7862090342678,200,
1782388168.766747,1782388168.9779189,211.17533301003277,200,
1782388168.767329,1782388168.978503,211.17712499108166,200,
1782388168.764349,1782388168.981704,217.35775005072355,200,
1782388169.763419,1782388169.825909,62.48937494819984,200,
1782388169.762686,1782388169.832798,70.11154195060953,200,
1782388169.765567,1782388169.8932428,127.67633300973102,200,
1782388169.7648761,1782388169.907587,142.71233399631456,200,
1782388169.767818,1782388169.911438,143.62170902313665,200,
1782388169.770365,1782388169.91556,145.1961250277236,200,
1782388169.767283,1782388169.920157,152.8753750026226,200,
1782388169.7642171,1782388169.938643,174.4278339901939,200,
1782388169.766199,1782388169.946136,179.93949999799952,200,
1782388169.768857,1782388169.94866,179.80454198550433,200,
1782388169.7683442,1782388169.949752,181.41141603700817,200,
1782388169.766669,1782388169.9504251,183.75858396757394,200,
1782388169.769335,1782388169.957506,188.17329203011468,200,
1782388169.769794,1782388169.9631438,193.3523750049062,200,
1782388169.770828,1782388169.9683561,197.5305420346558,200,
1782388170.7645829,1782388170.849459,84.87624995177612,200,
1782388170.763802,1782388170.851928,88.12595898052678,200,
1782388170.7661371,1782388170.8841379,118.00133396172896,200,
1782388170.771123,1782388170.911059,139.9364999961108,200,
1782388170.7687008,1782388170.957056,188.35704197408631,200,
1782388170.767224,1782388170.9666822,199.45862499298528,200,
1782388170.7656288,1782388170.976578,210.95158398384228,200,
1782388170.767682,1782388170.9787798,211.09950001118705,200,
1782388170.770575,1782388170.983871,213.29837501980364,200,
1782388170.769207,1782388170.998691,229.48554198956117,200,
1782388170.771682,1782388171.002502,230.8212920324877,200,
1782388170.766722,1782388171.020203,253.4830420045182,200,
1782388170.7650821,1782388171.033982,268.9037920208648,200,
1782388170.769931,1782388171.0348,264.87133296905085,200,
1782388170.768144,1782388171.0425448,274.40479199867696,200,
1782388171.7642639,1782388171.88882,124.55733399838209,200,
1782388171.764991,1782388171.931919,166.92912502912804,200,
1782388171.7703512,1782388171.954756,184.4066659687087,200,
1782388171.76997,1782388171.9624372,192.4682499957271,200,
1782388171.766523,1782388171.965833,199.31079098023474,200,
1782388171.7659788,1782388171.972458,206.48029097355902,200,
1782388171.769175,1782388171.977482,208.30825000302866,200,
1782388171.7695591,1782388171.993726,224.17000000132248,200,
1782388171.768699,1782388171.994826,226.12995898816735,200,
1782388171.7675269,1782388171.998227,230.7028750074096,200,
1782388171.770737,1782388172.002059,231.3251669984311,200,
1782388171.767128,1782388172.00284,235.71533302310854,200,
1782388171.7655501,1782388172.021497,255.95079199410975,200,
1782388171.767903,1782388172.022177,254.27725003100932,200,
1782388171.768269,1782388172.032917,264.6514169755392,200,
1782388172.7653818,1782388172.85095,85.56699997279793,200,
1782388172.7660952,1782388172.867001,100.90633301297203,200,
1782388172.7703521,1782388172.888323,117.97066597500816,200,
1782388172.768373,1782388172.9364018,168.0303750326857,200,
1782388172.7719722,1782388172.937154,165.18445895053446,200,
1782388172.767339,1782388172.945663,178.32441697828472,200,
1782388172.768781,1782388172.946999,178.21945901960135,200,
1782388172.769525,1782388172.9578922,188.3695829892531,200,
1782388172.7724202,1782388172.965651,193.23187501868233,200,
1782388172.77149,1782388172.966351,194.86387498909608,200,
1782388172.7668748,1782388172.969046,202.17320800293237,200,
1782388172.767908,1782388172.972816,204.90991603583097,200,
1782388172.77092,1782388172.9747431,203.82504200097173,200,
1782388172.769971,1782388172.979512,209.5435420051217,200,
1782388172.7691362,1782388172.981645,212.512209021952,200,
1782388173.767499,1782388173.8363872,68.88812500983477,200,
1782388173.766565,1782388173.870571,104.00570800993592,200,
1782388173.7696471,1782388173.8979409,128.2943749683909,200,
1782388173.774215,1782388173.9524212,178.2062920392491,200,
1782388173.772054,1782388174.011925,239.8728330153972,200,
1782388173.7709591,1782388174.013283,242.3268329584971,200,
1782388173.773818,1782388174.01497,241.1534579587169,200,
1782388173.7725172,1782388174.037686,265.17154200701043,200,
1782388173.773386,1782388174.044321,270.9367499919608,200,
1782388173.7745879,1782388174.0520818,277.49558398500085,200,
1782388173.771431,1782388174.057662,286.2333750235848,200,
1782388173.7682781,1782388174.06754,299.26412500208244,200,
1782388173.769013,1782388174.094204,325.1941250055097,200,
1782388173.7703779,1782388174.113772,343.39799999725074,200,
1782388173.772968,1782388174.121126,348.1620419770479,200,
1782388174.76764,1782388174.917077,149.43724998738617,200,
1782388174.768426,1782388174.9221141,153.68804096942768,200,
1782388174.769738,1782388174.932501,162.7637500059791,200,
1782388174.76932,1782388174.9633448,194.02545801131055,200,
1782388174.772892,1782388174.979787,206.89737499924377,200,
1782388174.770706,1782388174.991113,220.4075829940848,200,
1782388174.7747788,1782388175.004218,229.44066696800292,200,
1782388174.771329,1782388175.006575,235.2469579782337,200,
1782388174.770167,1782388175.0073879,237.223666976206,200,
1782388174.768898,1782388175.0317938,262.8979589790106,200,
1782388174.771839,1782388175.035595,263.7574999826029,200,
1782388174.7734342,1782388175.0486069,275.1733330078423,200,
1782388174.774326,1782388175.081912,307.58866702672094,200,
1782388174.7723699,1782388175.084171,311.8045839946717,200,
1782388174.773841,1782388175.0862138,312.377333000768,200,
1782388175.7694762,1782388175.858577,89.09954194677994,200,
1782388175.768726,1782388175.89627,127.54462502198294,200,
1782388175.770912,1782388175.9090729,138.16087500890717,200,
1782388175.770018,1782388175.9329438,162.9262919886969,200,
1782388175.7752478,1782388175.940707,165.45899998163804,200,
1782388175.774401,1782388175.941926,167.52658400218934,200,
1782388175.772992,1782388175.947482,174.49158400995657,200,
1782388175.770485,1782388175.9485178,178.0341250123456,200,
1782388175.772555,1782388175.951246,178.69237501872703,200,
1782388175.7721732,1782388175.951862,179.69166702823713,200,
1782388175.771766,1782388175.952725,180.96091697225347,200,
1782388175.771355,1782388175.959841,188.48812498617917,200,
1782388175.77339,1782388175.960286,186.89762498252094,200,
1782388175.774823,1782388175.9618728,187.05174996284768,200,
1782388175.7739038,1782388175.970185,196.28383399685845,200,
1782388176.769409,1782388176.857723,88.31345802173018,200,
1782388176.771762,1782388176.902642,130.88000001152977,200,
1782388176.770339,1782388176.921872,151.5341670019552,200,
1782388176.7758021,1782388176.935206,159.4041669741273,200,
1782388176.774564,1782388176.968556,193.99183301720768,200,
1782388176.775417,1782388176.973061,197.64466700144112,200,
1782388176.773626,1782388176.9742348,200.61062497552484,200,
1782388176.7741172,1782388176.986262,212.14658400276676,200,
1782388176.770846,1782388176.987401,216.55670797917992,200,
1782388176.7721732,1782388176.993122,220.95079103019089,200,
1782388176.77501,1782388176.995445,220.415249990765,200,
1782388176.771308,1782388176.997068,225.76204099459574,200,
1782388176.7761998,1782388176.998781,222.5816249847412,200,
1782388176.772592,1782388177.002496,229.90574996219948,200,
1782388176.7730281,1782388177.008682,235.65604200121015,200,
1782388177.771352,1782388177.855246,83.89312500366941,200,
1782388177.7727842,1782388177.892291,119.50650002108887,200,
1782388177.77054,1782388177.929712,159.17166700819507,200,
1782388177.776489,1782388177.958833,182.3456659913063,200,
1782388177.7760499,1782388177.9599261,183.87766601517797,200,
1782388177.774252,1782388177.978791,204.54016601433977,200,
1782388177.775567,1782388177.984342,208.77525000832975,200,
1782388177.773319,1782388177.9870331,213.7153330259025,200,
1782388177.772274,1782388177.988171,215.8981249667704,200,
1782388177.776902,1782388177.989793,212.89266599342227,200,
1782388177.7718349,1782388177.991277,219.44362501380965,200,
1782388177.7773,1782388177.992078,214.77995801251382,200,
1782388177.77382,1782388178.005843,232.02474997378886,200,
1782388177.775101,1782388178.013522,238.4228750015609,200,
1782388177.774705,1782388178.029839,255.13658398995176,200,
1782388178.7729962,1782388178.848031,75.03412500955164,200,
1782388178.771981,1782388178.866194,94.21191696310416,200,
1782388178.774514,1782388178.8816268,107.11304197320715,200,
1782388178.7761128,1782388178.916221,140.10766701539978,200,
1782388178.779169,1782388178.932361,153.1911250203848,200,
1782388178.7756002,1782388178.962822,187.22324998816475,200,
1782388178.780231,1782388178.97153,191.3000420317985,200,
1782388178.7776399,1782388178.986961,209.32141703087837,200,
1782388178.778338,1782388178.988842,210.50458401441574,200,
1782388178.779763,1782388178.9944499,214.68816697597504,200,
1782388178.774988,1782388179.018378,243.3924999786541,200,
1782388178.77355,1782388179.018877,245.3292499994859,200,
1782388178.776581,1782388179.0239239,247.34487500973046,200,
1782388178.777069,1782388179.02471,247.64270900050178,200,
1782388178.774035,1782388179.0259452,251.91183300921693,200,
1782388179.773076,1782388179.859864,86.78775001317263,200,
1782388179.776703,1782388179.874541,97.8371660457924,200,
1782388179.77389,1782388179.9097788,135.88949997210875,200,
1782388179.77716,1782388179.919144,141.9835839769803,200,
1782388179.780573,1782388179.9268658,146.29387500463054,200,
1782388179.7744482,1782388179.941112,166.66420898400247,200,
1782388179.778027,1782388179.945209,167.1830829582177,200,
1782388179.779779,1782388179.9462452,166.46641702391207,200,
1782388179.7801769,1782388179.9479349,167.75837499881163,200,
1782388179.777596,1782388179.949108,171.51329200714827,200,
1782388179.779341,1782388179.953231,173.89124998589978,200,
1782388179.7762518,1782388179.972859,196.60770799964666,200,
1782388179.7788951,1782388179.983916,205.02100000157952,200,
1782388179.781097,1782388179.9893818,208.2865000120364,200,
1782388179.7784598,1782388179.994402,215.94333299435675,200,
1782388180.773654,1782388180.8463948,72.73966603679582,200,
1782388180.7745001,1782388180.887734,113.23295801412314,200,
1782388180.776669,1782388180.922847,146.17779100080952,200,
1782388180.775372,1782388180.923506,148.1346250511706,200,
1782388180.7758799,1782388180.932415,156.5342500107363,200,
1782388180.7762702,1782388180.956373,180.1033330266364,200,
1782388180.7794182,1782388180.958282,178.86466695927083,200,
1782388180.77707,1782388180.9587798,181.7109170369804,200,
1782388180.779008,1782388180.965754,186.7461249930784,200,
1782388180.774959,1782388180.971196,196.23870798386633,200,
1782388180.777995,1782388180.973221,195.22745802532881,200,
1782388180.780221,1782388180.973991,193.770540994592,200,
1782388180.778485,1782388180.997578,219.09400000004098,200,
1782388180.7774742,1782388180.9996312,222.15762501582503,200,
1782388180.779826,1782388181.007273,227.44879103265703,200,
1782388181.774719,1782388181.847986,73.26683396240696,200,
1782388181.776403,1782388181.928543,152.14020799612626,200,
1782388181.778359,1782388181.929427,151.06824995018542,200,
1782388181.776932,1782388181.976108,199.17670800350606,200,
1782388181.7754638,1782388182.0093749,233.91200002515689,200,
1782388181.7807438,1782388182.0451279,264.38520796364173,200,
1782388181.7788632,1782388182.0467572,267.89483398897573,200,
1782388181.779799,1782388182.065205,285.407249990385,200,
1782388181.77935,1782388182.071616,292.2547080088407,200,
1782388181.781218,1782388182.076826,295.60862499056384,200,
1782388181.781684,1782388182.0815182,299.8365410021506,200,
1782388181.7774029,1782388182.083782,306.3820420065895,200,
1782388181.775978,1782388182.098248,322.2736250027083,200,
1782388181.777843,1782388182.1004128,322.57262495113537,200,
1782388181.780285,1782388182.1080341,327.7522919815965,200,
1782388182.7765849,1782388182.898896,122.31016595615074,200,
1782388182.7802722,1782388182.9321039,151.83250000700355,200,
1782388182.775817,1782388182.9333398,157.52220898866653,200,
1782388182.778312,1782388182.9712372,192.92466703336686,200,
1782388182.778836,1782388182.994946,216.11024998128414,200,
1782388182.777187,1782388182.998868,221.6825420036912,200,
1782388182.78192,1782388183.014036,232.11670899763703,200,
1782388182.779789,1782388183.0171509,237.3628750210628,200,
1782388182.783241,1782388183.018495,235.25512497872114,200,
1782388182.782752,1782388183.035726,252.97520798631012,200,
1782388182.777733,1782388183.037039,259.3079999787733,200,
1782388182.779277,1782388183.042552,263.2772499928251,200,
1782388182.781418,1782388183.057699,276.28279104828835,200,
1782388182.782343,1782388183.058555,276.2147079920396,200,
1782388182.7809558,1782388183.067223,286.2698750104755,200,
1782388183.777746,1782388183.8564548,78.70854099746794,200,
1782388183.776932,1782388183.864306,87.37329201539978,200,
1782388183.779318,1782388183.892725,113.40591596672311,200,
1782388183.7788532,1782388183.9337118,154.85887497197837,200,
1782388183.780753,1782388183.938632,157.87849994376302,200,
1782388183.78372,1782388183.9391649,155.44520801631734,200,
1782388183.78317,1782388183.941816,158.64662500098348,200,
1782388183.778334,1782388183.942986,164.6525000105612,200,
1782388183.784235,1782388183.9457679,161.5339579875581,200,
1782388183.7816541,1782388183.957212,175.5569580127485,200,
1782388183.7812102,1782388183.957788,176.57937499461696,200,
1782388183.779773,1782388183.958511,178.7393339909613,200,
1782388183.7827032,1782388183.958737,176.03587498888373,200,
1782388183.780274,1782388183.966959,186.6850410006009,200,
1782388183.784748,1782388183.967773,183.02616698201746,200,
1782388184.780589,1782388184.9095528,128.96358402213082,200,
1782388184.7780569,1782388184.967319,189.26208303309977,200,
1782388184.7822149,1782388184.968261,186.04683398734778,200,
1782388184.784368,1782388184.984446,200.07816702127457,200,
1782388184.7788942,1782388184.9853492,206.45508298184723,200,
1782388184.780053,1782388185.001497,221.4445830322802,200,
1782388184.779509,1782388185.018374,238.86624997248873,200,
1782388184.78173,1782388185.028286,246.55679101124406,200,
1782388184.785045,1782388185.032728,247.68329196376726,200,
1782388184.782669,1782388185.034196,251.52879202505574,200,
1782388184.785654,1782388185.053899,268.2459170464426,200,
1782388184.786209,1782388185.0803561,294.14866596926004,200,
1782388184.781205,1782388185.0938501,312.6465840032324,200,
1782388184.783394,1782388185.094102,310.71095797233284,200,
1782388184.783894,1782388185.105539,321.6471250052564,200,
1782388185.779155,1782388185.847615,68.45870899269357,200,
1782388185.779962,1782388185.854182,74.21908399555832,200,
1782388185.781512,1782388185.9331782,151.6654579900205,200,
1782388185.7835782,1782388185.939361,155.7824169867672,200,
1782388185.7805052,1782388185.946622,166.11683298833668,200,
1782388185.78546,1782388185.9478168,162.35695796785876,200,
1782388185.7859251,1782388185.949725,163.80041697993875,200,
1782388185.785016,1782388185.9506922,165.67708301590756,200,
1782388185.7830741,1782388185.9509802,167.90724999736995,200,
1782388185.7863889,1782388185.951655,165.26762500870973,200,
1782388185.78409,1782388185.9558048,171.7157500097528,200,
1782388185.78262,1782388185.963818,181.19858298450708,200,
1782388185.784564,1782388185.965596,181.03383400011808,200,
1782388185.781058,1782388185.966451,185.3939999709837,200,
1782388185.782141,1782388185.97072,188.58020898187533,200,
1782388186.7807229,1782388186.88187,101.14579199580476,200,
1782388186.779868,1782388186.995369,215.50091699464247,200,
1782388186.782291,1782388186.9996521,217.36220899038017,200,
1782388186.7833521,1782388187.009661,226.30954097257927,200,
1782388186.786119,1782388187.010807,224.6892920229584,200,
1782388186.786626,1782388187.0165539,229.92841701488942,200,
1782388186.785186,1782388187.032475,247.29058297816664,200,
1782388186.7843,1782388187.0501928,265.8938330132514,200,
1782388186.787084,1782388187.059322,272.24012499209493,200,
1782388186.7817018,1782388187.069311,287.61029097950086,200,
1782388186.7847412,1782388187.075846,291.1065419903025,200,
1782388186.785621,1782388187.0920398,306.4203329849988,200,
1782388186.783854,1782388187.099444,315.5916249961592,200,
1782388186.782814,1782388187.1079419,325.13037498574704,200,
1782388186.781234,1782388187.109876,328.64433398935944,200,
1782388187.781813,1782388187.870639,88.82616698974743,200,
1782388187.780988,1782388187.918454,137.46512500802055,200,
1782388187.7860749,1782388187.919897,133.82216700119898,200,
1782388187.789611,1782388187.9874141,197.80283403815702,200,
1782388187.789094,1782388188.005776,216.68120904359967,200,
1782388187.7838788,1782388188.041949,258.0702499835752,200,
1782388187.785269,1782388188.049994,264.72445798572153,200,
1782388187.7881742,1782388188.052564,264.39100003335625,200,
1782388187.787148,1782388188.053618,266.4711250108667,200,
1782388187.787636,1782388188.055539,267.90341699961573,200,
1782388187.784534,1782388188.061891,277.3577079642564,200,
1782388187.78861,1782388188.070925,282.3141250410117,200,
1782388187.7823749,1782388188.081526,299.1527499980293,200,
1782388187.786636,1782388188.0983648,311.73083296744153,200,
1782388187.7831821,1782388188.10173,318.5493749915622,200,
1782388188.784918,1782388188.863161,78.24095897376537,200,
1782388188.782339,1782388188.88018,97.84058295190334,200,
1782388188.7862961,1782388188.909931,123.63500002538785,200,
1782388188.788928,1782388188.983917,194.98954201117158,200,
1782388188.7831218,1782388188.9845529,201.43204199848697,200,
1782388188.785852,1782388189.008575,222.7235420141369,200,
1782388188.788071,1782388189.014849,226.77845798898488,200,
1782388188.789459,1782388189.021983,232.5250409776345,200,
1782388188.7838552,1782388189.032845,248.99024999467656,200,
1782388188.7885041,1782388189.03774,249.2362919729203,200,
1782388188.785394,1782388189.043689,258.29625001642853,200,
1782388188.786749,1782388189.058667,271.91858302103356,200,
1782388188.7844238,1782388189.062212,277.78954099630937,200,
1782388188.787633,1782388189.070213,282.5816670083441,200,
1782388188.787203,1782388189.072256,285.05433298414573,200,
1782388189.7856781,1782388189.899957,114.2777920467779,200,
1782388189.783443,1782388189.904552,121.10845895949751,200,
1782388189.7842171,1782388189.915189,130.96970797050744,200,
1782388189.78757,1782388189.933704,146.13370801089332,200,
1782388189.789338,1782388189.94568,156.34204202797264,200,
1782388189.7888021,1782388189.98693,198.12833302421495,200,
1782388189.786678,1782388189.992002,205.32366703264415,200,
1782388189.7847722,1782388190.0201159,235.34429096616805,200,
1782388189.785239,1782388190.026855,241.61516700405627,200,
1782388189.7883708,1782388190.049155,260.78399998368695,200,
1782388189.787145,1782388190.085829,298.6859579687007,200,
1782388189.78979,1782388190.0892339,299.44637499284,200,
1782388189.786199,1782388190.0909078,304.7102920245379,200,
1782388189.790198,1782388190.097048,306.8520419765264,200,
1782388189.787977,1782388190.0988421,310.867624997627,200,
1782388190.784493,1782388190.8587918,74.29820898687467,200,
1782388190.788337,1782388190.894133,105.79566698288545,200,
1782388190.7853281,1782388190.9133031,127.9738750308752,200,
1782388190.787894,1782388190.928878,140.98279096651822,200,
1782388190.790325,1782388190.963538,173.2121660024859,200,
1782388190.790764,1782388190.994451,203.68766697356477,200,
1782388190.791635,1782388191.004998,213.36379199055955,200,
1782388190.786936,1782388191.020649,233.71354199480265,200,
1782388190.785871,1782388191.03454,248.67037497460842,200,
1782388190.789344,1782388191.0356312,246.2881249957718,200,
1782388190.7887812,1782388191.048512,259.73229203373194,200,
1782388190.786334,1782388191.052541,266.2084579933435,200,
1782388190.791212,1782388191.054267,263.05537502048537,200,
1782388190.7874382,1782388191.0735402,286.1025419551879,200,
1782388190.7898822,1782388191.0813491,291.4682080154307,200,
1782388191.7849119,1782388192.087845,302.9347920091823,200,
1782388191.792095,1782388192.1307,338.60629197442904,200,
1782388191.786416,1782388192.208416,422.0020839711651,200,
1782388191.7907689,1782388192.2238579,433.09187499107793,200,
1782388191.7875788,1782388192.256626,469.0481250290759,200,
1782388191.7939289,1782388192.342203,548.2772079994902,200,
1782388191.7945259,1782388192.3555698,561.0486670047976,200,
1782388191.791299,1782388192.3670452,575.7504579960369,200,
1782388191.788094,1782388192.380461,592.3711249488406,200,
1782388191.795,1782388192.406341,611.345249984879,200,
1782388191.789022,1782388192.4079092,618.890207959339,200,
1782388191.792702,1782388192.415648,622.9492910206318,200,
1782388191.793238,1782388192.4715378,678.3050419762731,200,
1782388191.787015,1782388192.506428,719.4188329740427,200,
1782388191.789663,1782388192.507721,718.0632089730352,200,
1782388192.8032372,1782388192.937226,133.98812501691282,200,
1782388192.808602,1782388193.0676448,259.0436250320636,200,
1782388192.8096058,1782388193.1452138,335.6107500148937,200,
1782388192.806389,1782388193.15577,349.38191599212587,200,
1782388192.7933052,1782388193.1865091,393.2060420047492,200,
1782388192.812675,1782388193.215016,402.3432089597918,200,
1782388192.810303,1782388193.235083,424.78212498826906,200,
1782388192.813199,1782388193.235637,422.4319590139203,200,
1782388192.810826,1782388193.267618,456.79445896530524,200,
1782388192.811229,1782388193.2684941,457.26624998496845,200,
1782388192.814821,1782388193.2690828,454.26412497181445,200,
1782388192.814143,1782388193.303835,489.6954160067253,200,
1782388192.811989,1782388193.339804,527.8180409804918,200,
1782388192.807688,1782388193.34906,541.3748749997467,200,
1782388192.8091059,1782388193.393096,583.9934580144472,200,
1782388193.792313,1782388194.0216079,229.29549997206777,200,
1782388193.7937322,1782388194.0635688,269.83808301156387,200,
1782388193.795365,1782388194.0787368,283.3717499743216,200,
1782388193.794353,1782388194.220969,426.61887500435114,200,
1782388193.799277,1782388194.233314,434.0395419858396,200,
1782388193.7972548,1782388194.402655,605.4039579466917,200,
1782388193.798047,1782388194.4177039,619.6604580036364,200,
1782388193.7998981,1782388194.444036,644.1417500027455,200,
1782388193.800492,1782388194.454155,653.6677079857327,200,
1782388193.7957828,1782388194.472258,676.477667002473,200,
1782388193.798691,1782388194.476489,677.8018330223858,200,
1782388193.794899,1782388194.4771352,682.2410000022501,200,
1782388193.801143,1782388194.4815,680.3609580383636,200,
1782388193.796578,1782388194.50349,706.9143750122748,200,
1782388193.8018382,1782388194.526031,724.1986250155605,200,
1782388194.793352,1782388194.953758,160.40666698245332,200,
1782388194.79444,1782388195.194369,399.9315840192139,200,
1782388194.795553,1782388195.2004611,404.90958298323676,200,
1782388194.8005362,1782388195.700491,899.9599589733407,200,
1782388194.800181,1782388195.704989,904.8135839984752,200,
1782388194.79932,1782388195.717979,918.6645420268178,200,
1782388194.7996612,1782388195.747527,947.872374963481,200,
1782388194.7976599,1782388195.7589939,961.3400409580208,200,
1782388194.797162,1782388195.788893,991.7371670017019,200,
1782388194.7980642,1782388195.8169029,1018.8457079930231,200,
1782388194.798959,1782388195.826317,1027.3639579536393,200,
1782388194.798541,1782388196.397779,1599.2080839932896,200,
1782388194.796087,1782388196.4349499,1638.8748330064118,200,
1782388195.805099,1782388196.723776,918.6835000291467,200,
1782388195.80757,1782388197.042689,1235.1274160319008,200,
1782388194.795051,1782388197.058629,2263.5945830261335,200,
1782388195.800948,1782388197.094548,1293.6081659863703,200,
1782388195.810445,1782388197.345663,1535.2139580063522,200,
1782388195.795151,1782388197.3714108,1576.2723329826258,200,
1782388194.796716,1782388197.4011588,2604.460333008319,200,
1782388195.798974,1782388197.594113,1795.1508340192959,200,
1782388195.8062952,1782388197.766043,1959.761208971031,200,
1782388195.800184,1782388197.8439722,2043.8009169884026,200,
1782388196.801012,1782388197.8714721,1070.4656669986434,200,
1782388196.797483,1782388197.872782,1075.3063340089284,200,
1782388195.803767,1782388197.910192,2106.44066601526,200,
1782388195.8085032,1782388197.9359272,2127.44000001112,200,
1782388195.809757,1782388197.994866,2185.1253749919124,200,
1782388196.802995,1782388198.0374599,1234.4728750176728,200,
1782388196.796895,1782388198.054972,1258.0849999794737,200,
1782388195.8126988,1782388198.082556,2269.8727499810047,200,
1782388196.798621,1782388198.130293,1331.6792910336517,200,
1782388195.803266,1782388198.26249,2459.2407920281403,200,
1782388196.799391,1782388198.405031,1605.6510000489652,200,
1782388196.8046012,1782388198.476598,1672.0075409975834,200,
1782388196.801933,1782388198.547651,1745.7299170200713,200,
1782388196.797952,1782388198.5785909,1780.6522919563577,200,
1782388197.8142579,1782388198.671084,856.8294160068035,200,
1782388196.7996721,1782388198.675128,1875.468957994599,200,
1782388196.803495,1782388198.68398,1880.4985000169836,200,
1782388196.795676,1782388198.693692,1898.0295000365004,200,
1782388195.801795,1782388198.701996,2900.221040996257,200,
1782388197.8072839,1782388198.705838,898.5592080280185,200,
1782388197.8044941,1782388198.722189,917.6998750190251,200,
1782388196.800108,1782388198.724996,1924.9017090187408,200,
1782388197.80624,1782388198.83054,1024.3062080116943,200,
1782388197.796988,1782388198.842912,1045.9309160360135,200,
1782388197.80246,1782388198.843694,1041.2405419629067,200,
1782388196.8041348,1782388198.844877,2040.7555839628913,200,
1782388196.802449,1782388198.884448,2082.0124160381965,200,
1782388197.814781,1782388198.902168,1087.3943329788744,200,
1782388195.811467,1782388198.904333,3092.889500025194,200,
1782388197.799103,1782388198.907425,1108.328917005565,200,
1782388197.805224,1782388198.983642,1178.425292018801,200,
1782388197.813644,1782388198.985427,1171.789499989245,200,
1782388197.8007302,1782388198.992618,1191.8956660083495,200,
1782388197.8124669,1782388199.049927,1237.4669169657864,200,
1782388198.815753,1782388199.086621,270.86791704641655,200,
1782388197.810038,1782388199.09952,1289.4892079639249,200,
1782388197.8154309,1782388199.10417,1288.7466669781134,200,
1782388197.8091378,1782388199.128841,1319.7104159626178,200,
1782388198.7981389,1782388199.143312,345.17295798286796,200,
1782388198.824308,1782388199.150165,325.85699995979667,200,
1782388198.805553,1782388199.1525152,346.9612089684233,200,
1782388198.800817,1782388199.168374,367.5583750009537,200,
1782388198.8032472,1782388199.190327,387.08183402195573,200,
1782388198.814768,1782388199.192725,377.9579999973066,200,
1782388198.813144,1782388199.2024682,389.32416698662564,200,
1782388198.8097322,1782388199.2114701,401.7387920175679,200,
1782388198.808074,1782388199.263721,455.64862503670156,200,
1782388198.81883,1782388199.274229,455.40054101729766,200,
1782388198.8214028,1782388199.275893,454.4924590154551,200,
1782388198.810924,1782388199.283915,472.99337497679517,200,
1782388198.812182,1782388199.295825,483.64658298669383,200,
1782388198.816951,1782388199.3272479,510.29979198938236,200,
1782388199.798495,1782388199.893051,94.5548330200836,200,
1782388199.803135,1782388199.917192,114.05629198998213,200,
1782388199.799826,1782388199.932058,132.2305839858018,200,
1782388199.806082,1782388199.959714,153.63074996275827,200,
1782388199.8109992,1782388199.982202,171.2025419692509,200,
1782388199.809062,1782388200.0960388,286.9770000106655,200,
1782388199.8101382,1782388200.098748,288.61120803048834,200,
1782388199.8020182,1782388200.142602,340.58558399556205,200,
1782388199.808189,1782388200.147181,338.9927920070477,200,
1782388199.812842,1782388200.166898,354.0575000224635,200,
1782388199.804896,1782388200.1966631,391.7680830345489,200,
1782388199.80107,1782388200.2005382,399.46841599885374,200,
1782388199.804003,1782388200.2047842,400.7824169821106,200,
1782388199.807263,1782388200.2143989,407.13804197730497,200,
1782388199.811913,1782388200.231176,419.26541697466746,200,
1782388200.799675,1782388200.911562,111.88691697316244,200,
1782388200.801237,1782388200.970423,169.1847910406068,200,
1782388200.807505,1782388200.9859478,178.4428340033628,200,
1782388200.8117602,1782388201.02609,214.32941703824326,200,
1782388200.810862,1782388201.028803,217.9405419738032,200,
1782388200.804328,1782388201.03427,229.94020802434534,200,
1782388200.813641,1782388201.045852,232.21170797478408,200,
1782388200.8032372,1782388201.050678,247.44187499163672,200,
1782388200.8126562,1782388201.052793,240.13708397978917,200,
1782388200.8100312,1782388201.05505,245.01904094358906,200,
1782388200.8022242,1782388201.060334,258.1086250138469,200,
1782388200.809246,1782388201.063072,253.8272920064628,200,
1782388200.805517,1782388201.064239,258.72345897369087,200,
1782388200.808442,1782388201.064838,256.39745796797797,200,
1782388200.8065112,1782388201.0791261,272.61583297513425,200,
1782388201.800742,1782388201.908791,108.04666695185006,200,
1782388201.801943,1782388201.977251,175.30783300753683,200,
1782388201.807722,1782388202.030772,223.04858302231878,200,
1782388201.803984,1782388202.142553,338.5702089872211,200,
1782388201.806769,1782388202.14565,338.88195897452533,200,
1782388201.8122811,1782388202.178026,365.7457079971209,200,
1782388201.8049438,1782388202.183674,378.730040974915,200,
1782388201.810417,1782388202.1861372,375.72020798688754,200,
1782388201.8086898,1782388202.196359,387.6700830296613,200,
1782388201.809576,1782388202.216681,407.10558398859575,200,
1782388201.811401,1782388202.220675,409.27641600137576,200,
1782388201.813535,1782388202.2274492,413.9162080246024,200,
1782388201.80303,1782388202.254685,451.65616704616696,200,
1782388201.814512,1782388202.257344,442.8337080171332,200,
1782388201.805856,1782388202.267049,461.1948750098236,200,
1782388202.801553,1782388202.8775969,76.04112499393523,200,
1782388202.806299,1782388202.8938189,87.51691703218967,200,
1782388202.8028631,1782388202.9069922,104.12812500726432,200,
1782388202.8093991,1782388202.9232268,113.8262499589473,200,
1782388202.805186,1782388202.925975,120.78720796853304,200,
1782388202.814064,1782388202.9541671,140.10229101404548,200,
1782388202.812227,1782388202.980133,167.90412500267848,200,
1782388202.8084722,1782388203.0081239,199.6511670295149,200,
1782388202.815938,1782388203.0213969,205.45775000937283,200,
1782388202.813159,1782388203.024441,211.28183300606906,200,
1782388202.8150048,1782388203.0291772,214.17095797369257,200,
1782388202.80405,1782388203.048918,244.86937501933426,200,
1782388202.8113248,1782388203.053078,241.75350001314655,200,
1782388202.80751,1782388203.056051,248.54145798599347,200,
1782388202.810268,1782388203.065533,255.26616600109264,200,
1782388203.805113,1782388203.9598799,154.76616600062698,200,
1782388203.8041532,1782388203.9751658,171.01162497419864,200,
1782388203.807491,1782388204.040847,233.35562500869855,200,
1782388203.8129122,1782388204.0626922,249.78145898785442,200,
1782388203.8089302,1782388204.0685189,259.58904199069366,200,
1782388203.806774,1782388204.096857,290.0835830369033,200,
1782388203.8116128,1782388204.100209,288.59708399977535,200,
1782388203.812263,1782388204.1072168,294.9537499807775,200,
1782388203.809568,1782388204.1249468,315.37895899964496,200,
1782388203.81091,1782388204.129133,318.2237080181949,200,
1782388203.813782,1782388204.133286,319.5047909975983,200,
1782388203.808241,1782388204.1451242,336.8839580216445,200,
1782388203.8102121,1782388204.1469572,336.74658404197544,200,
1782388203.802609,1782388204.14767,345.0624590041116,200,
1782388203.8060071,1782388204.165329,359.3236249871552,200,
1782388204.803587,1782388204.879394,75.80587500706315,200,
1782388204.804227,1782388204.944872,140.6445829779841,200,
1782388204.809667,1782388204.980214,170.54695804836228,200,
1782388204.808303,1782388205.0741398,265.8379159984179,200,
1782388204.808979,1782388205.118031,309.05262497253716,200,
1782388204.8101492,1782388205.151099,340.95058299135417,200,
1782388204.8063219,1782388205.1542091,347.8884170181118,200,
1782388204.811316,1782388205.1673331,356.0176659957506,200,
1782388204.806862,1782388205.1830919,376.2320830137469,200,
1782388204.805762,1782388205.1846669,378.90670797787607,200,
1782388204.804946,1782388205.228587,423.6422080430202,200,
1782388204.807831,1782388205.235774,427.945000003092,200,
1782388204.8072371,1782388205.241879,434.64225000934675,200,
1782388204.8106802,1782388205.245462,434.7834170330316,200,
1782388204.8027499,1782388205.301944,499.19637496350333,200,
1782388205.804069,1782388205.959284,155.21537500899285,200,
1782388205.810355,1782388206.08291,272.55645795958117,200,
1782388205.809809,1782388206.094335,284.5271249534562,200,
1782388205.80745,1782388206.1307101,323.26016697334126,200,
1782388205.8087869,1782388206.132329,323.5425419989042,200,
1782388205.806211,1782388206.13759,331.37916697887704,200,
1782388205.8119528,1782388206.1459131,333.9605419896543,200,
1782388205.809186,1782388206.146765,337.5797920161858,200,
1782388205.8083992,1782388206.1487858,340.38783400319517,200,
1782388205.811282,1782388206.15597,344.6892919600941,200,
1782388205.80532,1782388206.157395,352.0760419778526,200,
1782388205.805799,1782388206.1665652,360.76816701097414,200,
1782388205.806846,1782388206.178726,371.8820000067353,200,
1782388205.807956,1782388206.1795871,371.63350003538653,200,
1782388205.810834,1782388206.184247,373.4150000382215,200,
1782388206.805129,1782388206.88974,84.60916596231982,200,
1782388206.806069,1782388206.895961,89.89133301656693,200,
1782388206.8078709,1782388206.919533,111.66075000073761,200,
1782388206.807177,1782388206.9539142,146.7361249960959,200,
1782388206.810497,1782388206.95936,148.86195794679224,200,
1782388206.8133628,1782388206.9818182,168.4539999696426,200,
1782388206.808876,1782388207.000695,191.8171250144951,200,
1782388206.806658,1782388207.00243,195.7718749763444,200,
1782388206.81182,1782388207.0175638,205.74441697681323,200,
1782388206.80838,1782388207.042551,234.17020798660815,200,
1782388206.812403,1782388207.04487,232.46558295795694,200,
1782388206.8098729,1782388207.070593,260.72099996963516,200,
1782388206.809333,1782388207.094155,284.8223749897443,200,
1782388206.811208,1782388207.094849,283.64149999106303,200,
1782388206.812903,1782388207.095558,282.65654196729884,200,
1782388207.806435,1782388207.90136,94.92341597797349,200,
1782388207.807503,1782388207.90873,101.22633300488815,200,
1782388207.809633,1782388207.9964821,186.84791697887704,200,
1782388207.8099961,1782388208.036712,226.71620798064396,200,
1782388207.8107939,1782388208.044786,233.9920419617556,200,
1782388207.808318,1782388208.054584,246.26529100351036,200,
1782388207.808745,1782388208.061038,252.29220901383087,200,
1782388207.81293,1782388208.061745,248.81595897022635,200,
1782388207.810349,1782388208.06236,252.0119589753449,200,
1782388207.8118908,1782388208.0791,267.2086250386201,200,
1782388207.807968,1782388208.114845,306.8773749982938,200,
1782388207.812445,1782388208.117324,304.8798340023495,200,
1782388207.809097,1782388208.126817,317.722000007052,200,
1782388207.811234,1782388208.159775,348.54233398800716,200,
1782388207.8135319,1782388208.161788,348.25770795578137,200,
1782388208.808594,1782388208.8716319,63.036459032446146,200,
1782388208.807862,1782388208.9176419,109.77912502130494,200,
1782388208.8094752,1782388208.940032,130.55504200747237,200,
1782388208.811622,1782388208.9410949,129.4727919739671,200,
1782388208.814555,1782388208.9889998,174.444374977611,200,
1782388208.8121002,1782388208.997914,185.81245903624222,200,
1782388208.810315,1782388209.000512,190.19679096527398,200,
1782388208.8099,1782388209.014703,204.8025000258349,200,
1782388208.810719,1782388209.020093,209.37424997100607,200,
1782388208.809053,1782388209.023073,214.01966694975272,200,
1782388208.812553,1782388209.032058,219.50433298479766,200,
1782388208.81408,1782388209.032612,218.53162499610335,200,
1782388208.81351,1782388209.050142,236.63266596850008,200,
1782388208.812981,1782388209.0860531,273.07329198811203,200,
1782388208.811115,1782388209.091723,280.60941700823605,200,
1782388209.809299,1782388209.913228,103.92716602655128,200,
1782388209.808469,1782388209.962699,154.2278749984689,200,
1782388209.814925,1782388209.974079,159.15283298818395,200,
1782388209.814507,1782388209.994554,180.04608299816027,200,
1782388209.812758,1782388210.03074,217.98195800511166,200,
1782388209.810399,1782388210.0375,227.10004198597744,200,
1782388209.812256,1782388210.0388238,226.5684999874793,200,
1782388209.813186,1782388210.043179,229.9929169821553,200,
1782388209.815831,1782388210.045897,230.06562498630956,200,
1782388209.809769,1782388210.0676491,257.8798329923302,200,
1782388209.8135989,1782388210.068918,255.31874998705462,200,
1782388209.8140612,1782388210.0720901,258.02870898041874,200,
1782388209.815389,1782388210.083383,267.99483300419524,200,
1782388209.8111339,1782388210.085663,274.5302499970421,200,
1782388209.811727,1782388210.095507,283.78075000364333,200,
1782388210.8094862,1782388210.897664,88.17579201422632,200,
1782388210.810297,1782388210.901484,91.18595800828189,200,
1782388210.812083,1782388210.943517,131.4320420497097,200,
1782388210.813644,1782388210.979593,165.94845900544897,200,
1782388210.816651,1782388210.990358,173.70541603304446,200,
1782388210.8116171,1782388211.0167391,205.1216249819845,200,
1782388210.8158998,1782388211.022579,206.6789580276236,200,
1782388210.813143,1782388211.033846,220.70266702212393,200,
1782388210.8172522,1782388211.0736482,256.394291005563,200,
1782388210.814615,1782388211.077446,262.8314580069855,200,
1782388210.815222,1782388211.100784,285.5631250422448,200,
1782388210.818028,1782388211.1382961,320.26933296583593,200,
1782388210.81088,1782388211.153269,342.38920803181827,200,
1782388210.814079,1782388211.163143,349.065457994584,200,
1782388210.812694,1782388211.165868,353.1749590183608,200,
1782388211.813198,1782388212.0458822,232.68429201561958,200,
1782388211.82652,1782388212.156884,330.36445803008974,200,
1782388211.8119118,1782388212.169476,357.5651670107618,200,
1782388211.8106089,1782388212.181996,371.38675001915544,200,
1782388211.812591,1782388212.186749,374.15849999524653,200,
1782388211.824241,1782388212.187815,363.57491702074185,200,
1782388211.827564,1782388212.23169,404.12791701965034,200,
1782388211.817926,1782388212.233898,415.97345896298066,200,
1782388211.813737,1782388212.234475,420.74045800836757,200,
1782388211.814473,1782388212.240274,425.8022499852814,200,
1782388211.815352,1782388212.2411368,425.7865000399761,200,
1782388211.811358,1782388212.2438881,432.53220804035664,200,
1782388211.821898,1782388212.2519932,430.09633297333494,200,
1782388211.8249228,1782388212.2540789,429.15820801863447,200,
1782388211.8165278,1782388212.2617369,445.211082987953,200,
1782388212.8117561,1782388212.93454,122.78295803116634,200,
1782388212.812768,1782388212.9427898,130.0200839759782,200,
1782388212.814698,1782388213.015557,200.8600000408478,200,
1782388212.819496,1782388213.112042,292.5452080089599,200,
1782388212.8173718,1782388213.147379,330.00825002091005,200,
1782388212.816565,1782388213.1562371,339.67337501235306,200,
1782388212.817743,1782388213.171476,353.7327920203097,200,
1782388212.8169851,1782388213.197576,380.59158297255635,200,
1782388212.81861,1782388213.204635,386.0031249932945,200,
1782388212.818113,1782388213.20617,388.0580419790931,200,
1782388212.8159099,1782388213.240468,424.55966596025974,200,
1782388212.8190389,1782388213.2911968,472.1579169854522,200,
1782388212.815316,1782388213.294317,479.0018749772571,200,
1782388212.8134809,1782388213.3050969,491.61887500667945,200,
1782388212.8141599,1782388213.310495,496.33812496904284,200,
1782388213.8154361,1782388213.940465,125.02825004048645,200,
1782388213.817007,1782388213.975373,158.3652920089662,200,
1782388213.81319,1782388213.995234,182.04366700956598,200,
1782388213.816471,1782388214.05257,236.09908297657967,200,
1782388213.819071,1782388214.167965,348.8939999951981,200,
1782388213.8180501,1782388214.182913,364.86345797311515,200,
1782388213.820974,1782388214.1998441,378.8708340143785,200,
1782388213.820585,1782388214.2015538,380.9696660027839,200,
1782388213.816016,1782388214.204522,388.5063750203699,200,
1782388213.818602,1782388214.213584,394.98191699385643,200,
1782388213.821855,1782388214.229748,407.89287502411753,200,
1782388213.8214679,1782388214.274915,453.4476670087315,200,
1782388213.819666,1782388214.2797341,460.069167020265,200,
1782388213.817624,1782388214.2870002,469.3778329528868,200,
1782388213.8201249,1782388214.289929,469.80616700602695,200,
1782388214.8137019,1782388214.8796139,65.91037497855723,200,
1782388214.814527,1782388214.8807669,66.23929203487933,200,
1782388214.815256,1782388214.944275,129.01754199992865,200,
1782388214.815609,1782388214.9466171,131.00666704121977,200,
1782388214.81704,1782388214.9716852,154.6443750266917,200,
1782388214.819084,1782388214.9744158,155.33170802518725,200,
1782388214.818193,1782388214.986023,167.8304590168409,200,
1782388214.8186612,1782388214.9890602,170.39962497074157,200,
1782388214.8165052,1782388214.992814,176.30900000222027,200,
1782388214.8198872,1782388214.9936671,173.78037504386157,200,
1782388214.817455,1782388215.006392,188.9373330050148,200,
1782388214.819537,1782388215.0091178,189.58229199051857,200,
1782388214.814924,1782388215.009763,194.83945798128843,200,
1782388214.8178072,1782388215.023843,206.03516703704372,200,
1782388214.815949,1782388215.047103,231.15574999246746,200,
1782388215.8148391,1782388215.915521,100.68066697567701,200,
1782388215.815711,1782388215.924286,108.57320798095316,200,
1782388215.818323,1782388215.957847,139.5225409651175,200,
1782388215.817047,1782388215.9819891,164.94191699894145,200,
1782388215.819815,1782388216.0338361,214.02029105229303,200,
1782388215.8211288,1782388216.0371048,215.9754999447614,200,
1782388215.819336,1782388216.0400178,220.68199998466298,200,
1782388215.8188338,1782388216.040454,221.6200830298476,200,
1782388215.8174489,1782388216.0546272,237.17937496257946,200,
1782388215.8166301,1782388216.054859,238.23062499286607,200,
1782388215.820236,1782388216.055456,235.2214169804938,200,
1782388215.817853,1782388216.07247,254.6175830066204,200,
1782388215.821573,1782388216.07678,255.20666601369157,200,
1782388215.816182,1782388216.101992,285.8107499778271,200,
1782388215.820678,1782388216.113272,292.59508301038295,200,
1782388216.816947,1782388216.890474,73.52670800173655,200,
1782388216.8160179,1782388216.935946,119.92729199118912,200,
1782388216.821873,1782388216.9461179,124.24400000600144,200,
1782388216.822676,1782388217.008704,186.02750002173707,200,
1782388216.821067,1782388217.0206752,199.6080829994753,200,
1782388216.818111,1782388217.03883,220.71941598551348,200,
1782388216.8190238,1782388217.049271,230.24766700109467,200,
1782388216.818572,1782388217.0571861,238.61337499693036,200,
1782388216.823101,1782388217.058555,235.4542079847306,200,
1782388216.817564,1782388217.062952,245.38816598942503,200,
1782388216.8196201,1782388217.064833,245.21366698900238,200,
1782388216.820126,1782388217.082408,262.2812499757856,200,
1782388216.822274,1782388217.087567,265.29266603756696,200,
1782388216.820596,1782388217.112336,291.74145800061524,200,
1782388216.821481,1782388217.113055,291.5757920127362,200,
1782388217.817108,1782388217.921611,104.50212500290945,200,
1782388217.819346,1782388217.9342568,114.91016700165346,200,
1782388217.8220842,1782388218.0143108,192.22700002137572,200,
1782388217.824341,1782388218.0216372,197.29587499750778,200,
1782388217.817863,1782388218.044769,226.90529195824638,200,
1782388217.820966,1782388218.051439,230.47349997796118,200,
1782388217.820411,1782388218.053816,233.4052919759415,200,
1782388217.821551,1782388218.056553,235.0027080392465,200,
1782388217.823503,1782388218.057276,233.77395898569375,200,
1782388217.8230422,1782388218.057984,234.94300001766533,200,
1782388217.823927,1782388218.0596669,235.73895898880437,200,
1782388217.818799,1782388218.063651,244.85287501011044,200,
1782388217.819909,1782388218.07786,257.95125000877306,200,
1782388217.818354,1782388218.094374,276.0215000016615,200,
1782388217.822572,1782388218.109568,286.9965829886496,200,
1782388218.8200471,1782388218.930502,110.45391694642603,200,
1782388218.8216908,1782388218.970607,148.91504199476913,200,
1782388218.82341,1782388218.991276,167.8657089942135,200,
1782388218.8188312,1782388219.000845,182.0124170044437,200,
1782388218.826676,1782388219.03901,212.33329101232812,200,
1782388218.82229,1782388219.0435798,221.2892499519512,200,
1782388218.826138,1782388219.0598469,233.70812501525506,200,
1782388218.8210921,1782388219.0624452,241.35387496789917,200,
1782388218.825665,1782388219.078827,253.1617499771528,200,
1782388218.822845,1782388219.079445,256.60191697534174,200,
1782388218.8240619,1782388219.0809999,256.93820900050923,200,
1782388218.8272681,1782388219.083591,256.32424996001646,200,
1782388218.820558,1782388219.089683,269.1259999992326,200,
1782388218.8252091,1782388219.093017,267.8082910133526,200,
1782388218.824725,1782388219.10451,279.78524996433407,200,
1782388219.8193789,1782388219.897912,78.53120798245072,200,
1782388219.8204968,1782388219.898915,78.41666700551286,200,
1782388219.8243241,1782388219.965483,141.159292019438,200,
1782388219.822052,1782388219.986322,164.26929098088294,200,
1782388219.826485,1782388219.9998982,173.41312498319894,200,
1782388219.823885,1782388220.03349,209.6050830441527,200,
1782388219.8273091,1782388220.036569,209.26000003237277,200,
1782388219.826077,1782388220.038218,212.1407090453431,200,
1782388219.8214788,1782388220.041417,219.9372500181198,200,
1782388219.8228438,1782388220.043257,220.41329101193696,200,
1782388219.824818,1782388220.058047,233.22870797710493,200,
1782388219.825689,1782388220.061621,235.93295901082456,200,
1782388219.823413,1782388220.062387,238.97462501190603,200,
1782388219.8269,1782388220.06663,239.73100003786385,200,
1782388219.825252,1782388220.0753589,250.10787503561005,200,
1782388220.8204958,1782388220.9450839,124.58712497027591,200,
1782388220.821404,1782388220.992637,171.23212502337992,200,
1782388220.8227499,1782388221.013999,191.24920800095424,200,
1782388220.825105,1782388221.041078,215.97308304626495,200,
1782388220.824724,1782388221.067137,242.4134169705212,200,
1782388220.823874,1782388221.068347,244.47345797671005,200,
1782388220.825502,1782388221.069652,244.15004102047533,200,
1782388220.826263,1782388221.075937,249.6739579946734,200,
1782388220.821877,1782388221.0767128,254.83749998966232,200,
1782388220.822356,1782388221.080671,258.3166250260547,200,
1782388220.826727,1782388221.0863428,259.6153329941444,200,
1782388220.824299,1782388221.088773,264.47316695703194,200,
1782388220.823505,1782388221.092392,268.88737495755777,200,
1782388220.823114,1782388221.093292,270.1787499827333,200,
1782388220.8258922,1782388221.097624,271.7330830055289,200,
1782388221.821683,1782388222.093597,271.91366598708555,200,
1782388221.82735,1782388222.105471,278.1197500298731,200,
1782388221.825619,1782388222.1184661,292.8460409748368,200,
1782388221.834023,1782388222.141558,307.53425002330914,200,
1782388221.824762,1782388222.163169,338.40708300704136,200,
1782388221.822748,1782388222.16574,342.9914590087719,200,
1782388221.828419,1782388222.2185018,390.08224999997765,200,
1782388221.830184,1782388222.231238,401.0558330337517,200,
1782388221.83102,1782388222.2383108,407.290417002514,200,
1782388221.831975,1782388222.259514,427.54004104062915,200,
1782388221.826487,1782388222.269367,442.88066698936746,200,
1782388221.83341,1782388222.2735202,440.11066597886384,200,
1782388221.832661,1782388222.28159,448.9312499645166,200,
1782388221.823793,1782388222.294961,471.1704580113292,200,
1782388221.829288,1782388222.303655,474.36933300923556,200,
1782388222.823571,1782388222.9399948,116.42354098148644,200,
1782388222.825119,1782388222.9960089,170.8902909886092,200,
1782388222.8281548,1782388223.1443279,316.1710000131279,200,
1782388222.8277519,1782388223.151963,324.21099999919534,200,
1782388222.822788,1782388223.174647,351.85920901130885,200,
1782388222.827327,1782388223.189615,362.28804098209366,200,
1782388222.825572,1782388223.1910121,365.44154200237244,200,
1782388222.828647,1782388223.193481,364.8330409778282,200,
1782388222.829515,1782388223.19469,365.1763750240207,200,
1782388222.826006,1782388223.195649,369.6449580020271,200,
1782388222.824648,1782388223.199418,374.7702499968,200,
1782388222.824168,1782388223.200047,375.88112498633564,200,
1782388222.826889,1782388223.215522,388.63420800771564,200,
1782388222.8264399,1782388223.2196858,393.2477500056848,200,
1782388222.829092,1782388223.222295,393.2040419895202,200,
1782388223.824727,1782388223.930969,106.24108399497345,200,
1782388223.828077,1782388223.9540212,125.9432079968974,200,
1782388223.82652,1782388223.987007,160.48558399779722,200,
1782388223.829487,1782388224.0195892,190.10133296251297,200,
1782388223.8307729,1782388224.032564,201.79170795017853,200,
1782388223.828542,1782388224.0897112,261.1675829975866,200,
1782388223.829039,1782388224.094868,265.8297499874607,200,
1782388223.8270159,1782388224.098864,271.84808399761096,200,
1782388223.825181,1782388224.100947,275.7662919466384,200,
1782388223.823904,1782388224.10393,280.025125015527,200,
1782388223.829901,1782388224.147864,317.9620000300929,200,
1782388223.8303192,1782388224.153208,322.88979104487225,200,
1782388223.827602,1782388224.171222,343.6213330132887,200,
1782388223.825855,1782388224.173856,348.00166700733826,200,
1782388223.831177,1782388224.176851,345.6753749633208,200,
1782388224.825064,1782388224.9368849,111.82041699066758,200,
1782388224.824337,1782388224.961848,137.50962499761954,200,
1782388224.830879,1782388224.970942,140.06054197670892,200,
1782388224.8295228,1782388225.004864,175.3398749860935,200,
1782388224.8281531,1782388225.0060642,177.91104200296104,200,
1782388224.8265321,1782388225.0705411,244.00750000495464,200,
1782388224.8315032,1782388225.0843961,252.8920829645358,200,
1782388224.825471,1782388225.087869,262.39612500648946,200,
1782388224.826964,1782388225.09444,267.47504202649,200,
1782388224.8319511,1782388225.096086,264.13508399855345,200,
1782388224.828804,1782388225.097575,268.77079100813717,200,
1782388224.825887,1782388225.141042,315.15500001842156,200,
1782388224.827753,1782388225.141921,314.16929099941626,200,
1782388224.827372,1782388225.1426718,315.30158303212374,200,
1782388224.830265,1782388225.144332,314.06725000124425,200,
1782388225.825394,1782388225.923616,98.2217499986291,200,
1782388225.8263948,1782388225.946569,120.17324997577816,200,
1782388225.8276212,1782388226.018506,190.8831670298241,200,
1782388225.832932,1782388226.0537128,220.7793749985285,200,
1782388225.827105,1782388226.060298,233.19308302598074,200,
1782388225.828054,1782388226.065054,237.00004199054092,200,
1782388225.8320389,1782388226.072163,240.1241660118103,200,
1782388225.8295538,1782388226.0775712,248.01679101074114,200,
1782388225.828937,1782388226.0853271,256.3903330010362,200,
1782388225.828497,1782388226.08588,257.3839999968186,200,
1782388225.830007,1782388226.0864189,256.41270802589133,200,
1782388225.831318,1782388226.095959,264.6418330259621,200,
1782388225.8325639,1782388226.1089191,276.35558298788965,200,
1782388225.8333728,1782388226.114336,280.96295800060034,200,
1782388225.8307042,1782388226.115137,284.4342080061324,200,
1782388226.826588,1782388226.90682,80.23120800498873,200,
1782388226.8274539,1782388226.950411,122.95541603816673,200,
1782388226.8349419,1782388226.966092,131.14841701462865,200,
1782388226.831809,1782388227.029363,197.55300000542775,200,
1782388226.8310652,1782388227.0393732,208.30733299953863,200,
1782388226.833802,1782388227.0550988,221.29591600969434,200,
1782388226.8332832,1782388227.056292,223.00937498221174,200,
1782388226.830505,1782388227.058073,227.56666701752692,200,
1782388226.829759,1782388227.07536,245.60037499759346,200,
1782388226.832633,1782388227.085734,253.1010420061648,200,
1782388226.828875,1782388227.114597,285.7214579707943,200,
1782388226.836334,1782388227.1239738,287.6409160089679,200,
1782388226.8356512,1782388227.125391,289.74016703432426,200,
1782388226.834337,1782388227.128198,293.8619579654187,200,
1782388226.828089,1782388227.131265,303.17637498956174,200,
1782388227.828187,1782388227.910744,82.55474996985868,200,
1782388227.826727,1782388227.916373,89.64424999430776,200,
1782388227.831895,1782388227.9923809,160.4852500022389,200,
1782388227.830581,1782388228.0459352,215.35316604422405,200,
1782388227.835936,1782388228.1041899,268.2542920229025,200,
1782388227.836712,1782388228.108265,271.55291696544737,200,
1782388227.839556,1782388228.126076,286.5187910501845,200,
1782388227.8388019,1782388228.136682,297.8802080033347,200,
1782388227.832802,1782388228.162302,329.49875004123896,200,
1782388227.837397,1782388228.1788402,341.44454199122265,200,
1782388227.8351328,1782388228.1829062,347.77316701365635,200,
1782388227.8339899,1782388228.185696,351.70704196207225,200,
1782388227.834612,1782388228.194869,360.25870800949633,200,
1782388227.838091,1782388228.2011478,363.0587499937974,200,
1782388227.829207,1782388228.20936,380.1539170090109,200,
1782388228.827764,1782388228.9149592,87.19425002345815,200,
1782388228.828813,1782388228.91836,89.54558300320059,200,
1782388228.830771,1782388228.930618,99.84645899385214,200,
1782388228.832785,1782388229.0093179,176.5321249840781,200,
1782388228.832313,1782388229.010405,178.0915829585865,200,
1782388228.83132,1782388229.0243578,193.03787499666214,200,
1782388228.831769,1782388229.026144,194.37549996655434,200,
1782388228.8300202,1782388229.026849,196.82979199569672,200,
1782388228.829505,1782388229.027616,198.11104098334908,200,
1782388228.8354099,1782388229.028996,193.58633400406688,200,
1782388228.8341188,1782388229.035808,201.68879203265533,200,
1782388228.8337312,1782388229.036887,203.15604197094217,200,
1782388228.834517,1782388229.037875,203.35862500360236,200,
1782388228.834899,1782388229.038694,203.796208021231,200,
1782388228.8332102,1782388229.039469,206.25925000058487,200,
1782388229.830706,1782388229.952003,121.29595899023116,200,
1782388229.832574,1782388229.986685,154.10929202334955,200,
1782388229.8288598,1782388230.021112,192.25054199341685,200,
1782388229.833757,1782388230.037499,203.74129200354218,200,
1782388229.832105,1782388230.0694919,237.38700000103563,200,
1782388229.831646,1782388230.070632,238.98650001501665,200,
1782388229.831189,1782388230.073592,242.4026660155505,200,
1782388229.834969,1782388230.07811,243.1409999844618,200,
1782388229.832953,1782388230.082857,249.90337499184534,200,
1782388229.834165,1782388230.09816,263.9938750071451,200,
1782388229.830126,1782388230.108553,278.4263329813257,200,
1782388229.835371,1782388230.114497,279.12662498420104,200,
1782388229.833358,1782388230.1156962,282.3392080026679,200,
1782388229.834582,1782388230.121228,286.64687497075647,200,
1782388229.82963,1782388230.1317859,302.15708300238475,200,
1782388230.830111,1782388230.886961,56.84870801633224,200,
1782388230.829346,1782388230.9078588,78.51079199463129,200,
1782388230.8316748,1782388230.943723,112.046750029549,200,
1782388230.832584,1782388230.9497,117.11529101012275,200,
1782388230.8350568,1782388230.981204,146.14666701527312,200,
1782388230.832972,1782388230.982792,149.81895900564268,200,
1782388230.834272,1782388230.994594,160.32041696598753,200,
1782388230.8354602,1782388231.019698,184.23733301460743,200,
1782388230.8311381,1782388231.023381,192.24229198880494,200,
1782388230.8321621,1782388231.026989,194.82583401259035,200,
1782388230.8358989,1782388231.029021,193.12200002605096,200,
1782388230.83389,1782388231.033348,199.45841596927494,200,
1782388230.834667,1782388231.035224,200.5584169528447,200,
1782388230.8334332,1782388231.050585,217.1521249692887,200,
1782388230.830645,1782388231.068495,237.85095900529996,200,
1782388231.8313,1782388232.0381498,206.84891700511798,200,
1782388231.840363,1782388232.074145,233.78024995326996,200,
1782388231.8397539,1782388232.099126,259.3716249684803,200,
1782388231.83858,1782388232.100517,261.937458999455,200,
1782388231.830017,1782388232.106595,276.57708298647776,200,
1782388231.833921,1782388232.1096509,275.7293339818716,200,
1782388231.839207,1782388232.1103969,271.19058300741017,200,
1782388231.8346748,1782388232.125034,290.35941598704085,200,
1782388231.837331,1782388232.134034,296.702167019248,200,
1782388231.836042,1782388232.134963,298.92191698309034,200,
1782388231.835385,1782388232.135731,300.34791596699506,200,
1782388231.8329222,1782388232.135954,303.0331670306623,200,
1782388231.8379369,1782388232.136746,298.8092500017956,200,
1782388231.83673,1782388232.146869,310.1379159488715,200,
1782388231.8321369,1782388232.1783721,346.23579104663804,200,
1782388232.8310668,1782388232.8807309,49.66354201314971,200,
1782388232.8328881,1782388232.935039,102.15008299564943,200,
1782388232.831692,1782388232.955989,124.29608299862593,200,
1782388232.832559,1782388232.983628,151.067917002365,200,
1782388232.8356638,1782388233.0620291,226.36333300033584,200,
1782388232.832038,1782388233.0709639,238.92470804275945,200,
1782388232.836662,1782388233.0751019,238.43974998453632,200,
1782388232.8349671,1782388233.087166,252.19875003676862,200,
1782388232.833662,1782388233.088463,254.8017079825513,200,
1782388232.835331,1782388233.089133,253.80354200024158,200,
1782388232.8341298,1782388233.090253,256.1223329976201,200,
1782388232.8345752,1782388233.1145759,280.0009999773465,200,
1782388232.8362172,1782388233.117596,281.3808750361204,200,
1782388232.8332942,1782388233.122368,289.0740840230137,200,
1782388232.8369951,1782388233.123332,286.3379580085166,200,
1782388233.832853,1782388233.9687638,135.90866699814796,200,
1782388233.8342772,1782388233.970175,135.89708297513425,200,
1782388233.832177,1782388234.0185962,186.41829100670293,200,
1782388233.836931,1782388234.077496,240.56495900731534,200,
1782388233.833869,1782388234.078642,244.77316695265472,200,
1782388233.835565,1782388234.110807,275.2426250372082,200,
1782388233.834665,1782388234.1142662,279.60129198618233,200,
1782388233.837694,1782388234.127404,289.70933303935453,200,
1782388233.8365388,1782388234.1284878,291.9490830390714,200,
1782388233.836116,1782388234.13058,294.46491599082947,200,
1782388233.83504,1782388234.132425,297.38437494961545,200,
1782388233.833471,1782388234.133328,299.8571250354871,200,
1782388233.8381062,1782388234.1345432,296.4375409646891,200,
1782388233.838469,1782388234.135332,296.8642500345595,200,
1782388233.837328,1782388234.145109,307.78162501519546,200,
1782388234.8334122,1782388234.912603,79.19029099866748,200,
1782388234.83467,1782388234.953229,118.55824996018782,200,
1782388234.836575,1782388234.996695,160.11300001991913,200,
1782388234.83795,1782388235.014231,176.28025001613423,200,
1782388234.838346,1782388235.01496,176.6136250225827,200,
1782388234.835371,1782388235.062529,227.15724998852238,200,
1782388234.838731,1782388235.077373,238.64129098365083,200,
1782388234.839284,1782388235.0814478,242.163208022248,200,
1782388234.841871,1782388235.087082,245.21062499843538,200,
1782388234.839756,1782388235.1108968,271.14029199583456,200,
1782388234.84038,1782388235.119309,278.92920799786225,200,
1782388234.837072,1782388235.124613,287.5410840497352,200,
1782388234.837515,1782388235.140856,303.3409170457162,200,
1782388234.8358998,1782388235.144647,308.748374984134,200,
1782388234.841215,1782388235.145319,304.1054999921471,200,
1782388235.835263,1782388235.9439092,108.64470899105072,200,
1782388235.834541,1782388235.948981,114.4390840199776,200,
1782388235.842148,1782388236.069522,227.37454203888774,200,
1782388235.837513,1782388236.090497,252.9826249810867,200,
1782388235.8388102,1782388236.0927129,253.9040830451995,200,
1782388235.8384519,1782388236.094151,255.69895800435916,200,
1782388235.8379579,1782388236.10876,270.80141700571403,200,
1782388235.835755,1782388236.131671,295.9161670296453,200,
1782388235.839338,1782388236.13645,297.1127500059083,200,
1782388235.836915,1782388236.140196,303.2806249684654,200,
1782388235.836359,1782388236.141549,305.19033304881305,200,
1782388235.8413959,1782388236.14207,300.6755840033293,200,
1782388235.842774,1782388236.14735,304.57608302822337,200,
1782388235.84035,1782388236.215132,374.783750041388,200,
1782388235.843374,1782388236.219847,376.4742920175195,200,
1782388236.8356779,1782388236.928179,92.49966603238136,200,
1782388236.8364952,1782388236.942283,105.78687500674278,200,
1782388236.838198,1782388236.942554,104.35583302751184,200,
1782388236.8398669,1782388237.0179882,178.11962496489286,200,
1782388236.837601,1782388237.02112,183.51804104167968,200,
1782388236.837047,1782388237.049044,211.99729101499543,200,
1782388236.839364,1782388237.052298,212.93316700030118,200,
1782388236.840961,1782388237.05296,212.00008399318904,200,
1782388236.842442,1782388237.053955,211.5132079925388,200,
1782388236.842895,1782388237.05539,212.4956250190735,200,
1782388236.843352,1782388237.061692,218.33983401302248,200,
1782388236.841929,1782388237.0645602,222.63166698394343,200,
1782388236.841505,1782388237.07217,230.6662089540623,200,
1782388236.84031,1782388237.072782,232.4735830188729,200,
1782388236.838763,1782388237.0821178,243.3562909718603,200,
1782388237.8369868,1782388237.911219,74.2306670290418,200,
1782388237.839419,1782388237.953622,114.20137499226257,200,
1782388237.838044,1782388238.006678,168.63445797935128,200,
1782388237.838954,1782388238.0402,201.2449589674361,200,
1782388237.842669,1782388238.0502121,207.54145801765844,200,
1782388237.840359,1782388238.05842,218.06241699960083,200,
1782388237.843777,1782388238.0687768,225.0002910150215,200,
1782388237.84161,1782388238.077725,236.11550003988668,200,
1782388237.842114,1782388238.0782652,236.15112499101087,200,
1782388237.844534,1782388238.07877,234.23679202096537,200,
1782388237.8384058,1782388238.081579,243.17375000100583,200,
1782388237.840739,1782388238.0884721,247.73291702149436,200,
1782388237.8433018,1782388238.089217,245.9159999853,200,
1782388237.8411572,1782388238.092612,251.45658303517848,200,
1782388237.839884,1782388238.100873,260.98987500881776,200,
1782388238.839225,1782388238.943264,104.0376250166446,200,
1782388238.841821,1782388238.962517,120.69374998100102,200,
1782388238.83846,1782388239.015008,176.54675000812858,200,
1782388238.840588,1782388239.025419,184.83037501573563,200,
1782388238.840182,1782388239.0499,209.71816597739235,200,
1782388238.8433979,1782388239.052735,209.33691697428003,200,
1782388238.842995,1782388239.056169,213.17441598512232,200,
1782388238.841415,1782388239.0574331,216.01795800961554,200,
1782388238.842195,1782388239.060189,217.99437497975305,200,
1782388238.844197,1782388239.0790179,234.820417012088,200,
1782388238.839756,1782388239.091115,251.35933299316093,200,
1782388238.841013,1782388239.10966,268.6474170186557,200,
1782388238.843789,1782388239.117414,273.6248330329545,200,
1782388238.8449202,1782388239.120756,275.8367919595912,200,
1782388238.842598,1782388239.124543,281.9451660034247,200,
1782388239.840384,1782388239.960799,120.41324999881908,200,
1782388239.842946,1782388239.968425,125.4779999726452,200,
1782388239.841759,1782388240.0147772,173.017582972534,200,
1782388239.839556,1782388240.030874,191.31604197900742,200,
1782388239.845709,1782388240.076343,230.63416697550565,200,
1782388239.845377,1782388240.0985012,253.12370900064707,200,
1782388239.842121,1782388240.1585689,316.4464579895139,200,
1782388239.8444722,1782388240.175874,331.4020420075394,200,
1782388239.844894,1782388240.187913,343.018707993906,200,
1782388239.84388,1782388240.193003,349.1233750246465,200,
1782388239.841364,1782388240.2259011,384.5373750082217,200,
1782388239.840789,1782388240.245831,405.0436250399798,200,
1782388239.843483,1782388240.246391,402.9092499986291,200,
1782388239.842562,1782388240.254333,411.77308303304017,200,
1782388239.846068,1782388240.259365,413.2993330131285,200,
1782388240.840757,1782388240.9382982,97.54066698951647,200,
1782388240.843946,1782388240.977552,133.6042499751784,200,
1782388240.841999,1782388241.029543,187.54420900950208,200,
1782388240.849036,1782388241.032976,183.9400000171736,200,
1782388240.848108,1782388241.0457962,197.6874999818392,200,
1782388240.848578,1782388241.056968,208.39029201306403,200,
1782388240.845231,1782388241.067206,221.97454096749425,200,
1782388240.845694,1782388241.083447,237.75212501641363,200,
1782388240.842748,1782388241.0910442,248.2955830055289,200,
1782388240.846145,1782388241.091709,245.5647499882616,200,
1782388240.847625,1782388241.117771,270.1451249886304,200,
1782388240.847113,1782388241.1572108,310.09862502105534,200,
1782388240.846577,1782388241.159922,313.346124952659,200,
1782388240.8447092,1782388241.165635,320.92691701836884,200,
1782388240.8433862,1782388241.177113,333.72754097217694,200,
1782388241.8422132,1782388241.984076,141.86199998948723,200,
1782388241.8413298,1782388242.0396428,198.31341604003683,200,
1782388241.852382,1782388242.101909,249.52587496954948,200,
1782388241.8503292,1782388242.125209,274.8794170329347,200,
1782388241.844981,1782388242.170038,325.05604199832305,200,
1782388241.844249,1782388242.174307,330.0582499941811,200,
1782388241.8493109,1782388242.187627,338.3163339458406,200,
1782388241.843518,1782388242.1931362,349.61775003466755,200,
1782388241.846439,1782388242.198731,352.29341604281217,200,
1782388241.84714,1782388242.2005692,353.4311249968596,200,
1782388241.847723,1782388242.207096,359.37408299650997,200,
1782388241.848432,1782388242.222431,373.9987500011921,200,
1782388241.842915,1782388242.228331,385.4159160400741,200,
1782388241.851441,1782388242.245373,393.9338750205934,200,
1782388241.8457322,1782388242.249366,403.6352079710923,200,
1782388242.841483,1782388242.913051,71.56741700600833,200,
1782388242.843447,1782388242.9458828,102.43466700194404,200,
1782388242.842138,1782388242.9585001,116.36037501739338,200,
1782388242.8467,1782388243.068296,221.59633302362636,200,
1782388242.8442938,1782388243.090555,246.25995801761746,200,
1782388242.845851,1782388243.091947,246.0956660215743,200,
1782388242.844702,1782388243.0943282,249.62566600879654,200,
1782388242.842874,1782388243.1313589,288.48362498683855,200,
1782388242.846314,1782388243.146532,300.21766701247543,200,
1782388242.845016,1782388243.149125,304.1095830267295,200,
1782388242.8473458,1782388243.16884,321.4958750177175,200,
1782388242.8425071,1782388243.176482,333.975667017512,200,
1782388242.8454762,1782388243.186076,340.6010419712402,200,
1782388242.8438451,1782388243.200293,356.44900001352653,200,
1782388242.84703,1782388243.205836,358.8076669839211,200,
1782388243.842428,1782388243.922997,80.5674169678241,200,
1782388243.8447301,1782388243.924148,79.41674999892712,200,
1782388243.8464499,1782388243.989169,142.71933399140835,200,
1782388243.845929,1782388244.048736,202.80633302172646,200,
1782388243.850383,1782388244.072899,222.5149999721907,200,
1782388243.843162,1782388244.078623,235.45991600258276,200,
1782388243.8486102,1782388244.089631,241.02104199118912,200,
1782388243.847457,1782388244.094434,246.9773329794407,200,
1782388243.8492868,1782388244.10438,255.0926249823533,200,
1782388243.8498728,1782388244.109365,259.49254096485674,200,
1782388243.8436038,1782388244.110421,266.81829104200006,200,
1782388243.847977,1782388244.110712,262.73575000232086,200,
1782388243.846903,1782388244.111189,264.2862079665065,200,
1782388243.8453991,1782388244.11538,269.98049998655915,200,
1782388243.844104,1782388244.123904,279.80016701621935,200,
1782388244.84353,1782388244.9273338,83.80183298140764,200,
1782388244.8457751,1782388244.932534,86.75687498180196,200,
1782388244.844466,1782388244.9979541,153.48745899973437,200,
1782388244.847092,1782388245.141442,294.34970795409754,200,
1782388244.846605,1782388245.165057,318.4528750134632,200,
1782388244.8449159,1782388245.1761868,331.26874995650724,200,
1782388244.849599,1782388245.179002,329.40195803530514,200,
1782388244.849979,1782388245.181567,331.5897909924388,200,
1782388244.848471,1782388245.201878,353.4078749944456,200,
1782388244.8481312,1782388245.207725,359.59312500199303,200,
1782388244.846282,1782388245.210408,364.1259580035694,200,
1782388244.849229,1782388245.236614,387.3850000090897,200,
1782388244.8476229,1782388245.259615,411.9939160300419,200,
1782388244.845391,1782388245.263498,418.1084579904564,200,
1782388244.848804,1782388245.2716448,422.8421250008978,200,
1782388245.844585,1782388245.947602,103.01633301423863,200,
1782388245.8471448,1782388245.96,112.85416595637798,200,
1782388245.845495,1782388245.99148,145.98450000630692,200,
1782388245.8486888,1782388246.009194,160.50370800076053,200,
1782388245.846064,1782388246.0419571,195.89170900871977,200,
1782388245.8466299,1782388246.049068,202.4373750318773,200,
1782388245.849608,1782388246.050497,200.88829199085012,200,
1782388245.8504891,1782388246.067595,217.10495901061222,200,
1782388245.849175,1782388246.0884118,239.23754098359495,200,
1782388245.851367,1782388246.101867,250.4993339534849,200,
1782388245.848188,1782388246.12554,277.3512080311775,200,
1782388245.851802,1782388246.136121,284.31904199533165,200,
1782388245.850934,1782388246.1467671,295.8339169854298,200,
1782388245.847622,1782388246.1504152,302.79370897915214,200,
1782388245.850049,1782388246.157728,307.67975002527237,200,
1782388246.846604,1782388246.940523,93.91729201888666,200,
1782388246.8481128,1782388246.9659588,117.84391704713926,200,
1782388246.845675,1782388247.005631,159.9563749623485,200,
1782388246.851273,1782388247.034315,183.04041697410867,200,
1782388246.849453,1782388247.045303,195.8491670084186,200,
1782388246.849899,1782388247.0544121,204.51245899312198,200,
1782388246.847588,1782388247.079909,232.31950000626966,200,
1782388246.847012,1782388247.104429,257.41729099536315,200,
1782388246.851746,1782388247.1289291,277.18299999833107,200,
1782388246.8503659,1782388247.1330519,282.68629196099937,200,
1782388246.85251,1782388247.143958,291.44866700517014,200,
1782388246.850744,1782388247.1458828,295.13916600262746,200,
1782388246.852113,1782388247.146927,294.81466696597636,200,
1782388246.849088,1782388247.1472461,298.159833997488,200,
1782388246.848623,1782388247.164454,315.8318749628961,200,
1782388247.8467999,1782388247.944754,97.95295802177861,200,
1782388247.849092,1782388247.993748,144.65537498472258,200,
1782388247.848683,1782388248.0735831,224.89916696213186,200,
1782388247.849899,1782388248.076711,226.81154101155698,200,
1782388247.850702,1782388248.0774558,226.75379097927362,200,
1782388247.851608,1782388248.089061,237.4520000303164,200,
1782388247.8525262,1782388248.092853,240.32579199410975,200,
1782388247.851122,1782388248.107805,256.6828749841079,200,
1782388247.8534348,1782388248.1156049,262.16879195999354,200,
1782388247.852983,1782388248.133684,280.70045803906396,200,
1782388247.850301,1782388248.152409,302.1072080009617,200,
1782388247.847625,1782388248.1537979,306.1727079912089,200,
1782388247.852011,1782388248.1584482,306.43720796797425,200,
1782388247.848193,1782388248.175401,327.2086670040153,200,
1782388247.849499,1782388248.1838138,334.3157499912195,200,
1782388248.848376,1782388248.9180238,69.64649999281392,200,
1782388248.855484,1782388248.9599218,104.43729197140783,200,
1782388248.8491561,1782388248.961795,112.6371250138618,200,
1782388248.8565462,1782388248.9944909,137.94400001643226,200,
1782388248.8497422,1782388249.0153332,165.59133294504136,200,
1782388248.8502479,1782388249.0185862,168.33641700213775,200,
1782388248.854413,1782388249.019685,165.27187498286366,200,
1782388248.85072,1782388249.0234282,172.70733299665153,200,
1782388248.85378,1782388249.0343628,180.58212503092363,200,
1782388248.851371,1782388249.041889,190.51775004481897,200,
1782388248.854914,1782388249.0439758,189.06195904128253,200,
1782388248.8526568,1782388249.054965,202.3080420331098,200,
1782388248.855959,1782388249.0558012,199.84204100910574,200,
1782388248.851843,1782388249.075419,223.5749579849653,200,
1782388248.853316,1782388249.081142,227.8260409948416,200,
1782388249.8519611,1782388249.942864,90.90091602411121,200,
1782388249.849283,1782388249.949376,100.09245801484212,200,
1782388249.850111,1782388249.965469,115.35704199923202,200,
1782388249.856556,1782388250.016406,159.84854201087728,200,
1782388249.855377,1782388250.039129,183.75095800729468,200,
1782388249.851376,1782388250.045311,193.9338329830207,200,
1782388249.8548858,1782388250.0485098,193.62366700079292,200,
1782388249.853777,1782388250.064647,210.86708299117163,200,
1782388249.8571289,1782388250.065969,208.83991598384455,200,
1782388249.8576078,1782388250.067366,209.75783304311335,200,
1782388249.8532789,1782388250.069348,216.0695000202395,200,
1782388249.854298,1782388250.0729668,218.6687079956755,200,
1782388249.855904,1782388250.081129,225.2242920221761,200,
1782388249.852619,1782388250.087565,234.9464159924537,200,
1782388249.850605,1782388250.1034062,252.80195800587535,200,
1782388250.850604,1782388250.933024,82.41825003642589,200,
1782388250.8532531,1782388251.0154612,162.20716695534065,200,
1782388250.8563561,1782388251.082817,226.46145900944248,200,
1782388250.853636,1782388251.109799,256.16300001274794,200,
1782388250.8528152,1782388251.113985,261.1703750444576,200,
1782388250.856823,1782388251.1364212,279.59754201583564,200,
1782388250.855228,1782388251.150303,295.07583304075524,200,
1782388250.852302,1782388251.161598,309.2971669975668,200,
1782388250.854422,1782388251.191193,336.7709169979207,200,
1782388250.855562,1782388251.196332,340.7711669569835,200,
1782388250.857253,1782388251.196969,339.7173340199515,200,
1782388250.85406,1782388251.2012732,347.2143339458853,200,
1782388250.851709,1782388251.202208,350.50041700014845,200,
1782388250.855912,1782388251.203679,347.7687499835156,200,
1782388250.854799,1782388251.227751,372.95250000897795,200,
1782388251.859941,1782388252.645476,785.5374579667114,200,
1782388251.858489,1782388252.669926,811.4404590451159,200,
1782388251.8528168,1782388252.6706371,817.8241249988787,200,
1782388251.8756092,1782388252.736091,860.4863749933429,200,
1782388251.883466,1782388252.743674,860.2041249978356,200,
1782388251.868804,1782388252.7905412,921.7404159717262,200,
1782388251.870553,1782388252.883043,1012.4933339538984,200,
1782388251.88196,1782388253.026028,1144.073000003118,200,
1782388251.866406,1782388253.054822,1188.420041988138,200,
1782388251.877579,1782388253.0897238,1212.1510419528931,200,
1782388251.860657,1782388253.143475,1282.8222090029158,200,
1782388251.880338,1782388253.154562,1274.2308750166558,200,
1782388251.8630111,1782388253.2101812,1347.1755420323461,200,
1782388251.864039,1782388253.3960052,1531.9738329853863,200,
1782388252.8618639,1782388253.447469,585.6077499920502,200,
1782388252.859422,1782388253.462982,603.5607499652542,200,
1782388251.879067,1782388253.527304,1648.242625000421,200,
1782388252.857603,1782388253.6309602,773.3592499862425,200,
1782388252.854773,1782388253.691839,837.0674580219202,200,
1782388252.8571332,1782388253.6935601,836.4300840185024,200,
1782388252.8609111,1782388253.6974819,836.57383301761,200,
1782388252.863903,1782388253.702559,838.658916996792,200,
1782388252.860215,1782388253.710242,850.0288750510663,200,
1782388252.856575,1782388253.711705,855.1328330067918,200,
1782388252.858731,1782388253.713635,854.9067080020905,200,
1782388252.8580449,1782388253.717338,859.2967499862425,200,
1782388252.855634,1782388253.71926,863.6291250004433,200,
1782388252.8583722,1782388253.7206469,862.2791669913568,200,
1782388252.8630998,1782388253.789204,926.1082079610787,200,
1782388252.853744,1782388253.790727,936.9876249693334,200,
1782388253.854892,1782388253.9417422,86.84870798606426,200,
1782388253.860012,1782388253.9974022,137.38958298927173,200,
1782388253.858259,1782388253.999512,141.25225000316277,200,
1782388253.863701,1782388254.048755,185.05216698395088,200,
1782388253.856234,1782388254.057796,201.56070904340595,200,
1782388253.857712,1782388254.0984309,240.718208020553,200,
1782388253.8631418,1782388254.1059918,242.84862499916926,200,
1782388253.858801,1782388254.130667,271.86558302491903,200,
1782388253.861748,1782388254.146809,285.06016603205353,200,
1782388253.864343,1782388254.148274,283.93133397912607,200,
1782388253.861196,1782388254.149864,288.6682079988532,200,
1782388253.8571022,1782388254.1525629,295.4621249809861,200,
1782388253.862459,1782388254.1536472,291.1886250367388,200,
1782388253.860491,1782388254.161403,300.9125409880653,200,
1782388253.859529,1782388254.169844,310.3156250435859,200,
1782388254.8562791,1782388254.9282649,71.98395900195464,200,
1782388254.857575,1782388254.9661329,108.55633299797773,200,
1782388254.858848,1782388255.052394,193.5444999835454,200,
1782388254.8646421,1782388255.0538208,189.17929200688377,200,
1782388254.86159,1782388255.065099,203.50845903158188,200,
1782388254.8659048,1782388255.076323,210.41841595433652,200,
1782388254.862336,1782388255.07696,214.62483296636492,200,
1782388254.862901,1782388255.0953422,232.44012502254918,200,
1782388254.859607,1782388255.116004,256.3963329885155,200,
1782388254.8603241,1782388255.1281862,267.8606249974109,200,
1782388254.8583071,1782388255.133256,274.9480419442989,200,
1782388254.8635268,1782388255.138294,274.7658339794725,200,
1782388254.864098,1782388255.1411278,277.0293329958804,200,
1782388254.865313,1782388255.164396,299.08320802496746,200,
1782388254.860907,1782388255.169625,308.71766700875014,200,
1782388255.857169,1782388255.934508,77.33649999136105,200,
1782388255.8629591,1782388255.9899478,126.9863749621436,200,
1782388255.8606238,1782388255.9906309,130.00716600799933,200,
1782388255.8582442,1782388255.999506,141.2607500096783,200,
1782388255.863869,1782388256.060649,196.77966699237004,200,
1782388255.8622699,1782388256.066765,204.4934169971384,200,
1782388255.861504,1782388256.069712,208.2067919545807,200,
1782388255.865203,1782388256.0818932,216.68791701085865,200,
1782388255.865849,1782388256.093469,227.61862503830343,200,
1782388255.859948,1782388256.127048,267.09899998968467,200,
1782388255.866427,1782388256.129544,263.1167090148665,200,
1782388255.864539,1782388256.133524,268.985332979355,200,
1782388255.8591099,1782388256.146333,287.22266701515764,200,
1782388255.867646,1782388256.152123,284.47754099033773,200,
1782388255.867052,1782388256.1574569,290.4049580101855,200,
1782388256.8582048,1782388256.935008,76.800583046861,200,
1782388256.86187,1782388256.949672,87.8013750188984,200,
1782388256.8594189,1782388256.980067,120.64558401471004,200,
1782388256.861204,1782388257.0048199,143.61591695342213,200,
1782388256.8603451,1782388257.046954,186.6074160207063,200,
1782388256.867831,1782388257.052723,184.89141698228195,200,
1782388256.864028,1782388257.0666199,202.5913749821484,200,
1782388256.865619,1782388257.0776162,211.99679101118818,200,
1782388256.863287,1782388257.0855832,222.29645896004513,200,
1782388256.867187,1782388257.096259,229.07041700091213,200,
1782388256.8648949,1782388257.105173,240.2774590300396,200,
1782388256.862614,1782388257.109084,246.47020897828043,200,
1782388256.86648,1782388257.1450958,278.6167499725707,200,
1782388256.8698409,1782388257.1461089,276.2686249916442,200,
1782388256.868636,1782388257.152027,283.3924160222523,200,
1782388257.8601742,1782388257.9481568,87.98075001686811,200,
1782388257.863843,1782388257.954644,90.80000000540167,200,
1782388257.859266,1782388257.958245,98.97804202046245,200,
1782388257.861513,1782388258.0227141,161.19916702155024,200,
1782388257.86439,1782388258.039961,175.57041702093557,200,
1782388257.863286,1782388258.059659,196.37179200071841,200,
1782388257.8676531,1782388258.061214,193.56058299308643,200,
1782388257.862195,1782388258.085252,223.05645799497142,200,
1782388257.86716,1782388258.11004,242.8803329821676,200,
1782388257.864953,1782388258.114749,249.79633401380852,200,
1782388257.8659441,1782388258.119738,253.79404099658132,200,
1782388257.8665779,1782388258.12906,262.48212496284395,200,
1782388257.865441,1782388258.130226,264.78608296019956,200,
1782388257.862705,1782388258.1336708,270.96641599200666,200,
1782388257.860916,1782388258.13478,273.8650420214981,200,
1782388258.8623989,1782388258.990931,128.531499998644,200,
1782388258.864375,1782388258.995606,131.23125000856817,200,
1782388258.863111,1782388259.004884,141.77304197801277,200,
1782388258.867428,1782388259.117982,250.55200001224875,200,
1782388258.866177,1782388259.1331131,266.93629199871793,200,
1782388258.866577,1782388259.1434722,276.89591696253046,200,
1782388258.864907,1782388259.180429,315.5227499664761,200,
1782388258.865364,1782388259.181566,316.20383297558874,200,
1782388258.863679,1782388259.1853151,321.6359580401331,200,
1782388258.860971,1782388259.1862762,325.30700002098456,200,
1782388258.868212,1782388259.203319,335.1072500227019,200,
1782388258.868607,1782388259.206025,337.41849998477846,200,
1782388258.8669949,1782388259.209354,342.3599169473164,200,
1782388258.865738,1782388259.2102242,344.4872079999186,200,
1782388258.867831,1782388259.248658,380.8279169606976,200,
1782388259.86219,1782388259.9423869,80.19737503491342,200,
1782388259.863113,1782388259.997702,134.58899996476248,200,
1782388259.864495,1782388260.04949,184.99454198172316,200,
1782388259.8659909,1782388260.0641541,198.16349999746308,200,
1782388259.86554,1782388260.0750809,209.54095799243078,200,
1782388259.8686569,1782388260.078305,209.64816701598465,200,
1782388259.86407,1782388260.0907478,226.67616698890924,200,
1782388259.863584,1782388260.117961,254.37570898793638,200,
1782388259.868279,1782388260.138484,270.2044579782523,200,
1782388259.866462,1782388260.1593542,292.89329098537564,200,
1782388259.867817,1782388260.1607418,292.9253749898635,200,
1782388259.869181,1782388260.1614609,292.28041699388996,200,
1782388259.866862,1782388260.1619892,295.1277910033241,200,
1782388259.867438,1782388260.1632261,295.78920803032815,200,
1782388259.865021,1782388260.1844401,319.4197499542497,200,
1782388260.8640902,1782388260.949964,85.87154099950567,200,
1782388260.867158,1782388261.016972,149.81329202419147,200,
1782388260.863277,1782388261.023125,159.84808403300121,200,
1782388260.868542,1782388261.12353,254.9886660417542,200,
1782388260.867666,1782388261.1798809,312.21499998355284,200,
1782388260.8646662,1782388261.181031,316.3644589949399,200,
1782388260.8652182,1782388261.1863658,321.14754198119044,200,
1782388260.866156,1782388261.190145,323.98975000251085,200,
1782388260.868907,1782388261.195634,326.7273749806918,200,
1782388260.8701289,1782388261.198883,328.754625050351,200,
1782388260.868191,1782388261.19982,331.63037500344217,200,
1782388260.8665679,1782388261.2013829,334.8157089785673,200,
1782388260.869747,1782388261.202376,332.62991602532566,200,
1782388260.869296,1782388261.203113,333.8185839820653,200,
1782388260.8656352,1782388261.205947,340.3128750505857,200,
1782388261.874666,1782388262.1029298,228.26416697353125,200,
1782388261.880619,1782388262.128584,247.96395795419812,200,
1782388261.863722,1782388262.138203,274.48079094756395,200,
1782388261.8710709,1782388262.1512132,280.1424169447273,200,
1782388261.869677,1782388262.27951,409.83416698873043,200,
1782388261.8758268,1782388262.285571,409.74483301397413,200,
1782388261.8877618,1782388262.2950988,407.33729099156335,200,
1782388261.87638,1782388262.303457,427.0767080015503,200,
1782388261.872279,1782388262.3060591,433.78100002883,200,
1782388261.8826182,1782388262.3067389,424.1216250229627,200,
1782388261.867581,1782388262.30757,439.9907499901019,200,
1782388261.877594,1782388262.308191,430.5992500158027,200,
1782388261.8683038,1782388262.310554,442.25149997510016,200,
1782388261.868881,1782388262.317321,448.44091695267707,200,
1782388261.878634,1782388262.33631,457.67724997131154,200,
1782388262.864758,1782388262.94139,76.63100003264844,200,
1782388262.8672938,1782388262.993634,126.33766600629315,200,
1782388262.865721,1782388262.9946702,128.94833303289488,200,
1782388262.868692,1782388262.995185,126.49162497837096,200,
1782388262.868271,1782388263.042034,173.76299999887124,200,
1782388262.8724768,1782388263.063159,190.68200001493096,200,
1782388262.870334,1782388263.0702279,199.89287503995,200,
1782388262.867755,1782388263.080068,212.31212496059015,200,
1782388262.871915,1782388263.1228852,250.97087502945215,200,
1782388262.866417,1782388263.129138,262.7194589585997,200,
1782388262.869216,1782388263.131068,261.8517499649897,200,
1782388262.870822,1782388263.14541,274.58912500878796,200,
1782388262.8697011,1782388263.15636,286.6595829837024,200,
1782388262.86689,1782388263.1581728,291.2832080037333,200,
1782388262.8714151,1782388263.1647942,293.37941703852266,200,
1782388263.865228,1782388263.956324,91.0937090520747,200,
1782388263.8661919,1782388263.9697468,103.55362499831244,200,
1782388263.867636,1782388264.01473,147.09350001066923,200,
1782388263.870833,1782388264.104168,233.33466600161046,200,
1782388263.8665862,1782388264.109331,242.74312501074746,200,
1782388263.869293,1782388264.109744,240.45191600453109,200,
1782388263.8683782,1782388264.1131468,244.76766696898267,200,
1782388263.868719,1782388264.1145558,245.8369160303846,200,
1782388263.8680341,1782388264.135457,267.42308295797557,200,
1782388263.870112,1782388264.159864,289.7517079836689,200,
1782388263.871136,1782388264.168319,297.1834589843638,200,
1782388263.869698,1782388264.169779,300.0814589904621,200,
1782388263.87151,1782388264.187139,315.6301249982789,200,
1782388263.8704882,1782388264.190471,319.98395803384483,200,
1782388263.867146,1782388264.201834,334.68804199947044,200,
1782388264.867023,1782388264.984368,117.34499997692183,200,
1782388264.868614,1782388265.011429,142.81416597077623,200,
1782388264.866307,1782388265.052565,186.25724996672943,200,
1782388264.872087,1782388265.063643,191.55441701877862,200,
1782388264.870354,1782388265.0906398,220.286916999612,200,
1782388264.873399,1782388265.0916731,218.2731669745408,200,
1782388264.869775,1782388265.1014102,231.634792056866,200,
1782388264.867559,1782388265.109366,241.80683301528916,200,
1782388264.8729868,1782388265.125331,252.34266597544774,200,
1782388264.8692899,1782388265.133405,264.1139579936862,200,
1782388264.871638,1782388265.153816,282.17724995920435,200,
1782388264.872538,1782388265.159015,286.4772499888204,200,
1782388264.8707662,1782388265.159748,288.98212499916553,200,
1782388264.868176,1782388265.169641,301.4664999791421,200,
1782388264.871223,1782388265.1743202,303.09737497009337,200,
1782388265.869111,1782388265.973025,103.91308402176946,200,
1782388265.866983,1782388265.9782588,111.2758339731954,200,
1782388265.867712,1782388266.0071301,139.41733300453052,200,
1782388265.8686259,1782388266.057465,188.8384169433266,200,
1782388265.870031,1782388266.06603,195.99741703132167,200,
1782388265.869531,1782388266.088154,218.6224169563502,200,
1782388265.870837,1782388266.089605,218.76766602508724,200,
1782388265.872187,1782388266.115938,243.74983296729624,200,
1782388265.8732731,1782388266.1193862,246.11308402381837,200,
1782388265.871752,1782388266.121731,249.97791601344943,200,
1782388265.870441,1782388266.1231732,252.7328329742886,200,
1782388265.868256,1782388266.1386611,270.4047500155866,200,
1782388265.872905,1782388266.147727,274.82245897408575,200,
1782388265.8713112,1782388266.15336,282.0493750041351,200,
1782388265.872541,1782388266.162081,289.54154101666063,200,
1782388266.868105,1782388266.956319,88.2126250071451,200,
1782388266.868937,1782388266.976801,107.86362498765811,200,
1782388266.8706079,1782388267.0355158,164.90575001807883,200,
1782388266.87536,1782388267.04906,173.6993750091642,200,
1782388266.8714519,1782388267.05293,181.4774579834193,200,
1782388266.8701398,1782388267.054483,184.34287497075275,200,
1782388266.874917,1782388267.059055,184.1365410364233,200,
1782388266.872861,1782388267.061134,188.27258300734684,200,
1782388266.871037,1782388267.061756,190.71925000753254,200,
1782388266.8696299,1782388267.087414,217.7838750067167,200,
1782388266.8718662,1782388267.088755,216.88920899759978,200,
1782388266.873816,1782388267.0947049,220.88983398862183,200,
1782388266.874455,1782388267.1047812,230.3260830231011,200,
1782388266.8723981,1782388267.113394,240.99679198116064,200,
1782388266.8733492,1782388267.121238,247.8897919645533,200,
1782388267.8701499,1782388268.1085088,238.3588749798946,200,
1782388267.880904,1782388268.1609228,280.01841699006036,200,
1782388267.869169,1782388268.162106,292.937750054989,200,
1782388267.873749,1782388268.244895,371.14583305083215,200,
1782388267.868395,1782388268.246154,377.75995797710493,200,
1782388267.87186,1782388268.250051,378.191165975295,200,
1782388267.8713138,1782388268.2785,407.1872499771416,200,
1782388267.877269,1782388268.281309,404.0404580300674,200,
1782388267.878599,1782388268.293356,414.7572499932721,200,
1782388267.872361,1782388268.295177,422.8162080398761,200,
1782388267.8733702,1782388268.2958121,422.44387505343184,200,
1782388267.87991,1782388268.298818,418.90770802274346,200,
1782388267.869604,1782388268.299489,429.8866660101339,200,
1782388267.87067,1782388268.305543,434.8752920050174,200,
1782388267.875859,1782388268.3201668,444.3088340340182,200,
1782388268.871108,1782388268.9709408,99.83149997424334,200,
1782388268.874568,1782388268.981428,106.85758298495784,200,
1782388268.8700778,1782388268.987964,117.88445798447356,200,
1782388268.8771179,1782388269.0435781,166.45920800510794,200,
1782388268.872847,1782388269.0531359,180.28787500225008,200,
1782388268.872215,1782388269.0814972,209.2822919948958,200,
1782388268.871648,1782388269.096144,224.49458297342062,200,
1782388268.8755069,1782388269.124007,248.49999998696148,200,
1782388268.8750799,1782388269.149463,274.3831669795327,200,
1782388268.8775208,1782388269.152891,275.3703750204295,200,
1782388268.876747,1782388269.154146,277.38791599404067,200,
1782388268.876363,1782388269.156608,280.245499976445,200,
1782388268.875921,1782388269.159963,284.0421670116484,200,
1782388268.873874,1782388269.166833,292.9592919535935,200,
1782388268.873347,1782388269.190896,317.5491250003688,200,
1782388269.87279,1782388269.962566,89.77537497412413,200,
1782388269.87045,1782388269.9891741,118.72216704068705,200,
1782388269.874453,1782388270.0680408,193.58783296775073,200,
1782388269.873505,1782388270.068861,195.35679201362655,200,
1782388269.877871,1782388270.096095,218.2243749848567,200,
1782388269.877227,1782388270.168811,291.58375004772097,200,
1782388269.871812,1782388270.170416,298.6036249785684,200,
1782388269.875475,1782388270.205076,329.6015420346521,200,
1782388269.878415,1782388270.2226958,344.28216598462313,200,
1782388269.874895,1782388270.2264562,351.5621669939719,200,
1782388269.872316,1782388270.2278368,355.5210829945281,200,
1782388269.87403,1782388270.233942,359.91304100025445,200,
1782388269.876087,1782388270.238226,362.1395410154946,200,
1782388269.876553,1782388270.2422101,365.65508297644556,200,
1782388269.871331,1782388270.247179,375.84925000555813,200,
1782388270.87406,1782388270.97031,96.24941705260426,200,
1782388270.871156,1782388271.070647,199.48995899176225,200,
1782388270.876489,1782388271.3081799,431.69187498278916,200,
1782388270.8723352,1782388271.357383,485.0486669456586,200,
1782388270.8750238,1782388271.417374,542.3517500166781,200,
1782388270.872907,1782388271.440305,567.4007500056177,200,
1782388270.876053,1782388271.448142,572.0907500362955,200,
1782388270.878316,1782388271.4498181,571.5026669786312,200,
1782388270.8770418,1782388271.505248,628.2067919964902,200,
1782388270.873464,1782388271.5095308,636.068791965954,200,
1782388270.87456,1782388271.521479,646.920791012235,200,
1782388270.8754508,1782388271.5388968,663.447291997727,200,
1782388270.8793359,1782388271.551383,672.049957967829,200,
1782388270.878817,1782388271.5528,673.9867079886608,200,
1782388270.877631,1782388271.5668669,689.2387910047546,200,
1782388271.8744168,1782388272.02282,148.40191701659933,200,
1782388271.876656,1782388272.025101,148.4441250213422,200,
1782388271.874974,1782388272.080833,205.85858297999948,200,
1782388271.8772979,1782388272.08935,212.05104095861316,200,
1782388271.876123,1782388272.14029,264.16712504578754,200,
1782388271.883451,1782388272.145691,262.2391249751672,200,
1782388271.872043,1782388272.147226,275.18245799001306,200,
1782388271.8795252,1782388272.162037,282.5114169972949,200,
1782388271.878664,1782388272.184554,305.8906250516884,200,
1782388271.882069,1782388272.184991,302.9234589776024,200,
1782388271.873869,1782388272.194423,320.55383297847584,200,
1782388271.875586,1782388272.204672,329.08625004347414,200,
1782388271.880851,1782388272.207371,326.5207500080578,200,
1782388271.873183,1782388272.209136,335.9535410418175,200,
1782388271.878016,1782388272.2113159,333.30079197185114,200,
1782388272.873109,1782388272.976266,103.15599996829405,200,
1782388272.8752031,1782388272.9887931,113.58941701473668,200,
1782388272.876603,1782388273.038095,161.4911670330912,200,
1782388272.878634,1782388273.057211,178.5754999727942,200,
1782388272.879288,1782388273.086167,206.87850000103936,200,
1782388272.877395,1782388273.087635,210.23987501394004,200,
1782388272.8739269,1782388273.0900412,216.1126669961959,200,
1782388272.879863,1782388273.0979898,218.1254590395838,200,
1782388272.8805609,1782388273.098677,218.1169159593992,200,
1782388272.876179,1782388273.10228,226.1013339739293,200,
1782388272.878016,1782388273.107677,229.66154100140557,200,
1782388272.876998,1782388273.119234,242.2368330298923,200,
1782388272.875641,1782388273.1242712,248.62875003600493,200,
1782388272.874707,1782388273.134581,259.874708019197,200,
1782388272.8743339,1782388273.1486878,274.3552079773508,200,
1782388273.874784,1782388273.9628742,88.08837505057454,200,
1782388273.874051,1782388273.969399,95.34645901294425,200,
1782388273.876616,1782388274.071143,194.52662504045293,200,
1782388273.8762271,1782388274.071444,195.2166670234874,200,
1782388273.877416,1782388274.1012769,223.8604580052197,200,
1782388273.880099,1782388274.103616,223.51574996719137,200,
1782388273.8782349,1782388274.1605718,282.33595902565867,200,
1782388273.8757188,1782388274.164198,288.47895801300183,200,
1782388273.87696,1782388274.1653178,288.3572910213843,200,
1782388273.879585,1782388274.167192,287.60679200058803,200,
1782388273.875297,1782388274.17594,300.64249999122694,200,
1782388273.878657,1782388274.177341,298.6838750075549,200,
1782388273.877843,1782388274.1841621,306.31983396597207,200,
1782388273.8791292,1782388274.193398,314.269291004166,200,
1782388273.880662,1782388274.1967092,316.0477909841575,200,
1782388274.875181,1782388274.9627168,87.5346670509316,200,
1782388274.875844,1782388274.9737332,97.88100002333522,200,
1782388274.876868,1782388275.0311801,154.31099996203557,200,
1782388274.8762162,1782388275.0336351,157.41862502181903,200,
1782388274.878929,1782388275.0340521,155.12224996928126,200,
1782388274.877859,1782388275.0734808,195.62195800244808,200,
1782388274.877474,1782388275.0744371,196.96224998915568,200,
1782388274.87836,1782388275.078856,200.4949160036631,200,
1782388274.8811579,1782388275.080253,199.09370801178738,200,
1782388274.8765461,1782388275.081789,205.24333301000297,200,
1782388274.8795168,1782388275.082388,202.8719160007313,200,
1782388274.880623,1782388275.093836,213.21133396122605,200,
1782388274.880279,1782388275.105757,225.4770829458721,200,
1782388274.879929,1782388275.121189,241.2484580418095,200,
1782388274.881739,1782388275.149569,267.83029100624844,200,
1782388275.8763049,1782388275.963376,87.06841600360349,200,
1782388275.8784032,1782388276.014582,136.17904199054465,200,
1782388275.877057,1782388276.03148,154.42237502429634,200,
1782388275.879789,1782388276.042291,162.5013750162907,200,
1782388275.879292,1782388276.051392,172.0985000138171,200,
1782388275.8828402,1782388276.086784,203.9428330026567,200,
1782388275.880895,1782388276.090334,209.43770901067182,200,
1782388275.8832839,1782388276.091528,208.24483298929408,200,
1782388275.877975,1782388276.0975869,219.61179201025516,200,
1782388275.88237,1782388276.108877,226.50562500348315,200,
1782388275.8813171,1782388276.1116312,230.31366697978228,200,
1782388275.880414,1782388276.11613,235.71491602342576,200,
1782388275.877537,1782388276.131125,253.5888340207748,200,
1782388275.878845,1782388276.141998,263.1534159881994,200,
1782388275.8818948,1782388276.142712,260.8182080439292,200,
1782388276.87947,1782388276.9431438,63.67258296813816,200,
1782388276.8807738,1782388276.9824882,101.71383299166337,200,
1782388276.877162,1782388276.986745,109.58175000268966,200,
1782388276.8803468,1782388276.99,109.65124994982034,200,
1782388276.878526,1782388277.04495,166.42320901155472,200,
1782388276.881184,1782388277.055258,174.07312500290573,200,
1782388276.877975,1782388277.0638871,185.9111249796115,200,
1782388276.883424,1782388277.066037,182.6133329886943,200,
1782388276.88252,1782388277.067153,184.63262502336875,200,
1782388276.878975,1782388277.08296,203.98420799756423,200,
1782388276.883822,1782388277.089133,205.31024999218062,200,
1782388276.881675,1782388277.099443,217.76858298107982,200,
1782388276.8830101,1782388277.1037571,220.74683295795694,200,
1782388276.882093,1782388277.1052108,223.11812499538064,200,
1782388276.879925,1782388277.117345,237.4199999612756,200,
1782388277.877783,1782388277.970965,93.18041702499613,200,
1782388277.8837109,1782388278.079416,195.70466701406986,200,
1782388277.8823411,1782388278.1539881,271.64770901435986,200,
1782388277.8811898,1782388278.162706,281.51479095686227,200,
1782388277.878579,1782388278.166104,287.5243329908699,200,
1782388277.8827362,1782388278.174928,292.1917079947889,200,
1782388277.880094,1782388278.1970718,316.9772920082323,200,
1782388277.8818939,1782388278.20691,325.01587498700246,200,
1782388277.8795588,1782388278.211187,331.6273340024054,200,
1782388277.879093,1782388278.212862,333.7698749965057,200,
1782388277.8841531,1782388278.214148,329.99574998393655,200,
1782388277.883229,1782388278.217739,334.51158297248185,200,
1782388277.884573,1782388278.22165,337.078082957305,200,
1782388277.88067,1782388278.222496,341.8273340212181,200,
1782388277.8849869,1782388278.2358148,350.82833300111815,200,
