sent_ts,timestamp,latency_ms,status,error
1782389052.280146,1782389052.648897,368.7505829730071,200,
1782389052.2804322,1782389052.655854,375.42137497803196,200,
1782389052.2802901,1782389052.661165,380.8756250073202,200,
1782389052.279454,1782389052.839187,559.7344159614295,200,
1782389052.2742882,1782389052.840193,565.9072080161422,200,
1782389052.279843,1782389052.857939,578.0983329750597,200,
1782389052.280714,1782389052.859027,578.3147920155898,200,
1782389052.28,1782389052.862009,582.0116249960847,200,
1782389052.2805738,1782389052.863181,582.6095420052297,200,
1782389052.279681,1782389052.8712058,591.5265830117278,200,
1782389053.274633,1782389053.3685372,93.90345797874033,200,
1782389053.276837,1782389053.441503,164.66575005324557,200,
1782389053.277314,1782389053.493927,216.61225002026185,200,
1782389053.279689,1782389053.495192,215.50416701938957,200,
1782389053.276173,1782389053.505777,229.6024999814108,200,
1782389053.277854,1782389053.513521,235.66674999892712,200,
1782389053.278406,1782389053.514494,236.08858295483515,200,
1782389053.2789912,1782389053.519349,240.35841698059812,200,
1782389053.280926,1782389053.51986,238.93479094840586,200,
1782389053.280185,1782389053.529068,248.88345797080547,200,
1782389054.275947,1782389054.360286,84.33654095279053,200,
1782389054.277002,1782389054.422591,145.58925002347678,200,
1782389054.278614,1782389054.4488268,170.21204199409112,200,
1782389054.279386,1782389054.510248,230.8611249900423,200,
1782389054.276672,1782389054.523254,246.58149998867884,200,
1782389054.277309,1782389054.540504,263.1951660150662,200,
1782389054.2763362,1782389054.541196,264.8589159944095,200,
1782389054.2789419,1782389054.5451741,266.2320419913158,200,
1782389054.275041,1782389054.5463,271.2592919706367,200,
1782389054.278253,1782389054.580106,301.8522089696489,200,
1782389054.277859,1782389054.609956,332.09766703657806,200,
1782389055.27779,1782389055.3442292,66.43662496935576,200,
1782389055.275601,1782389055.353732,78.12966697383672,200,
1782389055.2763479,1782389055.3813062,104.95583299780264,200,
1782389055.278881,1782389055.389089,110.20749999443069,200,
1782389055.2800121,1782389055.459114,179.10104198381305,200,
1782389055.27685,1782389055.460871,184.02062496170402,200,
1782389055.279237,1782389055.464693,185.4552500299178,200,
1782389055.2772639,1782389055.470289,193.0247080163099,200,
1782389055.2785048,1782389055.47157,193.0645420216024,200,
1782389055.279694,1782389055.4817321,202.03824999043718,200,
1782389055.278143,1782389055.509176,231.03341698879376,200,
1782389056.280155,1782389056.3963652,116.20883399154991,200,
1782389056.27914,1782389056.4017768,122.63604201143607,200,
1782389056.2778208,1782389056.411102,133.27212497824803,200,
1782389056.276835,1782389056.4465978,169.76191598223522,200,
1782389056.278232,1782389056.460053,181.82008399162441,200,
1782389056.2817621,1782389056.48297,201.20829198276624,200,
1782389056.2794838,1782389056.4883358,208.85229198029265,200,
1782389056.2797928,1782389056.49889,219.09608400892466,200,
1782389056.2808828,1782389056.503627,222.7430830243975,200,
1782389056.281225,1782389056.540549,259.3245409661904,200,
1782389056.28053,1782389056.5528011,272.27199997287244,200,
1782389056.2787788,1782389056.5575528,278.77379197161645,200,
1782389057.279537,1782389057.377741,98.20279100676998,200,
1782389057.2781599,1782389057.398485,120.32350001391023,200,
1782389057.281148,1782389057.443599,162.45062503730878,200,
1782389057.280193,1782389057.48841,208.21504201740026,200,
1782389057.28063,1782389057.490143,209.51287500793114,200,
1782389057.286465,1782389057.495494,209.02775001013651,200,
1782389057.284534,1782389057.52481,240.27558299712837,200,
1782389057.28212,1782389057.526804,244.68462500954047,200,
1782389057.283783,1782389057.532471,248.68650001008064,200,
1782389057.2850509,1782389057.53511,250.05875003989786,200,
1782389057.285891,1782389057.545235,259.34470898937434,200,
1782389057.282887,1782389057.573716,290.82975001074374,200,
1782389058.280299,1782389058.382004,101.70445899711922,200,
1782389058.286305,1782389058.450798,164.49229198042303,200,
1782389058.281997,1782389058.454619,172.62037500040606,200,
1782389058.2808268,1782389058.462563,181.7351250210777,200,
1782389058.279192,1782389058.4747121,195.5202089739032,200,
1782389058.28531,1782389058.4885561,203.24533298844472,200,
1782389058.2835488,1782389058.515595,232.04637499293312,200,
1782389058.2848132,1782389058.522638,237.82404197845608,200,
1782389058.2857769,1782389058.525802,240.02637498779222,200,
1782389058.282964,1782389058.5318148,248.8521250197664,200,
1782389058.2867541,1782389058.538058,251.30433304002509,200,
1782389058.281462,1782389058.5406342,259.17249999474734,200,
1782389058.282503,1782389058.558989,276.4869999955408,200,
1782389059.280318,1782389059.382441,102.12116700131446,200,
1782389059.281315,1782389059.409089,127.77174997609109,200,
1782389059.28437,1782389059.450212,165.84041703026742,200,
1782389059.283085,1782389059.460576,177.4903329787776,200,
1782389059.288861,1782389059.47701,188.14749998273328,200,
1782389059.281973,1782389059.480714,198.73937498778105,200,
1782389059.2825541,1782389059.481958,199.40329098608345,200,
1782389059.284958,1782389059.489391,204.43087501917034,200,
1782389059.2866719,1782389059.491638,204.96600004844368,200,
1782389059.286023,1782389059.4923892,206.36554103111848,200,
1782389059.283763,1782389059.493951,210.18879197072238,200,
1782389059.289382,1782389059.504464,215.081708971411,200,
1782389059.2855139,1782389059.510686,225.17204203177243,200,
1782389059.287214,1782389059.5167449,229.53079105354846,200,
1782389060.280882,1782389060.3969522,116.0692079574801,200,
1782389060.281801,1782389060.408777,126.97533296886832,200,
1782389060.283651,1782389060.416873,133.22120800148696,200,
1782389060.2889512,1782389060.549545,260.5932090082206,200,
1782389060.282491,1782389060.558264,275.77345800818875,200,
1782389060.283027,1782389060.559753,276.72604098916054,200,
1782389060.2847009,1782389060.567917,283.2164170104079,200,
1782389060.284202,1782389060.57251,288.3074159617536,200,
1782389060.287018,1782389060.5765948,289.57737499149516,200,
1782389060.286488,1782389060.588393,301.90500000026077,200,
1782389060.287951,1782389060.591973,304.02108299313113,200,
1782389060.285312,1782389060.597909,312.59729200974107,200,
1782389060.2859552,1782389060.619752,333.79737503128126,200,
1782389060.289933,1782389060.625108,335.1760419900529,200,
1782389061.283595,1782389061.454401,170.80395901575685,200,
1782389061.2839522,1782389061.458238,174.28679199656472,200,
1782389061.284283,1782389061.5163782,232.09441703511402,200,
1782389061.2870378,1782389061.587639,300.60195905389264,200,
1782389061.287362,1782389061.588323,300.961000029929,200,
1782389061.285047,1782389061.5889401,303.8939170073718,200,
1782389061.286039,1782389061.592036,305.9968749876134,200,
1782389061.2828019,1782389061.604876,322.0744580030441,200,
1782389061.28322,1782389061.6076632,324.4428330217488,200,
1782389061.285387,1782389061.613121,327.7336669852957,200,
1782389061.286386,1782389061.6200068,333.621249999851,200,
1782389061.284665,1782389061.622334,337.6686670235358,200,
1782389061.285711,1782389061.6327171,347.0069590257481,200,
1782389061.282026,1782389061.633117,351.092291995883,200,
1782389061.286722,1782389061.641906,355.1845829933882,200,
1782389062.2912698,1782389062.396201,104.92925002472475,200,
1782389062.292764,1782389062.441105,148.34054099628702,200,
1782389062.3045208,1782389062.48508,180.55862502660602,200,
1782389062.3036091,1782389062.529144,225.53616599179804,200,
1782389062.29456,1782389062.5305548,235.9958339948207,200,
1782389062.2962408,1782389062.5357811,239.5392920006998,200,
1782389062.301016,1782389062.539273,238.25575003866106,200,
1782389062.302358,1782389062.5502982,247.9377500130795,200,
1782389062.2988741,1782389062.552542,253.66808398393914,200,
1782389062.293643,1782389062.553854,260.210707958322,200,
1782389062.29536,1782389062.556403,261.0441669821739,200,
1782389062.2978811,1782389062.557004,259.12445900030434,200,
1782389062.296967,1782389062.559962,262.99575000302866,200,
1782389062.305344,1782389062.560919,255.57608401868492,200,
1782389062.299812,1782389062.562481,262.6699579996057,200,
1782389063.2909162,1782389063.4175391,126.62200001068413,200,
1782389063.295841,1782389063.437608,141.76700002280995,200,
1782389063.292408,1782389063.43989,147.48049998888746,200,
1782389063.3019788,1782389063.530187,228.20812498684973,200,
1782389063.293673,1782389063.777971,484.2987909796648,200,
1782389063.298026,1782389063.7848692,486.8447909830138,200,
1782389063.298742,1782389063.789975,491.23458296526223,200,
1782389063.296662,1782389063.7933109,496.6507090139203,200,
1782389063.3026571,1782389063.801518,498.86095803231,200,
1782389063.29497,1782389063.8133938,518.4256249922328,200,
1782389063.300094,1782389063.81972,519.627915986348,200,
1782389063.297345,1782389063.826015,528.6713339737616,200,
1782389063.2994308,1782389063.843393,543.9640000113286,200,
1782389063.303232,1782389063.871726,568.4949579881504,200,
1782389063.301389,1782389063.8849,583.512291952502,200,
1782389063.300853,1782389063.8925261,591.6757499799132,200,
1782389064.29646,1782389064.565428,268.96662497892976,200,
1782389064.296003,1782389064.583898,287.8960419911891,200,
1782389064.295166,1782389064.602512,307.3460420127958,200,
1782389064.294705,1782389064.634441,339.73658399190754,200,
1782389064.2934332,1782389064.6388822,345.44820798328146,200,
1782389064.301756,1782389064.643975,342.22012502141297,200,
1782389064.300491,1782389064.655401,354.9092080211267,200,
1782389064.299137,1782389064.6790679,379.93183301296085,200,
1782389064.2956128,1782389064.690055,394.4420829648152,200,
1782389064.292185,1782389064.691285,399.10158299608156,200,
1782389064.294026,1782389064.6937878,399.7631670208648,200,
1782389064.299774,1782389064.694496,394.7234580409713,200,
1782389064.2986822,1782389064.69964,400.95858299173415,200,
1782389064.2980359,1782389064.703903,405.8687089709565,200,
1782389064.297447,1782389064.7252328,427.78699996415526,200,
1782389064.2969532,1782389064.726124,429.17225003475323,200,
1782389064.301078,1782389064.73018,429.1028750012629,200,
1782389065.295221,1782389065.398728,103.50566601846367,200,
1782389065.293489,1782389065.468651,175.16045802040026,200,
1782389065.296612,1782389065.52271,226.0981670115143,200,
1782389065.301954,1782389065.5268621,224.90679199108854,200,
1782389065.29858,1782389065.555223,256.64199999300763,200,
1782389065.29712,1782389065.55644,259.32058301987126,200,
1782389065.300151,1782389065.5656252,265.47466695774347,200,
1782389065.295956,1782389065.576468,280.5110409972258,200,
1782389065.297611,1782389065.5787299,281.11908299615607,200,
1782389065.298069,1782389065.5890791,291.01041599642485,200,
1782389065.3014889,1782389065.5902798,288.7918750056997,200,
1782389065.3006458,1782389065.5915892,290.9442080417648,200,
1782389065.299366,1782389065.602977,303.6117920419201,200,
1782389065.299777,1782389065.6048498,305.07312499685213,200,
1782389065.2989912,1782389065.605713,306.7230830201879,200,
1782389065.3025448,1782389065.616195,313.6509589967318,200,
1782389065.3010502,1782389065.655033,353.9843749604188,200,
1782389066.2951481,1782389066.382515,87.36637502443045,200,
1782389066.2944279,1782389066.419241,124.8113329638727,200,
1782389066.296552,1782389066.4914298,194.8774170014076,200,
1782389066.297208,1782389066.525429,228.22020802414045,200,
1782389066.2978141,1782389066.5320032,234.18804095126688,200,
1782389066.3006332,1782389066.550812,250.17750001279637,200,
1782389066.296905,1782389066.555365,258.4599159890786,200,
1782389066.298229,1782389066.5992808,301.05137499049306,200,
1782389066.2993228,1782389066.642925,343.60220801318064,200,
1782389066.301944,1782389066.643511,341.56775003066286,200,
1782389066.3009841,1782389066.667666,366.68350000400096,200,
1782389066.2998788,1782389066.670537,370.65774999791756,200,
1782389066.298957,1782389066.712449,413.4927919949405,200,
1782389066.296149,1782389066.733301,437.15362501097843,200,
1782389066.2955542,1782389066.734711,439.1592920292169,200,
1782389066.298614,1782389066.745632,447.0198330236599,200,
1782389066.301455,1782389066.750784,449.3308340315707,200,
1782389066.300283,1782389066.757838,457.5569169828668,200,
1782389067.296948,1782389067.394826,97.87812503054738,200,
1782389067.29569,1782389067.4324338,136.74233300844207,200,
1782389067.299384,1782389067.442682,143.29658297356218,200,
1782389067.2986271,1782389067.477615,178.98733296897262,200,
1782389067.306932,1782389067.541586,234.65316701913252,200,
1782389067.308473,1782389067.5548182,246.34387501282617,200,
1782389067.301387,1782389067.561226,259.8385839955881,200,
1782389067.310647,1782389067.562957,252.3097079829313,200,
1782389067.302529,1782389067.5637891,261.25983300153166,200,
1782389067.303529,1782389067.5654552,261.92591700237244,200,
1782389067.304427,1782389067.572278,267.85191701492295,200,
1782389067.306133,1782389067.580153,274.02041701134294,200,
1782389067.309223,1782389067.581121,271.89937501680106,200,
1782389067.3077261,1782389067.587459,279.7336659859866,200,
1782389067.297816,1782389067.588327,290.51208298187703,200,
1782389067.30997,1782389067.589256,279.2866249801591,200,
1782389067.30037,1782389067.591537,291.1675829673186,200,
1782389067.305221,1782389067.599529,294.3087090388872,200,
1782389068.298181,1782389068.405041,106.85862501850352,200,
1782389068.30029,1782389068.496232,195.94075001077726,200,
1782389068.307849,1782389068.5181582,210.30791598604992,200,
1782389068.296909,1782389068.539637,242.7272919449024,200,
1782389068.302152,1782389068.585216,283.06304197758436,200,
1782389068.308397,1782389068.603348,294.9510000180453,200,
1782389068.301507,1782389068.605781,304.2735420167446,200,
1782389068.307313,1782389068.606377,299.0647910046391,200,
1782389068.3056881,1782389068.608211,302.5220410199836,200,
1782389068.305131,1782389068.627844,322.71316699916497,200,
1782389068.300939,1782389068.628621,327.682500006631,200,
1782389068.29896,1782389068.646564,347.603666014038,200,
1782389068.30624,1782389068.6505,344.25958298379555,200,
1782389068.304579,1782389068.660733,356.1539590009488,200,
1782389068.3039958,1782389068.67183,367.8347090026364,200,
1782389068.306773,1782389068.674325,367.55141703179106,200,
1782389068.299576,1782389068.694313,394.7384160128422,200,
1782389068.302799,1782389068.705232,402.4335000431165,200,
1782389068.3034391,1782389068.709981,406.5430830232799,200,
1782389069.297765,1782389069.382922,85.15450003324077,200,
1782389069.303931,1782389069.451838,147.9058749973774,200,
1782389069.3101661,1782389069.498966,188.79958300385624,200,
1782389069.307586,1782389069.502826,195.23724995087832,200,
1782389069.299658,1782389069.505396,205.73637500638142,200,
1782389069.3130949,1782389069.5556211,242.5253750407137,200,
1782389069.309294,1782389069.5818791,272.5849169655703,200,
1782389069.312024,1782389069.64934,337.3152500134893,200,
1782389069.310941,1782389069.666477,355.53662496386096,200,
1782389069.3081448,1782389069.670464,362.3193330131471,200,
1782389069.301735,1782389069.6721358,370.40158302988857,200,
1782389069.30976,1782389069.6749032,365.14262499986216,200,
1782389069.308817,1782389069.675902,367.08670895313844,200,
1782389069.3116028,1782389069.6795368,367.93487501563504,200,
1782389069.3063638,1782389069.6799202,373.5574589809403,200,
1782389069.312609,1782389069.6850681,372.459499980323,200,
1782389069.3050098,1782389069.689739,384.7284170333296,200,
1782389069.302846,1782389069.711977,409.1313750250265,200,
1782389069.3137002,1782389069.712805,399.1066670278087,200,
1782389070.299358,1782389070.4301178,130.75912499334663,200,
1782389070.301504,1782389070.438978,137.47237500501797,200,
1782389070.2980669,1782389070.4416451,143.5781249892898,200,
1782389070.311358,1782389070.5785542,267.1963330358267,200,
1782389070.3029451,1782389070.5848472,281.9013749831356,200,
1782389070.308945,1782389070.591536,282.59058302501217,200,
1782389070.306261,1782389070.594029,287.76754200225696,200,
1782389070.303651,1782389070.6012611,297.56229202030227,200,
1782389070.3070889,1782389070.602634,295.5444160033949,200,
1782389070.300792,1782389070.641851,341.05908300261945,200,
1782389070.3055801,1782389070.6435788,337.99929200904444,200,
1782389070.304338,1782389070.65154,347.2014580038376,200,
1782389070.31191,1782389070.694732,382.8217079862952,200,
1782389070.302248,1782389070.719048,416.8000420322642,200,
1782389070.307721,1782389070.72597,418.2485840283334,200,
1782389070.309557,1782389070.731699,422.1419590176083,200,
1782389070.308309,1782389070.748009,439.70041698776186,200,
1782389070.3000581,1782389070.751937,451.88054197933525,200,
1782389070.3049622,1782389070.753869,448.9079170161858,200,
1782389070.310137,1782389070.7650099,454.87437496194616,200,
1782389071.300857,1782389071.6523368,351.47966601653025,200,
1782389071.304847,1782389071.655645,350.79850000329316,200,
1782389071.3028748,1782389071.685527,382.65183300245553,200,
1782389071.309723,1782389071.711363,401.6410000040196,200,
1782389071.29948,1782389071.800925,501.445124973543,200,
1782389071.310561,1782389071.917323,606.7623750423081,200,
1782389071.3015912,1782389071.9235709,621.9815000076778,200,
1782389071.309124,1782389071.925025,615.9027499961667,200,
1782389071.308705,1782389071.934155,625.4520830116235,200,
1782389071.303946,1782389071.936206,632.260792015586,200,
1782389071.3067021,1782389071.9403698,633.6707909940742,200,
1782389071.3061042,1782389071.943584,637.4822499928996,200,
1782389071.311234,1782389071.944493,633.2599589950405,200,
1782389071.3055732,1782389071.94546,639.889249985572,200,
1782389071.302142,1782389071.9504871,648.3471660176292,200,
1782389071.307141,1782389071.970266,663.126916042529,200,
1782389071.312948,1782389071.977414,664.4680830067955,200,
1782389071.303435,1782389071.996405,692.9727499955334,200,
1782389071.308185,1782389072.081538,773.3548330143094,200,
1782389071.312024,1782389072.093198,781.1765419901349,200,
1782389071.307731,1782389072.099848,792.120166006498,200,
1782389072.301889,1782389072.438622,136.7329999920912,200,
1782389072.303744,1782389072.464159,160.41316703194752,200,
1782389072.30075,1782389072.48013,179.37920795520768,200,
1782389072.311567,1782389072.497605,186.03662500390783,200,
1782389072.303154,1782389072.620694,317.53895798465237,200,
1782389072.307988,1782389072.634206,326.2176249991171,200,
1782389072.3107169,1782389072.644755,334.038375003729,200,
1782389072.313673,1782389072.652738,339.0654170070775,200,
1782389072.312345,1782389072.6546502,342.304875026457,200,
1782389072.3049119,1782389072.6552901,350.37858301075175,200,
1782389072.305883,1782389072.6987479,392.8659160155803,200,
1782389072.307551,1782389072.7184799,410.92916700290516,200,
1782389072.3043652,1782389072.7275572,423.19379100808874,200,
1782389072.308608,1782389072.7280052,419.39904098398983,200,
1782389072.30537,1782389072.73747,432.1009590057656,200,
1782389072.302568,1782389072.7390149,436.44833302823827,200,
1782389072.307029,1782389072.739944,432.9166660318151,200,
1782389072.3063731,1782389072.7447522,438.38104099268094,200,
1782389072.312972,1782389072.7523189,439.3489999929443,200,
1782389072.309933,1782389072.759944,450.012625020463,200,
1782389072.309141,1782389072.767471,458.3322500111535,200,
1782389073.3086238,1782389073.4177222,109.09641697071493,200,
1782389073.305751,1782389073.420835,115.08158297510818,200,
1782389073.30231,1782389073.4243042,121.99241697089747,200,
1782389073.310403,1782389073.509152,198.7491250038147,200,
1782389073.317951,1782389073.559809,241.85699998633936,200,
1782389073.307884,1782389073.561558,253.67345800623298,200,
1782389073.31292,1782389073.571001,258.0814579850994,200,
1782389073.3070982,1782389073.5743601,267.26150000467896,200,
1782389073.309746,1782389073.5749152,265.16979199368507,200,
1782389073.313666,1782389073.587807,274.1412080358714,200,
1782389073.317118,1782389073.5901031,272.9843750130385,200,
1782389073.309153,1782389073.602634,293.48066699458286,200,
1782389073.316519,1782389073.6179981,301.47858295822516,200,
1782389073.318677,1782389073.619713,301.0359579930082,200,
1782389073.319489,1782389073.634281,314.7910420084372,200,
1782389073.3120599,1782389073.647645,335.58449998963624,200,
1782389073.314304,1782389073.6548889,340.58391698636115,200,
1782389073.3112419,1782389073.6665,355.25837499881163,200,
1782389073.3149052,1782389073.679084,364.17766695376486,200,
1782389073.3202822,1782389073.717678,397.3974999971688,200,
1782389073.3157709,1782389073.7403038,424.53470901818946,200,
1782389073.3210099,1782389073.748393,427.3845420102589,200,
1782389074.303238,1782389074.391419,88.17874995293096,200,
1782389074.3091478,1782389074.465257,156.1074159690179,200,
1782389074.306296,1782389074.465546,159.24958302639425,200,
1782389074.31037,1782389074.4881191,177.74679203284904,200,
1782389074.315941,1782389074.493123,177.18079104088247,200,
1782389074.3127308,1782389074.5589519,246.21987499995157,200,
1782389074.312068,1782389074.620336,308.2677499623969,200,
1782389074.320638,1782389074.626949,306.3103340100497,200,
1782389074.315233,1782389074.632393,317.16029200470075,200,
1782389074.3134022,1782389074.6392992,325.8961660321802,200,
1782389074.30773,1782389074.66206,354.33095798362046,200,
1782389074.3195798,1782389074.682112,362.5333749805577,200,
1782389074.314721,1782389074.685117,370.39641599403694,200,
1782389074.311271,1782389074.6930811,381.8095000460744,200,
1782389074.314084,1782389074.694436,380.3523749811575,200,
1782389074.317128,1782389074.715088,397.9612909606658,200,
1782389074.318447,1782389074.722132,403.6854589940049,200,
1782389074.316538,1782389074.741407,424.86837500473484,200,
1782389074.319,1782389074.759437,440.4392089927569,200,
1782389074.3177989,1782389074.7611039,443.306291999761,200,
1782389074.320114,1782389074.762093,441.980958043132,200,
1782389074.321203,1782389074.763018,441.81654194835573,200,
1782389075.307795,1782389075.4755142,167.71725000580773,200,
1782389075.304211,1782389075.501796,197.58416595868766,200,
1782389075.305428,1782389075.5102122,204.783666995354,200,
1782389075.3087108,1782389075.603762,295.0509170186706,200,
1782389075.317824,1782389075.610306,292.48187504708767,200,
1782389075.3101718,1782389075.63159,321.41758396755904,200,
1782389075.30634,1782389075.6424088,336.06866700574756,200,
1782389075.307122,1782389075.649344,342.22058299928904,200,
1782389075.316928,1782389075.680002,363.074166001752,200,
1782389075.3126621,1782389075.696267,383.6052079568617,200,
1782389075.320083,1782389075.705924,385.8405420323834,200,
1782389075.3094242,1782389075.7137768,404.35308299493045,200,
1782389075.320822,1782389075.715251,394.4301669835113,200,
1782389075.311886,1782389075.7180061,406.11945796990767,200,
1782389075.314085,1782389075.720206,406.12241596682,200,
1782389075.3216362,1782389075.7211032,399.46749998489395,200,
1782389075.3160782,1782389075.721925,405.8489999733865,200,
1782389075.3154502,1782389075.724032,408.58308400493115,200,
1782389075.3186371,1782389075.725148,406.51258296566084,200,
1782389075.319369,1782389075.726828,407.4599579907954,200,
1782389075.311059,1782389075.727668,416.6109579964541,200,
1782389075.3147619,1782389075.729942,415.1815000222996,200,
1782389075.31339,1782389075.7438872,430.4977919673547,200,
1782389076.306405,1782389076.415436,109.02854200685397,200,
1782389076.307245,1782389076.4338071,126.56020798021927,200,
1782389076.311179,1782389076.4739919,162.8117500222288,200,
1782389076.310695,1782389076.5135748,202.87870900938287,200,
1782389076.317715,1782389076.522767,205.05212503485382,200,
1782389076.314829,1782389076.523979,209.14987503783777,200,
1782389076.307961,1782389076.56018,252.21770798088983,200,
1782389076.30951,1782389076.621887,312.3763329931535,200,
1782389076.313397,1782389076.6477382,334.34108400251716,200,
1782389076.3101308,1782389076.669089,358.958791999612,200,
1782389076.308783,1782389076.6794372,370.65354199148715,200,
1782389076.320294,1782389076.680143,359.8493339959532,200,
1782389076.318463,1782389076.68163,363.16662502940744,200,
1782389076.3154151,1782389076.7020721,386.6577090229839,200,
1782389076.3190742,1782389076.703445,384.3710419605486,200,
1782389076.3197398,1782389076.705986,386.2464579869993,200,
1782389076.3126998,1782389076.714798,402.0979170454666,200,
1782389076.311916,1782389076.7218719,409.95608299272135,200,
1782389076.316604,1782389076.738487,421.8824169947766,200,
1782389076.314079,1782389076.742363,428.2836670172401,200,
1782389076.315982,1782389076.745468,429.4864170369692,200,
1782389076.321373,1782389076.7591832,437.811125011649,200,
1782389076.317117,1782389076.760212,443.09762498596683,200,
1782389076.320833,1782389076.769817,448.98583402391523,200,
1782389077.309113,1782389077.434127,125.01179199898615,200,
1782389077.307822,1782389077.464621,156.79799998179078,200,
1782389077.311742,1782389077.5214841,209.74091696552932,200,
1782389077.313792,1782389077.530993,217.199792037718,200,
1782389077.3109188,1782389077.573955,263.03629198810086,200,
1782389077.318583,1782389077.590442,271.8585829716176,200,
1782389077.322135,1782389077.647972,325.8373749558814,200,
1782389077.32291,1782389077.6555781,332.66662497771904,200,
1782389077.3100622,1782389077.662911,352.8489579912275,200,
1782389077.314571,1782389077.6745422,359.97137502999976,200,
1782389077.3126771,1782389077.680588,367.9115000413731,200,
1782389077.3273249,1782389077.688978,361.6524170502089,200,
1782389077.325332,1782389077.693897,368.565916956868,200,
1782389077.325991,1782389077.709926,383.9349169866182,200,
1782389077.3237262,1782389077.7131221,389.3959170090966,200,
1782389077.317812,1782389077.72285,405.03820800222456,200,
1782389077.317025,1782389077.727618,410.5927500058897,200,
1782389077.3245199,1782389077.7453592,420.8389579434879,200,
1782389077.3266659,1782389077.747869,421.2038340047002,200,
1782389077.3162189,1782389077.750329,434.1107920045033,200,
1782389077.320406,1782389077.755905,435.49862498184666,200,
1782389077.315339,1782389077.7618072,446.4690000168048,200,
1782389077.3213482,1782389077.78157,460.22362500661984,200,
1782389077.319526,1782389077.7858639,466.33920900058,200,
1782389078.309043,1782389078.424722,115.67791603738442,200,
1782389078.315678,1782389078.440854,125.17408299027011,200,
1782389078.310401,1782389078.4564621,146.05600002687424,200,
1782389078.313266,1782389078.498927,185.65941700944677,200,
1782389078.3123,1782389078.507597,195.29662502463907,200,
1782389078.3248289,1782389078.6083179,283.48820901010185,200,
1782389078.3113039,1782389078.629098,317.7935829735361,200,
1782389078.3182368,1782389078.6597261,341.48899995489046,200,
1782389078.314878,1782389078.696567,381.69016694882885,200,
1782389078.3199308,1782389078.734143,414.21091702068225,200,
1782389078.319106,1782389078.8473248,528.2192919985391,200,
1782389078.33072,1782389078.920397,589.6798329777084,200,
1782389078.322865,1782389078.922558,599.6935000293888,200,
1782389078.326795,1782389078.925538,598.7453749985434,200,
1782389078.323828,1782389078.928409,604.581749998033,200,
1782389078.3209321,1782389078.9304261,609.4954999862239,200,
1782389078.321934,1782389078.937064,615.1322909863666,200,
1782389078.328851,1782389078.96653,637.6821669982746,200,
1782389078.32573,1782389078.9760451,650.3152080113068,200,
1782389078.32976,1782389079.000452,670.6929999636486,200,
1782389078.314092,1782389079.0126998,698.6109999706969,200,
1782389078.3173141,1782389079.055229,737.9166659666225,200,
1782389078.331567,1782389079.05691,725.3461660002358,200,
1782389078.316392,1782389079.064557,748.1680829660036,200,
1782389078.327944,1782389079.068592,740.6517080380581,200,
1782389079.310449,1782389079.4467719,136.32225000765175,200,
1782389079.312351,1782389079.60208,289.7285840008408,200,
1782389079.316001,1782389080.100069,784.0707920258865,200,
1782389079.317566,1782389080.1076381,790.0747079984285,200,
1782389079.330383,1782389080.131144,800.7635830435902,200,
1782389079.3223171,1782389080.155083,832.7694169711322,200,
1782389079.342386,1782389080.1780999,835.7170419767499,200,
1782389079.313973,1782389080.183844,869.8748339666054,200,
1782389079.3365068,1782389080.202301,865.7965830061585,200,
1782389079.319205,1782389080.23187,912.6669580000453,200,
1782389079.3283288,1782389080.2635221,935.1974580204114,200,
1782389079.326557,1782389080.298788,972.2340000444092,200,
1782389079.331475,1782389080.3071911,975.7200419553556,200,
1782389079.33508,1782389080.311894,976.8184160348028,200,
1782389079.337334,1782389080.343601,1006.2702909926884,200,
1782389079.334101,1782389080.350524,1016.4259579614736,200,
1782389079.340235,1782389080.377718,1037.4875420238823,200,
1782389079.3438349,1782389080.492128,1148.2961669680662,200,
1782389079.339176,1782389080.498934,1159.7628750023432,200,
1782389079.325286,1782389080.561146,1235.8650829992257,200,
1782389079.338337,1782389080.573348,1235.017416998744,200,
1782389079.3209841,1782389080.580662,1259.6838340396062,200,
1782389080.338759,1782389080.802837,464.07874999567866,200,
1782389079.323787,1782389080.823712,1499.9317090259865,200,
1782389080.32363,1782389080.8417861,518.1568340049125,200,
1782389080.326421,1782389080.857483,531.0637079528533,200,
1782389080.316231,1782389080.872297,556.0682089999318,200,
1782389079.332486,1782389080.8830662,1550.5878340336494,200,
1782389080.320698,1782389080.884455,563.7574580032378,200,
1782389080.322516,1782389080.980292,657.7777090133168,200,
1782389080.313068,1782389080.981313,668.2477080030367,200,
1782389080.312166,1782389080.985811,673.6464580171742,200,
1782389079.340971,1782389080.990338,1649.3750830413774,200,
1782389080.321525,1782389080.992895,671.3717079837807,200,
1782389080.330047,1782389081.003485,673.4408749616705,200,
1782389080.316868,1782389081.0153432,698.4781249775551,200,
1782389080.3313248,1782389081.031729,700.4058330203407,200,
1782389080.328694,1782389081.0333729,704.6818340313621,200,
1782389080.317782,1782389081.079568,761.787541967351,200,
1782389080.326794,1782389081.097343,770.5507089849561,200,
1782389080.3197398,1782389081.110071,790.3335840092041,200,
1782389080.336166,1782389081.148362,812.1991250081919,200,
1782389080.315702,1782389081.15973,844.0317499917,200,
1782389080.327692,1782389081.163223,835.5343340081163,200,
1782389080.3141792,1782389081.164795,850.6196250091307,200,
1782389080.337269,1782389081.1816971,844.4315000087954,200,
1782389080.318697,1782389081.196948,878.25500004692,200,
1782389080.317309,1782389081.199926,882.6213339925744,200,
1782389080.325814,1782389081.2011368,875.3269580192864,200,
1782389080.332715,1782389081.2067819,874.0702500217594,200,
1782389080.334167,1782389081.210866,876.7023749533109,200,
1782389081.313832,1782389081.43606,122.2272909944877,200,
1782389081.3125372,1782389081.442358,129.82083397218958,200,
1782389081.3196402,1782389081.453355,133.71374999405816,200,
1782389081.315707,1782389081.4920142,176.3072080211714,200,
1782389081.316643,1782389081.493472,176.82883300585672,200,
1782389081.328091,1782389081.497824,169.73195801256225,200,
1782389081.318499,1782389081.557411,238.91133401775733,200,
1782389081.32403,1782389081.5843022,260.27199998497963,200,
1782389081.3149078,1782389081.601095,286.18708305293694,200,
1782389081.333801,1782389081.668798,334.9969160044566,200,
1782389081.331428,1782389081.698209,366.7803330463357,200,
1782389081.324756,1782389081.7035441,378.7869170191698,200,
1782389081.322298,1782389081.7050161,382.7173750032671,200,
1782389081.325641,1782389081.71783,392.1895839739591,200,
1782389081.323144,1782389081.756465,433.3208749885671,200,
1782389081.33219,1782389081.758882,426.6917079803534,200,
1782389081.330642,1782389081.7806988,450.05720894550905,200,
1782389081.327136,1782389081.8023639,475.2288750023581,200,
1782389081.332991,1782389081.830227,497.23566696047783,200,
1782389081.320539,1782389081.834643,514.1043749754317,200,
1782389081.334712,1782389081.83742,502.7089579962194,200,
1782389081.317589,1782389081.869598,552.0085419993848,200,
1782389081.3289442,1782389081.889844,560.9027089667507,200,
1782389081.3214872,1782389081.900311,578.8240419933572,200,
1782389081.329739,1782389081.914316,584.579374990426,200,
1782389081.326349,1782389081.915256,588.9091669814661,200,
1782389082.313327,1782389082.54086,227.5308750104159,200,
1782389082.315205,1782389082.562419,247.2121249884367,200,
1782389082.325335,1782389082.606715,281.3797919661738,200,
1782389082.320917,1782389082.628053,307.1355419815518,200,
1782389082.332659,1782389082.65842,325.7603340316564,200,
1782389082.318036,1782389082.667527,349.49016699101776,200,
1782389082.3392608,1782389082.669857,330.59662498999387,200,
1782389082.337861,1782389082.720726,382.8652090160176,200,
1782389082.3166761,1782389082.7281651,411.4892089855857,200,
1782389082.324,1782389082.739825,415.82612501224503,200,
1782389082.329804,1782389082.78822,458.4166670101695,200,
1782389082.3444679,1782389082.811476,467.00883301673457,200,
1782389082.327837,1782389082.817749,489.9112909915857,200,
1782389082.351561,1782389082.821964,470.4034580499865,200,
1782389082.349636,1782389082.8231292,473.49387500435114,200,
1782389082.336522,1782389082.8567822,520.2614160371013,200,
1782389082.33372,1782389082.872283,538.5642079636455,200,
1782389082.353011,1782389082.879384,526.3752909959294,200,
1782389082.330922,1782389082.943241,612.3210410005413,200,
1782389082.3404522,1782389082.9453409,604.8897079890594,200,
1782389082.348306,1782389082.971495,623.1904159649275,200,
1782389082.326596,1782389082.973922,647.3270829883404,200,
1782389082.3351822,1782389082.9878452,652.6661249808967,200,
1782389082.3418748,1782389083.022645,680.771375016775,200,
1782389082.347063,1782389083.032007,684.9464160040952,200,
1782389082.343078,1782389083.059813,716.7366250068881,200,
1782389082.3226082,1782389083.0794141,756.8090840359218,200,
1782389083.313817,1782389083.463168,149.34945799177513,200,
1782389083.3150442,1782389083.5421681,227.12241701083258,200,
1782389083.317058,1782389083.564956,247.89616698399186,200,
1782389083.3204842,1782389083.618338,297.85437497776,200,
1782389083.32269,1782389083.6663868,343.6968330061063,200,
1782389083.3269918,1782389083.676727,349.7360000037588,200,
1782389083.33293,1782389083.6830258,350.09554197313264,200,
1782389083.319648,1782389083.701162,381.51450001168996,200,
1782389083.3160489,1782389083.706055,390.0064590270631,200,
1782389083.3181272,1782389083.749758,431.631917017512,200,
1782389083.323956,1782389083.778373,454.41733399638906,200,
1782389083.322011,1782389083.7964,474.39054102869704,200,
1782389083.3254242,1782389083.820778,495.3557080007158,200,
1782389083.3277252,1782389083.82243,494.70662500243634,200,
1782389083.328345,1782389083.826686,498.3412920264527,200,
1782389083.333768,1782389083.847403,513.6357499868609,200,
1782389083.3212469,1782389083.849899,528.6525830160826,200,
1782389083.31892,1782389083.857289,538.3694170159288,200,
1782389083.33214,1782389083.908295,576.1573340278119,200,
1782389083.329003,1782389083.928103,599.1013750317506,200,
1782389083.331551,1782389083.935337,603.7872079759836,200,
1782389083.334365,1782389083.93824,603.8754580076784,200,
1782389083.323345,1782389083.940736,617.3914999817498,200,
1782389083.3261151,1782389083.961919,635.8059169724584,200,
1782389083.329951,1782389083.9635499,633.6013749823906,200,
1782389083.3247092,1782389083.9647338,640.0280839879997,200,
1782389083.335045,1782389083.965834,630.7925829896703,200,
1782389083.3307168,1782389083.970954,640.2389580034651,200,
1782389084.314721,1782389084.4545732,139.85066598979756,200,
1782389084.319361,1782389084.480908,161.54491598717868,200,
1782389084.322793,1782389084.493994,171.20004200842232,200,
1782389084.3163168,1782389084.510047,193.7292090151459,200,
1782389084.32164,1782389084.527829,206.18787495186552,200,
1782389084.335289,1782389084.5807831,245.4931249958463,200,
1782389084.3295832,1782389084.596477,266.8934999965131,200,
1782389084.3266728,1782389084.5976121,270.9391659591347,200,
1782389084.318198,1782389084.598551,280.3541250177659,200,
1782389084.347301,1782389084.681785,334.4835420139134,200,
1782389084.3426318,1782389084.720012,377.3789170081727,200,
1782389084.345749,1782389084.721007,375.2593750250526,200,
1782389084.348327,1782389084.723357,375.02933299401775,200,
1782389084.350979,1782389084.725871,374.89145796280354,200,
1782389084.317369,1782389084.743503,426.13416601670906,200,
1782389084.320232,1782389084.75555,435.3173749987036,200,
1782389084.339246,1782389084.796246,457.00012502493337,200,
1782389084.327907,1782389084.797587,469.6814169874415,200,
1782389084.344193,1782389084.8077672,463.57491600792855,200,
1782389084.332691,1782389084.82195,489.2594169941731,200,
1782389084.3409522,1782389084.824905,483.9544160058722,200,
1782389084.336826,1782389084.829657,492.83145903609693,200,
1782389084.350058,1782389084.831153,481.0971250408329,200,
1782389084.330644,1782389084.831997,501.3551249867305,200,
1782389084.32553,1782389084.832733,507.2047089925036,200,
1782389084.333775,1782389084.83761,503.8363749627024,200,
1782389084.3318,1782389084.839102,507.3041249997914,200,
1782389084.3241541,1782389084.8401742,516.021792020183,200,
1782389085.3149781,1782389085.40099,86.0095419920981,200,
1782389085.316654,1782389085.4359958,119.34041598578915,200,
1782389085.3203478,1782389085.440976,120.62595796305686,200,
1782389085.32345,1782389085.472924,149.47129203937948,200,
1782389085.319106,1782389085.495553,176.44545796792954,200,
1782389085.3283122,1782389085.517934,189.620291988831,200,
1782389085.322558,1782389085.530144,207.58458401542157,200,
1782389085.332881,1782389085.5556622,222.7801660192199,200,
1782389085.331944,1782389085.570463,238.51837503025308,200,
1782389085.325407,1782389085.646527,321.1194159812294,200,
1782389085.333727,1782389085.655722,321.99375005438924,200,
1782389085.3345642,1782389085.6686609,334.09670798573643,200,
1782389085.337007,1782389085.671082,334.07404203899205,200,
1782389085.32738,1782389085.699183,371.8037499929778,200,
1782389085.3388019,1782389085.725609,386.8063749978319,200,
1782389085.3361018,1782389085.769737,433.63691703416407,200,
1782389085.331151,1782389085.789662,458.5107080056332,200,
1782389085.318018,1782389085.791849,473.8312920089811,200,
1782389085.341079,1782389085.795628,454.54866701038554,200,
1782389085.3293078,1782389085.821419,492.1125419787131,200,
1782389085.341899,1782389085.858017,516.119375010021,200,
1782389085.326297,1782389085.9313831,605.0854999921285,200,
1782389085.340395,1782389085.934366,593.97116699256,200,
1782389085.330237,1782389085.9988852,668.6510829604231,200,
1782389085.338061,1782389086.001152,663.0919169983827,200,
1782389085.321541,1782389086.020415,698.8764589768834,200,
1782389085.335389,1782389086.0275571,692.1701249666512,200,
1782389085.324425,1782389086.040072,715.6497079995461,200,
1782389085.339668,1782389086.0422971,702.6319580036215,200,
1782389086.316606,1782389086.48735,170.7414590055123,200,
1782389086.321033,1782389086.5366569,215.6235000002198,200,
1782389086.3174028,1782389086.563004,245.60008296975866,200,
1782389086.320436,1782389086.634242,313.80545801948756,200,
1782389086.330679,1782389086.660894,330.2157499711029,200,
1782389086.318639,1782389086.705649,387.010584003292,200,
1782389086.323982,1782389086.712481,388.4999160072766,200,
1782389086.319082,1782389086.7338922,414.8111669928767,200,
1782389086.326483,1782389086.74687,420.38649995811284,200,
1782389086.31808,1782389086.7589471,440.8676250022836,200,
1782389086.322363,1782389086.770006,447.6444590254687,200,
1782389086.321737,1782389086.779111,457.3749579722062,200,
1782389086.325143,1782389086.795487,470.3464169870131,200,
1782389086.327018,1782389086.796724,469.7084579966031,200,
1782389086.330209,1782389086.809567,479.3589580222033,200,
1782389086.324564,1782389086.8105888,486.0272909863852,200,
1782389086.3228421,1782389086.818573,495.73195801349357,200,
1782389086.332868,1782389086.820394,487.52770898863673,200,
1782389086.329715,1782389086.822706,492.991584003903,200,
1782389086.329189,1782389086.824553,495.365499984473,200,
1782389086.327967,1782389086.826462,498.49637504667044,200,
1782389086.33175,1782389086.844112,512.3628330184147,200,
1782389086.327519,1782389086.8517609,524.2446669726633,200,
1782389086.325773,1782389086.8601532,534.3815420055762,200,
1782389086.3156202,1782389086.864987,549.3691660230979,200,
1782389086.33236,1782389086.866875,534.5179999712855,200,
1782389086.319812,1782389086.868618,548.8082079682499,200,
1782389086.323467,1782389086.8722298,548.7642500083894,200,
1782389086.328626,1782389086.8993459,570.7219170290045,200,
1782389087.3169222,1782389087.488992,172.06804204033688,200,
1782389087.320576,1782389087.489501,168.92537503736094,200,
1782389087.3198662,1782389087.591007,271.14120800979435,200,
1782389087.3182578,1782389087.594025,275.767250044737,200,
1782389087.330719,1782389087.62383,293.1120839784853,200,
1782389087.3217542,1782389087.681961,360.20691599696875,200,
1782389087.324003,1782389087.697355,373.35166602861136,200,
1782389087.328355,1782389087.702979,374.6247920207679,200,
1782389087.329034,1782389087.7193432,390.30870801070705,200,
1782389087.319052,1782389087.730871,411.8195829796605,200,
1782389087.322813,1782389087.731956,409.1434999718331,200,
1782389087.3222919,1782389087.733682,411.3903749966994,200,
1782389087.325118,1782389087.738982,413.8642079778947,200,
1782389087.333937,1782389087.764318,430.38120795972645,200,
1782389087.335706,1782389087.783395,447.69029202871025,200,
1782389087.336478,1782389087.7842681,447.79087498318404,200,
1782389087.334799,1782389087.78635,451.5512080397457,200,
1782389087.321116,1782389087.7880971,466.9822920113802,200,
1782389087.331341,1782389087.789647,458.30724999541417,200,
1782389087.332602,1782389087.791574,458.9724590186961,200,
1782389087.327577,1782389087.7935019,465.92512499773875,200,
1782389087.329845,1782389087.7963352,466.4904589881189,200,
1782389087.3319209,1782389087.797837,465.9169999649748,200,
1782389087.3233302,1782389087.8327959,509.4666669610888,200,
1782389087.325889,1782389087.8407428,514.8545409901999,200,
1782389087.33712,1782389087.8438258,506.70591701054946,200,
1782389087.324587,1782389087.849437,524.8509589582682,200,
1782389087.333226,1782389087.860369,527.1444580284879,200,
1782389087.326742,1782389087.8615801,534.8400830407627,200,
1782389087.337698,1782389087.862592,524.8966250219382,200,
1782389088.318444,1782389088.4750452,156.60008398117498,200,
1782389088.3175108,1782389088.507139,189.62733400985599,200,
1782389088.320987,1782389088.545381,224.39312498318031,200,
1782389088.3202329,1782389088.5691578,248.92362498212606,200,
1782389088.322635,1782389088.593329,270.69379203021526,200,
1782389088.326258,1782389088.5942411,267.98295899061486,200,
1782389088.334964,1782389088.60504,270.07570897694677,200,
1782389088.32362,1782389088.6181152,294.4948749500327,200,
1782389088.327552,1782389088.6492631,321.7110830009915,200,
1782389088.3194492,1782389088.651756,332.3067080345936,200,
1782389088.3307781,1782389088.6857522,354.97404099442065,200,
1782389088.324522,1782389088.728065,403.54333398863673,200,
1782389088.3330078,1782389088.736017,403.00812502391636,200,
1782389088.331895,1782389088.7374809,405.58687498560175,200,
1782389088.329379,1782389088.741348,411.9688329519704,200,
1782389088.328768,1782389088.766896,438.1291249883361,200,
1782389088.338848,1782389088.7689579,430.1117080030963,200,
1782389088.334219,1782389088.782819,448.600165953394,200,
1782389088.328019,1782389088.7880409,460.02308395691216,200,
1782389088.3255858,1782389088.7896671,464.0817080507986,200,
1782389088.332437,1782389088.794112,461.6746660321951,200,
1782389088.326984,1782389088.800826,473.8428749842569,200,
1782389088.330007,1782389088.809571,479.5640420052223,200,
1782389088.321744,1782389088.8166232,494.878500001505,200,
1782389088.338052,1782389088.837742,499.69012499786913,200,
1782389088.3375099,1782389088.8449311,507.4215839849785,200,
1782389088.3357189,1782389088.846486,510.7685420080088,200,
1782389088.336873,1782389088.850595,513.7227500090376,200,
1782389088.333646,1782389088.858135,524.4903329876252,200,
1782389088.336254,1782389088.859589,523.336999991443,200,
1782389088.3313851,1782389088.8698182,538.4350409731269,200,
1782389089.3185961,1782389089.445156,126.55799998901784,200,
1782389089.3197172,1782389089.4577322,138.01362499361858,200,
1782389089.32273,1782389089.4717498,149.01799999643117,200,
1782389089.3256729,1782389089.472672,146.9987080199644,200,
1782389089.3288379,1782389089.5479,219.06120900530368,200,
1782389089.320804,1782389089.548285,227.4815829587169,200,
1782389089.321794,1782389089.5525131,230.71762500330806,200,
1782389089.324584,1782389089.565133,240.54854200221598,200,
1782389089.330676,1782389089.6373498,306.6730000427924,200,
1782389089.3341582,1782389089.6679869,333.82900001015514,200,
1782389089.335088,1782389089.676754,341.66533302050084,200,
1782389089.344668,1782389089.680493,335.8247079886496,200,
1782389089.34059,1782389089.698302,357.7114589861594,200,
1782389089.3454,1782389089.70057,355.16983398701996,200,
1782389089.3438878,1782389089.7123,368.4117919765413,200,
1782389089.342227,1782389089.7467232,404.49570800410584,200,
1782389089.3398242,1782389089.7592351,419.4109169766307,200,
1782389089.339023,1782389089.772337,433.31454100552946,200,
1782389089.343006,1782389089.787745,444.73991700215265,200,
1782389089.329776,1782389089.7921548,462.38016698043793,200,
1782389089.333117,1782389089.7941499,461.03483298793435,200,
1782389089.341405,1782389089.805183,463.7790830456652,200,
1782389089.331518,1782389089.807473,475.95191601431,200,
1782389089.3374772,1782389089.808877,471.40266600763425,200,
1782389089.3236349,1782389089.810009,486.3762080203742,200,
1782389089.33587,1782389089.810623,474.7550419997424,200,
1782389089.3323379,1782389089.8118138,479.47887500049546,200,
1782389089.338269,1782389089.812664,474.396749981679,200,
1782389089.3366542,1782389089.814882,478.22950000409037,200,
1782389089.327668,1782389089.824856,497.1902499673888,200,
1782389089.326647,1782389089.82591,499.26483299350366,200,
1782389090.319604,1782389090.407098,87.49179198639467,200,
1782389090.326015,1782389090.440201,114.18429104378447,200,
1782389090.3281422,1782389090.448842,120.69795903516933,200,
1782389090.3316789,1782389090.51598,184.30037499638274,200,
1782389090.325144,1782389090.522142,196.99737499468029,200,
1782389090.323811,1782389090.56016,236.3469170522876,200,
1782389090.3219059,1782389090.567381,245.47433300176635,200,
1782389090.336977,1782389090.573317,236.33895895909518,200,
1782389090.337701,1782389090.603221,265.5188330099918,200,
1782389090.327515,1782389090.683626,356.1115829506889,200,
1782389090.340232,1782389090.693822,353.590874990914,200,
1782389090.341016,1782389090.702454,361.4371250150725,200,
1782389090.339466,1782389090.705914,366.44808296114206,200,
1782389090.333508,1782389090.742452,408.9442089898512,200,
1782389090.3323169,1782389090.744041,411.7249170085415,200,
1782389090.345087,1782389090.7555451,410.4577499674633,200,
1782389090.344482,1782389090.765669,421.18779197335243,200,
1782389090.33094,1782389090.767554,436.6148330154829,200,
1782389090.330355,1782389090.810188,479.83445797581226,200,
1782389090.329749,1782389090.8119948,482.24754101829603,200,
1782389090.342464,1782389090.812704,470.2417500084266,200,
1782389090.338484,1782389090.813653,475.17104202415794,200,
1782389090.326758,1782389090.8193548,492.5990420160815,200,
1782389090.3363578,1782389090.828944,492.5860830117017,200,
1782389090.3347142,1782389090.831947,497.23345797974616,200,
1782389090.334062,1782389090.837017,502.9570420156233,200,
1782389090.343068,1782389090.838058,494.9921670486219,200,
1782389090.3356218,1782389090.839581,503.96145903505385,200,
1782389090.332866,1782389090.851752,518.8880419591442,200,
1782389090.343721,1782389090.852845,509.1264580260031,200,
1782389090.341627,1782389090.853645,512.0204999693669,200,
1782389090.328872,1782389090.884812,555.9429589775391,200,
1782389091.320682,1782389091.461518,140.83408296573907,200,
1782389091.3218079,1782389091.466517,144.70725000137463,200,
1782389091.326245,1782389091.514357,188.1107910303399,200,
1782389091.330579,1782389091.569946,239.36520802089944,200,
1782389091.3241081,1782389091.598599,274.4903339771554,200,
1782389091.3354602,1782389091.6273658,291.90608294447884,200,
1782389091.323415,1782389091.629121,305.70599995553493,200,
1782389091.342009,1782389091.7062159,364.20708301011473,200,
1782389091.325621,1782389091.707922,382.3019589763135,200,
1782389091.334336,1782389091.70843,374.0948340273462,200,
1782389091.3290539,1782389091.7700229,440.9690420143306,200,
1782389091.322717,1782389091.794081,471.36454202700406,200,
1782389091.347015,1782389091.794695,447.6814590161666,200,
1782389091.336405,1782389091.828386,491.9820830109529,200,
1782389091.344789,1782389091.835447,490.6589169986546,200,
1782389091.337882,1782389091.844109,506.2289169873111,200,
1782389091.344203,1782389091.852996,508.7926249834709,200,
1782389091.332216,1782389091.8665469,534.3323330162093,200,
1782389091.331439,1782389091.883691,552.2544580162503,200,
1782389091.343609,1782389091.939907,596.3006250094622,200,
1782389091.339856,1782389091.953144,613.2895419723354,200,
1782389091.342902,1782389091.958366,615.4648750089109,200,
1782389091.324756,1782389091.9640698,639.3159999861382,200,
1782389091.339063,1782389091.976875,637.8144999616779,200,
1782389091.3454652,1782389091.997601,652.1372919669375,200,
1782389091.341193,1782389092.0047538,663.5625829803757,200,
1782389091.340641,1782389092.014416,673.7762920092791,200,
1782389091.3299031,1782389092.017761,687.8602920332924,200,
1782389091.333363,1782389092.0217931,688.4324999991804,200,
1782389091.3270972,1782389092.0856802,758.5863749845885,200,
1782389091.328128,1782389092.114738,786.6132920025848,200,
1782389091.346383,1782389092.1414459,795.0655000167899,200,
1782389092.326518,1782389092.4526742,126.15299999015406,200,
1782389092.321567,1782389092.453803,132.2350829723291,200,
1782389092.322973,1782389092.4856582,162.68416697857901,200,
1782389092.3297348,1782389092.49824,168.50420803530142,200,
1782389092.334534,1782389092.514389,179.853625013493,200,
1782389092.344177,1782389092.606657,262.4806249514222,200,
1782389092.3252459,1782389092.6190841,293.8363749999553,200,
1782389092.332217,1782389092.639758,307.5405419804156,200,
1782389092.323958,1782389092.6502771,326.3193750171922,200,
1782389092.3389812,1782389092.675044,336.0622499603778,200,
1782389092.3403032,1782389092.684544,344.2408749833703,200,
1782389092.328566,1782389092.6903172,361.7500409600325,200,
1782389092.348393,1782389092.714059,365.6648750184104,200,
1782389092.341048,1782389092.794104,453.05654202820733,200,
1782389092.33807,1782389092.804908,466.837833984755,200,
1782389092.3335302,1782389092.8187141,485.1852080319077,200,
1782389092.341781,1782389092.83165,489.86995802260935,200,
1782389092.3494341,1782389092.839482,490.04804203286767,200,
1782389092.33967,1782389092.843214,503.5452090087347,200,
1782389092.337269,1782389092.8448691,507.6002500136383,200,
1782389092.331349,1782389092.847575,516.2262079538777,200,
1782389092.343552,1782389092.857701,514.1495419666171,200,
1782389092.3364742,1782389092.862252,525.777124974411,200,
1782389092.33544,1782389092.870513,535.073040984571,200,
1782389092.327652,1782389092.8829482,555.2969159907661,200,
1782389092.345869,1782389092.890392,544.5241670240648,200,
1782389092.3518279,1782389092.9032261,551.398292009253,200,
1782389092.3448918,1782389092.938373,593.4831670019776,200,
1782389092.342638,1782389092.942163,599.5282090152614,200,
1782389092.346762,1782389092.943882,597.1215000026859,200,
1782389092.347512,1782389092.944753,597.2433330025524,200,
1782389092.33055,1782389092.948643,618.0955420131795,200,
1782389092.3504362,1782389092.950119,599.6846659691073,200,
1782389093.3254,1782389093.5177321,192.33195902779698,200,
1782389093.3284822,1782389093.5338361,205.35333303269,200,
1782389093.331317,1782389093.5752819,243.96541697205976,200,
1782389093.339387,1782389093.643164,303.7774999975227,200,
1782389093.345102,1782389093.65084,305.73816696414724,200,
1782389093.333204,1782389093.667181,333.9773750049062,200,
1782389093.329599,1782389093.686193,356.59362497972324,200,
1782389093.344217,1782389093.7147331,370.51712500397116,200,
1782389093.352046,1782389093.737393,385.34750003600493,200,
1782389093.330432,1782389093.751313,420.8823340013623,200,
1782389093.3341491,1782389093.788487,454.3392499908805,200,
1782389093.3508081,1782389093.8115468,460.7401249813847,200,
1782389093.340706,1782389093.8260632,485.35683302907273,200,
1782389093.337161,1782389093.830923,493.7629589694552,200,
1782389093.346263,1782389093.842432,496.168999990914,200,
1782389093.342035,1782389093.9459012,603.8675419986248,200,
1782389093.3596082,1782389093.974936,615.3285830514506,200,
1782389093.349896,1782389094.064221,714.3272919929586,200,
1782389093.358165,1782389094.12239,764.2267080373131,200,
1782389093.3530219,1782389094.125751,772.7302919956855,200,
1782389093.3489048,1782389094.128428,779.5244170119986,200,
1782389093.33526,1782389094.130229,794.9727909872308,200,
1782389093.34706,1782389094.132752,785.6944169616327,200,
1782389093.361047,1782389094.13495,773.9063750486821,200,
1782389093.354064,1782389094.151129,797.068040992599,200,
1782389093.3558788,1782389094.163596,807.719458010979,200,
1782389093.343072,1782389094.171829,828.7590420222841,200,
1782389093.3480058,1782389094.174382,826.3780829729512,200,
1782389093.3383198,1782389094.202507,864.1888750134967,200,
1782389093.354982,1782389094.205492,850.5123329814523,200,
1782389093.3362482,1782389094.20686,870.6140000140294,200,
1782389093.3321118,1782389094.223713,891.6051659616642,200,
1782389093.357025,1782389094.231092,874.0704160300083,200,
1782389094.326733,1782389094.46961,142.87462504580617,200,
1782389094.3290281,1782389094.488985,159.95508298510686,200,
1782389094.3255,1782389094.4900532,164.55250000581145,200,
1782389094.338115,1782389094.5302541,192.13712500641122,200,
1782389094.330394,1782389094.562231,231.8351250141859,200,
1782389094.334634,1782389094.5924559,257.8220840077847,200,
1782389094.331014,1782389094.646296,315.28149999212474,200,
1782389094.3274748,1782389094.647614,320.1393749914132,200,
1782389094.3375418,1782389094.657312,319.76908299839124,200,
1782389094.328154,1782389094.6602292,332.07520795986056,200,
1782389094.343442,1782389094.717479,374.03741595335305,200,
1782389094.32964,1782389094.731405,401.765082962811,200,
1782389094.349174,1782389094.7347898,385.6159170391038,200,
1782389094.347908,1782389094.766743,418.8344170106575,200,
1782389094.3426921,1782389094.7761111,433.41837503248826,200,
1782389094.335367,1782389094.7919848,456.6186660085805,200,
1782389094.332937,1782389094.798383,465.44658299535513,200,
1782389094.336816,1782389094.808269,471.45441599423066,200,
1782389094.345353,1782389094.840926,495.5733750248328,200,
1782389094.346771,1782389094.87637,529.5998329529539,200,
1782389094.344673,1782389094.8784,533.7283329572529,200,
1782389094.347451,1782389094.8806038,533.1539580365643,200,
1782389094.341037,1782389094.88152,540.4852500068955,200,
1782389094.344023,1782389094.894829,550.8062079898082,200,
1782389094.332347,1782389094.8974059,565.0602919631638,200,
1782389094.33376,1782389094.9018838,568.1267090258189,200,
1782389094.348572,1782389094.9106822,562.1115409885533,200,
1782389094.3316932,1782389094.921386,589.6944170235656,200,
1782389094.341846,1782389094.922615,580.771500011906,200,
1782389094.339676,1782389094.923692,584.0179160004482,200,
1782389094.338849,1782389094.924533,585.6868330156431,200,
1782389094.340383,1782389094.926239,585.8583329827525,200,
1782389094.335974,1782389094.93296,596.9889580155723,200,
1782389094.346087,1782389094.936543,590.458833030425,200,
1782389095.326592,1782389095.4308312,104.23749999608845,200,
1782389095.3277938,1782389095.441191,113.39591699652374,200,
1782389095.3315132,1782389095.474723,143.20833300007507,200,
1782389095.339597,1782389095.510905,171.3076249579899,200,
1782389095.329751,1782389095.536303,206.5507079823874,200,
1782389095.356983,1782389095.678266,321.2825410300866,200,
1782389095.335708,1782389095.766432,430.7245829841122,200,
1782389095.3648288,1782389095.78932,424.49129198212177,200,
1782389095.337812,1782389095.7907698,452.9588329605758,200,
1782389095.3610811,1782389095.8033679,442.2863750369288,200,
1782389095.349555,1782389095.815132,465.5769999953918,200,
1782389095.362558,1782389095.819167,456.6097080241889,200,
1782389095.360474,1782389095.820798,460.3241249569692,200,
1782389095.328751,1782389095.832845,504.0949579561129,200,
1782389095.3631082,1782389095.856822,493.7147499877028,200,
1782389095.355586,1782389095.893492,537.9065829911269,200,
1782389095.353172,1782389095.89539,542.2189580276608,200,
1782389095.361892,1782389095.8979058,536.0164999729022,200,
1782389095.341734,1782389095.906424,564.6904589957558,200,
1782389095.3641422,1782389095.924791,560.6494579697028,200,
1782389095.367476,1782389095.928608,561.1334590357728,200,
1782389095.3662348,1782389095.930966,564.732416998595,200,
1782389095.3539531,1782389095.9320571,578.1057499698363,200,
1782389095.356309,1782389095.9335349,577.2287919535302,200,
1782389095.358238,1782389095.935781,577.5442920275964,200,
1782389095.3447192,1782389095.9371068,592.3898330074735,200,
1782389095.351855,1782389095.938168,586.314333952032,200,
1782389095.359689,1782389095.9395,579.8132920172065,200,
1782389095.363637,1782389095.940722,577.0868750405498,200,
1782389095.368072,1782389095.941976,573.9055839949287,200,
1782389095.365576,1782389095.942705,577.1314160083421,200,
1782389095.3547678,1782389095.943727,588.9617080101743,200,
1782389095.366893,1782389095.944747,577.8569169924594,200,
1782389095.359058,1782389095.948152,589.0965830185451,200,
1782389095.357579,1782389095.959689,602.1130830049515,200,
1782389096.3277628,1782389096.4456599,117.89483396569267,200,
1782389096.329334,1782389096.4637609,134.42591700004414,200,
1782389096.3362079,1782389096.50746,171.24925000825897,200,
1782389096.332758,1782389096.545495,212.73691597161815,200,
1782389096.331671,1782389096.566091,234.4182090018876,200,
1782389096.346698,1782389096.6104362,263.7367080315016,200,
1782389096.330428,1782389096.611109,280.68108297884464,200,
1782389096.3523042,1782389096.636209,283.9041670085862,200,
1782389096.351444,1782389096.675374,323.93033301923424,200,
1782389096.3351018,1782389096.714263,379.16079099522904,200,
1782389096.3585432,1782389096.756463,397.92025001952425,200,
1782389096.3391528,1782389096.782378,443.22549999924377,200,
1782389096.3540952,1782389096.7910001,436.9050409877673,200,
1782389096.350612,1782389096.7928598,442.2494999598712,200,
1782389096.3410938,1782389096.7974489,456.3545830314979,200,
1782389096.353158,1782389096.800673,447.515707986895,200,
1782389096.342209,1782389096.814154,471.94595797918737,200,
1782389096.340189,1782389096.828328,488.1392500246875,200,
1782389096.349702,1782389096.862561,512.8594999550842,200,
1782389096.3381279,1782389096.8652139,527.086791000329,200,
1782389096.360899,1782389096.873021,512.1234999969602,200,
1782389096.356862,1782389096.896267,539.4032079493627,200,
1782389096.343649,1782389096.918847,575.1990420394577,200,
1782389096.337237,1782389096.9368992,599.6632910100743,200,
1782389096.359381,1782389096.945859,586.4794999943115,200,
1782389096.355148,1782389096.9480681,592.920665978454,200,
1782389096.345758,1782389096.951067,605.3101659636013,200,
1782389096.357714,1782389096.958059,600.3462920198217,200,
1782389096.36017,1782389096.9610932,600.9233749937266,200,
1782389096.3560681,1782389096.963305,607.2395409573801,200,
1782389096.3340008,1782389096.963808,629.8095419770107,200,
1782389096.348737,1782389096.964946,616.2115000188351,200,
1782389096.344694,1782389096.980545,635.8535409672186,200,
1782389096.36163,1782389096.987403,625.7746249902993,200,
1782389096.347716,1782389097.0079181,660.2043749880977,200,
1782389097.332442,1782389097.429049,96.60658397478983,200,
1782389097.331397,1782389097.43046,99.06262502772734,200,
1782389097.3371289,1782389097.486687,149.55662499414757,200,
1782389097.334096,1782389097.5029051,168.80774998571724,200,
1782389097.3348851,1782389097.5037591,168.874875002075,200,
1782389097.333164,1782389097.611737,278.5720839747228,200,
1782389097.341869,1782389097.8573189,515.4504590318538,200,
1782389097.349207,1782389097.876734,527.5276249740273,200,
1782389097.351938,1782389097.877982,526.0459159617312,200,
1782389097.3485959,1782389097.89763,549.0351660409942,200,
1782389097.342839,1782389097.907441,564.6034170058556,200,
1782389097.336544,1782389097.91185,575.3067079931498,200,
1782389097.346365,1782389097.920952,574.5893340208568,200,
1782389097.337773,1782389097.937963,600.1916249515489,200,
1782389097.347834,1782389097.9752269,627.3938750382513,200,
1782389097.3397472,1782389097.9803689,640.6236249604262,200,
1782389097.357462,1782389097.984648,627.1877079852857,200,
1782389097.3499038,1782389097.9990559,649.1537499823608,200,
1782389097.350664,1782389098.0336251,682.9628329724073,200,
1782389097.353292,1782389098.034513,681.2234579701908,200,
1782389097.3558688,1782389098.059423,703.5551249864511,200,
1782389097.34539,1782389098.063356,717.9676669766195,200,
1782389097.343646,1782389098.0678241,724.1797089809552,200,
1782389097.356689,1782389098.068832,712.145208963193,200,
1782389097.3471382,1782389098.071198,724.0617499919608,200,
1782389097.3582048,1782389098.0774798,719.2782909842208,200,
1782389097.3386528,1782389098.0793211,740.6703750020824,200,
1782389097.344531,1782389098.0842838,739.7542499820702,200,
1782389097.335825,1782389098.085958,750.1345839700662,200,
1782389097.353836,1782389098.087233,733.4004580043256,200,
1782389097.340823,1782389098.08928,748.4595000278205,200,
1782389097.352661,1782389098.0902798,737.6225410262123,200,
1782389097.354461,1782389098.0915031,737.044625042472,200,
1782389097.35509,1782389098.09296,737.872666970361,200,
1782389097.358953,1782389098.094086,735.1362080080435,200,
1782389097.351317,1782389098.1143181,763.0045000114478,200,
1782389098.331684,1782389098.435863,104.17729103937745,200,
1782389098.335813,1782389098.4506502,114.83475001296028,200,
1782389098.338136,1782389098.479618,141.48154197027907,200,
1782389098.332889,1782389098.493548,160.65683297347277,200,
1782389098.342177,1782389098.505746,163.56775001622736,200,
1782389098.3374279,1782389098.5569868,219.5567910093814,200,
1782389098.334908,1782389098.558483,223.5746249789372,200,
1782389098.346187,1782389098.62675,280.56308295344934,200,
1782389098.3542259,1782389098.6440861,289.85979105345905,200,
1782389098.338918,1782389098.684147,345.22966702934355,200,
1782389098.3505101,1782389098.70148,350.9714159881696,200,
1782389098.346879,1782389098.709576,362.69791703671217,200,
1782389098.339699,1782389098.74687,407.1706249960698,200,
1782389098.3491158,1782389098.7669098,417.7934580366127,200,
1782389098.340443,1782389098.789877,449.43479204084724,200,
1782389098.348466,1782389098.8260648,477.60049998760223,200,
1782389098.3555741,1782389098.8481028,492.5292910193093,200,
1782389098.3338408,1782389098.9090078,575.1675420324318,200,
1782389098.358857,1782389098.910791,551.9351249677129,200,
1782389098.3574579,1782389098.922328,564.8702919716015,200,
1782389098.347706,1782389098.925269,577.5644580135122,200,
1782389098.354811,1782389098.930509,575.6985410116613,200,
1782389098.3580532,1782389098.937303,579.2527919984423,200,
1782389098.351137,1782389098.939369,588.233417016454,200,
1782389098.336639,1782389098.9496782,613.0405000294559,200,
1782389098.3439412,1782389098.959559,615.6184999854304,200,
1782389098.353545,1782389098.972485,618.941959051881,200,
1782389098.3527339,1782389098.97747,624.7370420023799,200,
1782389098.3411589,1782389098.978796,637.6384999603033,200,
1782389098.345564,1782389098.979823,634.2610840220004,200,
1782389098.3561978,1782389098.980787,624.5925420080312,200,
1782389098.344877,1782389098.988241,643.3666669763625,200,
1782389098.351888,1782389098.9894888,637.6044590142556,200,
1782389098.356819,1782389098.990009,633.192915993277,200,
1782389098.343113,1782389098.991303,648.1934589683078,200,
1782389098.349814,1782389098.994845,645.0341250165366,200,
1782389099.332848,1782389099.461292,128.442624991294,200,
1782389099.3389099,1782389099.472747,133.83383303880692,200,
1782389099.3348422,1782389099.479131,144.28620802937075,200,
1782389099.341141,1782389099.513816,172.6733340183273,200,
1782389099.342401,1782389099.514972,172.57066699676216,200,
1782389099.347699,1782389099.5318651,184.16391703067347,200,
1782389099.3378172,1782389099.5444741,206.6552079631947,200,
1782389099.353183,1782389099.577526,224.34154199436307,200,
1782389099.360071,1782389099.5917199,231.64741601794958,200,
1782389099.3455691,1782389099.639364,293.793499993626,200,
1782389099.336354,1782389099.726044,389.690208947286,200,
1782389099.3609831,1782389099.767946,406.9645830313675,200,
1782389099.3658738,1782389099.7797492,413.87587500503287,200,
1782389099.354939,1782389099.780492,425.5541249876842,200,
1782389099.3675761,1782389099.8296351,462.0587920071557,200,
1782389099.354007,1782389099.830462,476.45616700174287,200,
1782389099.348808,1782389099.895158,546.3501250487752,200,
1782389099.3618062,1782389099.902482,540.6765840016305,200,
1782389099.3523,1782389099.905856,553.5572079825215,200,
1782389099.366733,1782389099.908704,541.971749975346,200,
1782389099.350102,1782389099.9326131,582.5118329958059,200,
1782389099.344387,1782389099.95373,609.3435829970986,200,
1782389099.369977,1782389099.9650922,595.1167499879375,200,
1782389099.346679,1782389099.984589,637.9114160081372,200,
1782389099.3434,1782389099.985543,642.1453750226647,200,
1782389099.365171,1782389099.988544,623.3736670110375,200,
1782389099.363703,1782389100.0101628,646.4605000219308,200,
1782389099.3591812,1782389100.0279949,668.8150830450468,200,
1782389099.357184,1782389100.02922,672.0390419941396,200,
1782389099.340111,1782389100.044078,703.9694580016658,200,
1782389099.3512719,1782389100.07412,722.8504589875229,200,
1782389099.368503,1782389100.082962,714.461375027895,200,
1782389099.356166,1782389100.086127,729.9630829948001,200,
1782389099.369345,1782389100.1059158,736.5735420025885,200,
1782389099.362784,1782389100.106944,744.1632499685511,200,
1782389099.358285,1782389100.11619,757.9073749948293,200,
1782389099.36445,1782389100.120648,756.2019589822739,200,
1782389100.334992,1782389100.472972,137.97745801275596,200,
1782389100.3334851,1782389100.481217,147.72945898585021,200,
1782389100.3366442,1782389100.521386,184.74000005517155,200,
1782389100.337276,1782389100.531144,193.86595796095207,200,
1782389100.350423,1782389100.563037,212.61212503304705,200,
1782389100.3388329,1782389100.582291,243.455708026886,200,
1782389100.3395689,1782389100.588623,249.05233300523832,200,
1782389100.335743,1782389100.5989811,263.2360000279732,200,
1782389100.343693,1782389100.612385,268.69104197248816,200,
1782389100.3615181,1782389100.653024,291.50579194538295,200,
1782389100.358909,1782389100.711626,352.71816700696945,200,
1782389100.341731,1782389100.720756,379.0265829884447,200,
1782389100.348864,1782389100.7589471,410.0842500338331,200,
1782389100.354825,1782389100.792913,438.0876659997739,200,
1782389100.3582358,1782389100.802447,444.21158399200067,200,
1782389100.365472,1782389100.810433,444.9607079732232,200,
1782389100.344813,1782389100.827216,482.4038330116309,200,
1782389100.3638558,1782389100.849765,485.9096249565482,200,
1782389100.357481,1782389100.861089,503.60862497473136,200,
1782389100.346467,1782389100.903147,556.6819160012528,200,
1782389100.35621,1782389100.908587,552.3785419645719,200,
1782389100.353465,1782389100.9352288,581.7644159542397,200,
1782389100.352576,1782389100.944191,591.6160410270095,200,
1782389100.347778,1782389100.947905,600.1289170235395,200,
1782389100.3410509,1782389100.96135,620.3010829631239,200,
1782389100.3379378,1782389100.9637928,625.8570000063628,200,
1782389100.342721,1782389100.9810581,638.3376669837162,200,
1782389100.355586,1782389100.9833028,627.7190420078114,200,
1782389100.3517282,1782389100.988725,636.9977919966914,200,
1782389100.366137,1782389100.993995,627.8601250378415,200,
1782389100.359701,1782389101.001755,642.0542919659056,200,
1782389100.3631392,1782389101.012723,649.5871670194902,200,
1782389100.3606322,1782389101.015575,654.9460420501418,200,
1782389100.356777,1782389101.075277,718.5027920058928,200,
1782389100.3623512,1782389101.07795,715.6017500092275,200,
1782389100.3403819,1782389101.0879612,747.5808750023134,200,
1782389100.354193,1782389101.0951538,740.9632919589058,200,
1782389100.3647099,1782389101.096778,732.0710840285756,200,
1782389101.334631,1782389101.448926,114.29258401039988,200,
1782389101.338753,1782389101.483408,144.65291699161753,200,
1782389101.335835,1782389101.519625,183.78804199164733,200,
1782389101.3413591,1782389101.544543,203.18233402213082,200,
1782389101.3366342,1782389101.594214,257.5793750002049,200,
1782389101.345353,1782389101.598979,253.6256670136936,200,
1782389101.343814,1782389101.599844,256.0288329841569,200,
1782389101.3376698,1782389101.64972,312.0497499476187,200,
1782389101.339733,1782389101.683771,344.0369170275517,200,
1782389101.349091,1782389101.7800782,430.98862504120916,200,
1782389101.34049,1782389101.7835982,443.10912501532584,200,
1782389101.3482711,1782389101.8074849,459.2147500370629,200,
1782389101.363863,1782389101.903581,539.719708962366,200,
1782389101.3445492,1782389101.917991,573.4427500283346,200,
1782389101.353751,1782389101.932202,578.4533330006525,200,
1782389101.349789,1782389101.943205,593.416707997676,200,
1782389101.358443,1782389101.980003,621.5605000033975,200,
1782389101.363082,1782389101.9930182,629.9387080362067,200,
1782389101.3617952,1782389102.013435,651.6416249796748,200,
1782389101.353148,1782389102.01547,662.3253750149161,200,
1782389101.357764,1782389102.2069812,849.22087501036,200,
1782389101.35938,1782389102.219261,859.8846250097267,200,
1782389101.35569,1782389102.222796,867.1079580090009,200,
1782389101.342218,1782389102.2273002,885.0844579865225,200,
1782389101.355102,1782389102.233809,878.7085409858264,200,
1782389101.350828,1782389102.2387142,887.8883330035023,200,
1782389101.35694,1782389102.2691898,912.2524579870515,200,
1782389101.351587,1782389102.271393,919.8085000389256,200,
1782389101.346755,1782389102.285121,938.369125011377,200,
1782389101.354511,1782389102.294821,940.312749997247,200,
1782389101.34301,1782389102.297432,954.4248339952901,200,
1782389101.35632,1782389102.3079302,951.6130830161273,200,
1782389101.361013,1782389102.320412,959.4027500133961,200,
1782389101.362436,1782389102.326515,964.0816249884665,200,
1782389101.352332,1782389102.329717,977.389125037007,200,
1782389101.360242,1782389102.371037,1010.7995419530198,200,
1782389101.3474932,1782389102.371692,1024.2042500176467,200,
1782389101.346006,1782389102.3724108,1026.4101670472883,200,
1782389102.336045,1782389102.485017,148.97087501594797,200,
1782389102.33862,1782389102.561416,222.79508295468986,200,
1782389102.3430011,1782389102.571569,228.56733400840312,200,
1782389102.345373,1782389102.585548,240.17354199895635,200,
1782389102.348833,1782389102.792546,443.7151250313036,200,
1782389102.362219,1782389102.853207,490.9888750407845,200,
1782389102.3639722,1782389102.865388,501.41729204915464,200,
1782389102.3519201,1782389102.866596,514.67862498248,200,
1782389102.3566122,1782389102.884573,527.9611250152811,200,
1782389102.3446012,1782389102.8939362,549.3354999925941,200,
1782389102.354084,1782389102.8967302,542.6489579840563,200,
1782389102.347604,1782389102.976404,628.8013340090401,200,
1782389102.352745,1782389103.000066,647.3240419873036,200,
1782389102.3548028,1782389103.082718,727.9176670126617,200,
1782389102.350869,1782389103.105095,754.2280829511583,200,
1782389102.3555121,1782389103.139594,784.0845420141704,200,
1782389102.365862,1782389103.141567,775.7076250272803,200,
1782389102.357918,1782389103.158577,800.6610829615965,200,
1782389102.357197,1782389103.190484,833.2888340228237,200,
1782389102.364861,1782389103.192576,827.7181669836864,200,
1782389102.353458,1782389103.213436,859.9803330143914,200,
1782389102.3469791,1782389103.215292,868.3164999820292,200,
1782389102.356071,1782389103.237334,881.2663329881616,200,
1782389102.367178,1782389103.240075,872.8996669524349,200,
1782389102.348253,1782389103.25982,911.5694579668343,200,
1782389102.340084,1782389103.2628531,922.7723329677247,200,
1782389102.341706,1782389103.281921,940.2177919982933,200,
1782389102.36163,1782389103.287453,925.8262920193374,200,
1782389102.363094,1782389103.2899892,926.8982500070706,200,
1782389102.360957,1782389103.2935958,932.6415419927798,200,
1782389102.36658,1782389103.313417,946.8407499953173,200,
1782389102.3463511,1782389103.315862,969.5147500024177,200,
1782389102.360349,1782389103.322686,962.3377919779159,200,
1782389102.358571,1782389103.332159,973.5902909887955,200,
1782389102.349459,1782389103.3857741,1036.319500009995,200,
1782389102.350095,1782389103.38657,1036.4799170056358,200,
1782389102.343858,1782389103.387265,1043.4119999990799,200,
1782389102.367879,1782389103.387993,1020.1184999896213,200,
1782389102.3595772,1782389103.388763,1029.1918749571778,200,
1782389103.3367748,1782389103.4679391,131.16087496746331,200,
1782389103.3407092,1782389103.5105972,169.88699999637902,200,
1782389103.355293,1782389103.553338,198.04254197515547,200,
1782389103.345324,1782389103.554535,209.2112500104122,200,
1782389103.3654552,1782389103.628531,263.0742500186898,200,
1782389103.360394,1782389103.6440692,283.6741670034826,200,
1782389103.353332,1782389103.65453,301.19666701648384,200,
1782389103.3473651,1782389103.708888,361.52308399323374,200,
1782389103.372245,1782389103.72431,352.0645829848945,200,
1782389103.375885,1782389103.791908,416.02458304259926,200,
1782389103.363841,1782389103.803707,439.8666670313105,200,
1782389103.343207,1782389103.82529,482.0828749798238,200,
1782389103.371649,1782389103.828127,456.4794579637237,200,
1782389103.370952,1782389103.863113,492.16212501050904,200,
1782389103.350625,1782389103.863822,513.1978330318816,200,
1782389103.378253,1782389103.869675,491.4229580317624,200,
1782389103.3585558,1782389103.934459,575.9046250022948,200,
1782389103.3676171,1782389103.939748,572.1324589685537,200,
1782389103.3684852,1782389103.9449012,576.4170000329614,200,
1782389103.3626492,1782389103.980093,617.44462500792,200,
1782389103.382129,1782389103.99935,617.2224159818143,200,
1782389103.379902,1782389104.011549,631.6481250105426,200,
1782389103.366507,1782389104.024247,657.7412080368958,200,
1782389103.37433,1782389104.0263958,652.0672499900684,200,
1782389103.379093,1782389104.057111,678.0206660041586,200,
1782389103.3576472,1782389104.058801,701.1556660290807,200,
1782389103.3806348,1782389104.0763378,695.7049999618903,200,
1782389103.359699,1782389104.078994,719.2964589921758,200,
1782389103.361054,1782389104.08822,727.1678750403225,200,
1782389103.361752,1782389104.090656,728.9065000368282,200,
1782389103.375145,1782389104.107693,732.5489159557037,200,
1782389103.3774889,1782389104.110543,733.0566659802571,200,
1782389103.369406,1782389104.112214,742.8104589926079,200,
1782389103.376718,1782389104.115202,738.4866670472547,200,
1782389103.373729,1782389104.1229591,749.2325839702971,200,
1782389103.3730292,1782389104.1248791,751.8528749933466,200,
1782389103.381482,1782389104.1263201,744.8407919728197,200,
1782389103.370015,1782389104.13478,764.7683339891955,200,
1782389103.356637,1782389104.137485,780.850958020892,200,
1782389104.337399,1782389104.440629,103.22833299869671,200,
1782389104.338696,1782389104.47931,140.6118329614401,200,
1782389104.3414772,1782389104.4865909,145.1116669923067,200,
1782389104.344212,1782389104.51359,169.37649995088577,200,
1782389104.3404539,1782389104.531981,191.5249999728985,200,
1782389104.3480132,1782389104.5891032,241.08829197939485,200,
1782389104.34318,1782389104.6067991,263.61733401427045,200,
1782389104.346603,1782389104.608253,261.65000000037253,200,
1782389104.352768,1782389104.6368792,284.110167005565,200,
1782389104.3394518,1782389104.64485,305.39716698694974,200,
1782389104.351918,1782389104.654594,302.67512501450256,200,
1782389104.3568351,1782389104.6891332,332.2969999862835,200,
1782389104.361898,1782389104.7005801,338.68120796978474,200,
1782389104.3450549,1782389104.711628,366.57212499994785,200,
1782389104.364226,1782389104.720006,355.7792499777861,200,
1782389104.348707,1782389104.74139,392.6826670067385,200,
1782389104.3627598,1782389104.763374,400.6143750157207,200,
1782389104.342444,1782389104.784638,442.1942080371082,200,
1782389104.3666618,1782389104.8620028,495.3420419478789,200,
1782389104.353523,1782389104.877861,524.3379580206238,200,
1782389104.357619,1782389104.8867662,529.1478339931928,200,
1782389104.355198,1782389104.9418712,586.6727079846896,200,
1782389104.359468,1782389104.955992,596.5239590150304,200,
1782389104.365837,1782389104.957087,591.2514169467613,200,
1782389104.35097,1782389104.982558,631.5901670022868,200,
1782389104.368047,1782389105.002869,634.8228749702685,200,
1782389104.3696718,1782389105.0040588,634.3892079894431,200,
1782389104.356162,1782389105.006869,650.7085000048392,200,
1782389104.3649678,1782389105.008735,643.7682500109076,200,
1782389104.368886,1782389105.0109088,642.0246670022607,200,
1782389104.361095,1782389105.02894,667.8470829501748,200,
1782389104.36346,1782389105.046378,682.919834041968,200,
1782389104.358552,1782389105.050956,692.4052080139518,200,
1782389104.34726,1782389105.053608,706.3502499950118,200,
1782389104.349474,1782389105.064959,715.4864170006476,200,
1782389104.345872,1782389105.106425,760.5561250238679,200,
1782389104.354351,1782389105.108793,754.4434589799494,200,
1782389104.360366,1782389105.1104372,750.0739170354791,200,
1782389104.350236,1782389105.113806,763.5725830332376,200,
1782389104.3673978,1782389105.123324,755.9292500372976,200,
1782389105.338588,1782389105.535757,197.16750003863126,200,
1782389105.343124,1782389105.550401,207.27554097538814,200,
1782389105.346056,1782389105.5952919,249.2344580241479,200,
1782389105.34205,1782389105.6103208,268.2705420302227,200,
1782389105.350656,1782389105.6593852,308.72720800107345,200,
1782389105.33995,1782389105.6602602,320.3098329831846,200,
1782389105.3410418,1782389105.676281,335.23787499871105,200,
1782389105.3548732,1782389105.677536,322.6636669714935,200,
1782389105.34494,1782389105.698407,353.4652920207009,200,
1782389105.367512,1782389105.791355,423.8434169674292,200,
1782389105.363067,1782389105.843893,480.8267919579521,200,
1782389105.355812,1782389105.853066,497.25404096534476,200,
1782389105.362257,1782389105.884767,522.5123330019414,200,
1782389105.3690538,1782389105.886813,517.7605000208132,200,
1782389105.3609998,1782389105.888694,527.6945420191623,200,
1782389105.348896,1782389105.889365,540.4712079907767,200,
1782389105.3698041,1782389105.895808,526.0035410174169,200,
1782389105.368321,1782389105.906264,537.944250041619,200,
1782389105.364641,1782389105.978286,613.6463329894468,200,
1782389105.365391,1782389105.982847,617.4566249828786,200,
1782389105.3704681,1782389105.9956532,625.1857500174083,200,
1782389105.348052,1782389106.010478,662.4272909830324,200,
1782389105.3667688,1782389106.070923,704.155916988384,200,
1782389105.357674,1782389106.073356,715.684125025291,200,
1782389105.366007,1782389106.076172,710.1672909921035,200,
1782389105.3472362,1782389106.077587,730.354500003159,200,
1782389105.37274,1782389106.080836,708.0979999736883,200,
1782389105.373557,1782389106.082119,708.5654580150731,200,
1782389105.349694,1782389106.0845819,734.89016701933,200,
1782389105.358701,1782389106.0907588,732.0588750299066,200,
1782389105.352021,1782389106.093599,741.5803339681588,200,
1782389105.372007,1782389106.096384,724.3791249929927,200,
1782389105.3439648,1782389106.098837,754.8744589439593,200,
1782389105.35679,1782389106.112469,755.6819170131348,200,
1782389105.3529868,1782389106.115437,762.4530419707298,200,
1782389105.363826,1782389106.1207721,756.9471250171773,200,
1782389105.354002,1782389106.1358578,781.859082984738,200,
1782389105.359541,1782389106.143847,784.3097079894505,200,
1782389105.36029,1782389106.145289,785.0023329956457,200,
1782389105.371264,1782389106.148601,777.3399589932524,200,
1782389106.339672,1782389106.4201589,80.48470801440999,200,
1782389106.340916,1782389106.464486,123.5679579549469,200,
1782389106.3440902,1782389106.489738,145.6455829902552,200,
1782389106.346951,1782389106.5090659,162.11358300643042,200,
1782389106.343093,1782389106.517059,173.96379099227488,200,
1782389106.351616,1782389106.539789,188.17166704684496,200,
1782389106.3551092,1782389106.546616,191.5050000534393,200,
1782389106.3460732,1782389106.578752,232.67808300442994,200,
1782389106.3525918,1782389106.580771,228.17845799727365,200,
1782389106.3657448,1782389106.723382,357.63704200508073,200,
1782389106.350754,1782389106.724759,374.0044589503668,200,
1782389106.3634062,1782389106.823921,460.51708300365135,200,
1782389106.360555,1782389106.865073,504.51866700313985,200,
1782389106.357001,1782389106.882954,525.9557079989463,200,
1782389106.3595772,1782389106.952686,593.1012920336798,200,
1782389106.362464,1782389106.9998689,637.4073750339448,200,
1782389106.368434,1782389107.0858781,717.4450409947895,200,
1782389106.3728461,1782389107.100063,727.2190829971805,200,
1782389106.341961,1782389107.1419451,799.9863749719225,200,
1782389106.375465,1782389107.208857,833.394666959066,200,
1782389106.3449779,1782389107.215706,870.7305419957265,200,
1782389106.3664482,1782389107.2561321,889.687540999148,200,
1782389106.353466,1782389107.2603729,906.9109580013901,200,
1782389106.3693,1782389107.294069,924.7720419662073,200,
1782389106.347926,1782389107.310238,962.3170000268146,200,
1782389106.370193,1782389107.327553,957.362541987095,200,
1782389106.371007,1782389107.3361611,965.158834005706,200,
1782389106.357713,1782389107.426736,1069.0268750186078,200,
1782389106.371993,1782389107.427605,1055.6174580124207,200,
1782389106.3737228,1782389107.428304,1054.5857909601182,200,
1782389106.35426,1782389107.4292521,1074.9967499868944,200,
1782389106.358612,1782389107.4309602,1072.3529999959283,200,
1782389106.364985,1782389107.442703,1077.7223749901168,200,
1782389106.361467,1782389107.443928,1082.4664999963716,200,
1782389106.3497128,1782389107.446889,1097.1815420198254,200,
1782389106.374618,1782389107.484831,1110.2170830126852,200,
1782389106.364214,1782389107.547204,1182.9949999810196,200,
1782389106.3560681,1782389107.5534542,1197.389957960695,200,
1782389106.376174,1782389107.625937,1249.7682920075022,200,
1782389106.3487418,1782389107.665419,1316.6830420377664,200,
1782389106.367477,1782389107.6777248,1310.2534159552306,200,
1782389107.343494,1782389107.7377439,394.25045798998326,200,
1782389107.349191,1782389107.7738419,424.651957990136,200,
1782389107.377137,1782389107.79012,412.98383299726993,200,
1782389107.367767,1782389107.866503,498.73724998906255,200,
1782389107.35141,1782389107.922922,571.5143749839626,200,
1782389107.353198,1782389108.007669,654.4733750051819,200,
1782389107.347543,1782389108.011723,664.1674159909599,200,
1782389107.3863559,1782389108.0133052,626.9511670107022,200,
1782389107.375668,1782389108.049473,673.8076669862494,200,
1782389107.354433,1782389108.093694,739.2631659749895,200,
1782389107.362538,1782389108.106574,744.0383750363253,200,
1782389107.382269,1782389108.198604,816.3381670019589,200,
1782389107.400494,1782389108.2218728,821.3825409766287,200,
1782389107.4073322,1782389108.269208,861.8794170324691,200,
1782389107.3601549,1782389108.319585,959.4320000032894,200,
1782389107.414625,1782389108.410708,996.0869159549475,200,
1782389107.4064288,1782389108.412006,1005.5810420308262,200,
1782389107.418402,1782389108.4130292,994.6307920035906,200,
1782389107.4053519,1782389108.414183,1008.8347910204902,200,
1782389107.356321,1782389108.415276,1058.9603750267997,200,
1782389107.3798459,1782389108.429791,1049.9476249678992,200,
1782389107.371753,1782389108.4308128,1059.0644580079243,200,
1782389107.378582,1782389108.436367,1057.787916972302,200,
1782389107.40193,1782389108.44476,1042.8333340096287,200,
1782389107.408154,1782389108.4519029,1043.7528750044294,200,
1782389107.381551,1782389108.463681,1082.1336249937303,200,
1782389107.4108942,1782389108.526947,1116.0570830106735,200,
1782389107.416874,1782389108.528317,1111.4476249786094,200,
1782389107.357684,1782389108.529693,1172.0133749768138,200,
1782389107.397232,1782389108.531689,1134.4620420131832,200,
1782389107.3736472,1782389108.553913,1180.2698340034112,200,
1782389107.364785,1782389108.5790038,1214.223250048235,200,
1782389107.3589172,1782389108.586676,1227.762625028845,200,
1782389107.419765,1782389108.603246,1183.4854169865139,200,
1782389107.3936698,1782389108.613224,1219.5574580109678,200,
1782389107.369846,1782389108.623235,1253.3933329978026,200,
1782389107.4034472,1782389108.695951,1292.5089999916963,200,
1782389107.3840902,1782389108.7531462,1369.0622500143945,200,
1782389108.3679638,1782389108.76636,398.39529199525714,200,
1782389108.354316,1782389108.800664,446.3482499704696,200,
1782389107.3905401,1782389108.801645,1411.1116249696352,200,
1782389107.41345,1782389108.83773,1424.285500019323,200,
1782389107.3806322,1782389108.8470888,1466.4620839757845,200,
1782389108.34965,1782389108.8858612,536.2105829990469,200,
1782389108.370465,1782389108.907915,537.4502920312807,200,
1782389108.384913,1782389108.934603,549.690791987814,200,
1782389108.358645,1782389108.956189,597.5434590363875,200,
1782389108.3529081,1782389108.988432,635.5256249662489,200,
1782389107.412462,1782389109.001662,1589.207874960266,200,
1782389108.372853,1782389109.050837,677.986333030276,200,
1782389108.361419,1782389109.0656772,704.2604580055922,200,
1782389108.3439329,1782389109.0823622,738.4319580160081,200,
1782389108.395751,1782389109.0972018,701.4534579939209,200,
1782389108.347358,1782389109.108393,761.0377080272883,200,
1782389108.357234,1782389109.117682,760.4509580414742,200,
1782389108.3642392,1782389109.142863,778.6262499867007,200,
1782389108.381425,1782389109.158668,777.2460000123829,200,
1782389108.3600671,1782389109.176534,816.4696249878034,200,
1782389108.378626,1782389109.1792362,800.6121660000645,200,
1782389108.3460631,1782389109.1995862,853.5245420061983,200,
1782389108.4017012,1782389109.202081,800.3826249623671,200,
1782389108.350961,1782389109.2515771,900.6194589892402,200,
1782389108.3739982,1782389109.2867122,912.7162090153433,200,
1782389108.3756008,1782389109.308813,933.214874996338,200,
1782389108.390411,1782389109.310109,919.700666971039,200,
1782389108.394248,1782389109.334563,940.3175829793327,200,
1782389108.382577,1782389109.445917,1063.3435000199825,200,
1782389108.40029,1782389109.447413,1047.1267500543036,200,
1782389108.3874052,1782389109.448899,1061.4987920271233,200,
1782389108.40289,1782389109.450301,1047.4157080170698,200,
1782389108.388758,1782389109.451745,1062.9914589808322,200,
1782389108.348518,1782389109.453453,1104.9402079661377,200,
1782389108.397002,1782389109.4550989,1058.1014170311391,200,
1782389108.3860722,1782389109.478285,1092.2171660349704,200,
1782389108.3988512,1782389109.482927,1084.0797079727054,200,
1782389108.371768,1782389109.497049,1125.2855000202544,200,
1782389108.362697,1782389109.583694,1221.0023750085384,200,
1782389108.376919,1782389109.5946,1217.6856669830158,200,
1782389108.3692281,1782389109.5970392,1227.8160420246422,200,
1782389108.366716,1782389109.6580129,1291.3014580262825,200,
1782389108.3801432,1782389109.675238,1295.1007499941625,200,
1782389108.3837938,1782389109.677203,1293.4142500162125,200,
1782389108.365442,1782389109.764255,1398.8189580268227,200,
1782389109.3511732,1782389109.781705,430.5322499712929,200,
1782389109.3528361,1782389109.7843,431.4653749461286,200,
1782389108.355704,1782389109.796504,1440.8069170312956,200,
1782389109.345152,1782389109.80921,464.0586659661494,200,
1782389109.373466,1782389109.837572,464.1068750061095,200,
1782389109.358197,1782389109.895639,537.4436670099385,200,
1782389109.356448,1782389109.9071648,550.7166670286097,200,
1782389109.348984,1782389110.0031202,654.1383750154637,200,
1782389109.363873,1782389110.008627,644.7551670134999,200,
1782389109.383529,1782389110.093479,709.9513330031186,200,
1782389109.4152782,1782389110.119612,704.3370419996791,200,
1782389109.402441,1782389110.155025,752.5876250001602,200,
1782389109.375388,1782389110.161023,785.6370420195162,200,
1782389109.426189,1782389110.183131,756.9448750000447,200,
1782389109.4060721,1782389110.187794,781.7248339997604,200,
1782389109.409626,1782389110.197203,787.5794579740614,200,
1782389109.3891299,1782389110.199255,810.1274580112658,200,
1782389109.3472252,1782389110.20426,857.0372500107624,200,
1782389109.377236,1782389110.319655,942.4185000243597,200,
1782389109.396379,1782389110.322337,925.9603330283426,200,
1782389109.404246,1782389110.3292348,924.9918330460787,200,
1782389109.4114509,1782389110.3312662,919.8181669926271,200,
1782389109.41358,1782389110.428738,1015.1622080011293,200,
1782389109.359957,1782389110.429714,1069.7615419630893,200,
1782389109.4186938,1782389110.433103,1014.4084169878624,200,
1782389109.394463,1782389110.434656,1040.1957079884596,200,
1782389109.424317,1782389110.449418,1025.1042500021867,200,
1782389109.387486,1782389110.45088,1063.3983750012703,200,
1782389109.3852942,1782389110.46183,1076.5401249518618,200,
1782389109.4223292,1782389110.468558,1046.231375017669,200,
1782389109.436309,1782389110.470041,1033.7353749782778,200,
1782389109.43056,1782389110.471488,1040.9321659826674,200,
1782389109.407951,1782389110.4832141,1075.2683749888092,200,
1782389109.354625,1782389110.5006862,1146.0645420011133,200,
1782389109.4328399,1782389110.5087738,1075.9369170409627,200,
1782389109.420588,1782389110.516425,1095.8400000235997,200,
1782389109.3907719,1782389110.531841,1141.0722909495234,200,
1782389109.369628,1782389110.533637,1164.0137499780394,200,
1782389109.361987,1782389110.543204,1181.2205419992097,200,
1782389109.4170299,1782389110.545345,1128.3178339945152,200,
1782389109.381653,1782389110.5647628,1183.1138749839738,200,
1782389109.39277,1782389110.565817,1173.05183399003,200,
1782389109.3792589,1782389110.5846982,1205.444749968592,200,
1782389110.35742,1782389110.6369438,279.52224999899045,200,
1782389110.3598862,1782389110.701814,341.92520898068324,200,
1782389110.3479738,1782389110.7265751,378.6004160065204,200,
1782389110.35236,1782389110.738396,386.03533298010007,200,
1782389110.374259,1782389110.7927098,418.4506249730475,200,
1782389109.399503,1782389110.80185,1402.3540419875644,200,
1782389110.3620858,1782389110.851111,489.02574996463954,200,
1782389110.346373,1782389110.874042,527.6697500376031,200,
1782389110.380351,1782389110.926859,546.5095409890637,200,
1782389110.3979142,1782389110.930893,532.9803330241702,200,
1782389110.3916109,1782389110.9357288,544.1176250460558,200,
1782389110.383392,1782389111.001312,617.9217919707298,200,
1782389110.4092422,1782389111.0114849,602.2437090286985,200,
1782389110.3670342,1782389111.035081,668.0485000251792,200,
1782389110.349393,1782389111.039171,689.7791670053266,200,
1782389110.3713112,1782389111.0447109,673.4010829823092,200,
1782389110.363678,1782389111.048616,684.9383329972625,200,
1782389110.365392,1782389111.1385589,773.1693750247359,200,
1782389110.394895,1782389111.139987,745.0943330186419,200,
1782389110.3757818,1782389111.165036,789.2562909983099,200,
1782389110.414808,1782389111.167155,752.3479579831474,200,
1782389110.393211,1782389111.174788,781.578249996528,200,
1782389110.388681,1782389111.205479,816.8009170331061,200,
1782389110.411215,1782389111.2190678,807.8540000133216,200,
1782389110.402399,1782389111.2277892,825.3924999735318,200,
1782389110.413099,1782389111.2841809,871.0834999801591,200,
1782389110.416364,1782389111.341774,925.4124580183998,200,
1782389110.4060512,1782389111.3510358,944.9879999738187,200,
1782389110.377145,1782389111.384703,1007.5601669959724,200,
1782389110.369619,1782389111.3945742,1024.9593330081552,200,
1782389110.372811,1782389111.399051,1026.2432500021532,200,
1782389110.38541,1782389111.488775,1103.3703749999404,200,
1782389110.3552861,1782389111.4918022,1136.5210420335643,200,
1782389110.407541,1782389111.495596,1088.0598749499768,200,
1782389110.399434,1782389111.497469,1098.0398749816231,200,
1782389110.3537128,1782389111.5093062,1155.598041950725,200,
1782389110.378795,1782389111.5101151,1131.3253329717554,200,
1782389110.381709,1782389111.51178,1130.075792025309,200,
1782389110.390194,1782389111.514315,1124.1250419989228,200,
1782389110.4042351,1782389111.516393,1112.162499979604,200,
1782389110.3964999,1782389111.575453,1178.9584999787621,200,
1782389110.386837,1782389111.578506,1191.674250003416,200,
1782389111.399056,1782389111.621869,222.81162498984486,200,
1782389110.4008582,1782389111.6256819,1224.8287089751102,200,
1782389111.4009311,1782389111.636495,235.56375002954155,200,
1782389111.405314,1782389111.6465511,241.23658303869888,200,
1782389111.402227,1782389111.6868439,284.61591695668176,200,
1782389111.408475,1782389111.739871,331.395415996667,200,
1782389111.4093928,1782389111.780267,370.8740830188617,200,
1782389111.403533,1782389111.8302321,426.6983339912258,200,
1782389111.411405,1782389111.844086,432.6821669819765,200,
1782389111.426222,1782389111.849422,423.19958296138793,200,
1782389111.465856,1782389111.865993,400.12858295813203,200,
1782389111.417542,1782389111.8686259,451.0848330100998,200,
1782389111.434634,1782389111.8931499,458.51525000762194,200,
1782389111.4150631,1782389111.925429,510.36587497219443,200,
1782389111.467778,1782389111.966738,498.95983398891985,200,
1782389111.47397,1782389111.969703,495.73416699422523,200,
1782389111.470145,1782389111.9856331,515.4898749897256,200,
1782389111.476733,1782389112.049132,572.4007079843432,200,
1782389111.412596,1782389112.090603,678.0086670187302,200,
1782389111.4774442,1782389112.212875,735.4339589946903,200,
1782389111.4060512,1782389112.277614,871.5662919566967,200,
1782389111.478213,1782389112.299238,821.0275410092436,200,
1782389111.474667,1782389112.3179379,843.273666978348,200,
1782389110.350959,1782389112.3433118,1992.3627499956638,200,
1782389111.456301,1782389112.366018,909.7175829811022,200,
1782389111.4834619,1782389112.4212239,937.7652080147527,200,
1782389111.482084,1782389112.569077,1086.9983750162646,200,
1782389111.466856,1782389112.574657,1107.8045000322163,200,
1782389111.479114,1782389112.5814478,1102.3382080020383,200,
1782389111.473251,1782389112.582365,1109.1195410117507,200,
1782389111.4799948,1782389112.5837429,1103.7533750059083,200,
1782389111.4854689,1782389112.5874932,1102.0284999976866,200,
1782389111.480663,1782389112.591972,1111.313582980074,200,
1782389111.4686131,1782389112.611291,1142.6838329643942,200,
1782389111.475338,1782389112.644625,1169.2931249854155,200,
1782389111.481438,1782389112.6693382,1187.9036670434289,200,
1782389111.484708,1782389112.734831,1250.1289159990847,200,
1782389111.448315,1782389112.755884,1307.5743329827674,200,
1782389111.407626,1782389112.774077,1366.4570829714648,200,
1782389111.4694111,1782389112.776032,1306.6258339677006,200,
1782389112.486773,1782389112.794136,307.362416991964,200,
1782389112.474903,1782389112.825761,350.858292018529,200,
1782389112.461887,1782389112.848383,386.49458304280415,200,
1782389112.5271208,1782389112.872384,345.2624590136111,200,
1782389112.497807,1782389112.884469,386.6625830414705,200,
1782389112.535563,1782389112.8857422,350.17904097912833,200,
1782389112.5398989,1782389112.907543,367.6434580120258,200,
1782389112.537917,1782389112.9782028,440.2868750039488,200,
1782389112.5438452,1782389113.073845,530.0003339652903,200,
1782389112.494307,1782389113.1812081,686.9034160044976,200,
1782389112.5431428,1782389113.235185,692.0439159730449,200,
1782389112.5461602,1782389113.317406,771.248166973237,200,
1782389112.5507221,1782389113.380142,829.4220839743502,200,
1782389112.5486789,1782389113.388237,839.5601250231266,200,
1782389112.549412,1782389113.393031,843.6226249905303,200,
1782389112.553858,1782389113.413246,859.3917500111274,200,
1782389112.551641,1782389113.414499,862.8625419805758,200,
1782389112.547755,1782389113.415926,868.1742080370896,200,
1782389112.556465,1782389113.447911,891.4486670400947,200,
1782389112.546918,1782389113.4675798,920.665374957025,200,
1782389112.4802308,1782389113.548265,1068.0392910144292,200,
1782389112.561675,1782389113.564078,1002.4069589562714,200,
1782389112.562498,1782389113.569938,1007.444208022207,200,
1782389112.55729,1782389113.571339,1014.0539580024779,200,
1782389111.4044979,1782389113.5804842,2175.9947500540875,200,
1782389112.444899,1782389113.6621509,1217.2559580067173,200,
1782389113.467676,1782389113.681646,213.96966598695144,200,
1782389112.558239,1782389113.6830988,1124.86566696316,200,
1782389112.5445728,1782389113.686234,1141.6645419667475,200,
1782389111.471322,1782389113.72977,2258.459208009299,200,
1782389112.550011,1782389113.740593,1190.5872919596732,200,
1782389113.473717,1782389113.7583659,284.64966698084027,200,
1782389113.468988,1782389113.764041,295.05258396966383,200,
1782389112.5597131,1782389113.77534,1215.6317090266384,200,
1782389113.497795,1782389113.806371,308.5752920014784,200,
1782389112.457854,1782389113.818136,1360.2878749952652,200,
1782389112.5557299,1782389113.8478668,1292.1438330085948,200,
1782389112.5452979,1782389113.8939369,1348.6452089855447,200,
1782389113.494545,1782389113.909281,414.7359160124324,200,
1782389113.470594,1782389113.943062,472.46870800154284,200,
1782389113.474945,1782389113.9545448,479.6007919940166,200,
1782389113.5182168,1782389113.962703,444.48654097504914,200,
1782389111.4827259,1782389113.973526,2490.811624971684,200,
1782389113.472397,1782389114.055659,583.2620420260355,200,
1782389111.464191,1782389114.059444,2595.2651249826886,200,
1782389112.5589519,1782389114.061126,1502.1797090303153,200,
1782389113.489323,1782389114.086329,597.0068749738857,200,
1782389113.524822,1782389114.121848,597.0265420037322,200,
1782389113.507157,1782389114.169895,662.7393750241026,200,
1782389113.5322099,1782389114.2411451,708.9365829597227,200,
1782389113.519103,1782389114.2526,733.4990830277093,200,
1782389113.5107908,1782389114.29896,788.1710830261,200,
1782389113.530941,1782389114.402355,871.4155839988962,200,
1782389113.5356648,1782389114.42557,889.9067920283414,200,
1782389112.5604422,1782389114.456382,1895.949041005224,200,
1782389113.512089,1782389114.6131918,1101.1077500297688,200,
1782389113.539103,1782389114.622935,1083.836333011277,200,
1782389113.496512,1782389114.623892,1127.3855000035837,200,
1782389111.472317,1782389114.626071,3153.7695419974625,200,
1782389113.5406022,1782389114.6282592,1087.6604999648407,200,
1782389113.4763892,1782389114.6310349,1154.651874967385,200,
1782389112.468197,1782389114.632073,2163.886916998308,200,
1782389113.526871,1782389114.6328828,1106.0165420058183,200,
1782389113.529449,1782389114.6361,1106.6547920345329,200,
1782389113.536476,1782389114.639607,1103.135542012751,200,
1782389113.508031,1782389114.640448,1132.423332950566,200,
1782389113.534129,1782389114.641557,1107.433624973055,200,
1782389113.506121,1782389114.6455722,1139.4564590300433,200,
1782389113.542353,1782389114.657753,1115.4043750138953,200,
1782389113.517222,1782389114.678846,1161.6291250102222,200,
1782389112.553171,1782389114.7468219,2193.662541976664,200,
1782389112.552511,1782389114.754596,2202.0954160252586,200,
1782389113.5222669,1782389114.79179,1269.5284999790601,200,
1782389113.538313,1782389114.7989178,1260.6102919671685,200,
1782389112.555059,1782389114.830848,2275.8002090267837,200,
1782389113.5145018,1782389114.838628,1324.1319579537958,200,
1782389112.55444,1782389114.851713,2297.2841250011697,200,
1782389112.542401,1782389114.871008,2328.6191659863107,200,
1782389113.5230389,1782389114.8829088,1359.877459006384,200,
1782389113.4987981,1782389114.8904169,1391.6249999892898,200,
1782389114.5347662,1782389114.8914938,356.7289160564542,200,
1782389111.475946,1782389114.925648,3449.7201660415158,200,
1782389114.5434508,1782389114.928709,385.25858300272375,200,
1782389113.533225,1782389114.9722729,1439.053958049044,200,
1782389113.525753,1782389114.990913,1465.1664579869248,200,
1782389113.509697,1782389115.0625238,1552.8346250066534,200,
1782389113.5213819,1782389115.068552,1547.1774589968845,200,
1782389114.563147,1782389115.079662,516.5157499723136,200,
1782389112.5416598,1782389115.09285,2551.2029170058668,200,
1782389114.5590441,1782389115.093899,534.857708029449,200,
1782389114.5462668,1782389115.095219,548.9532909705304,200,
1782389114.552185,1782389115.1759748,623.7900829873979,200,
1782389112.540905,1782389115.230134,2689.2435000045225,200,
1782389114.556983,1782389115.245495,688.5134589974768,200,
1782389112.5088909,1782389115.252312,2743.435083015356,200,
1782389114.5729122,1782389115.274001,701.0907499934547,200,
1782389114.5812,1782389115.2757068,694.5093750255182,200,
1782389114.5765178,1782389115.2967548,720.2391250175424,200,
1782389114.5775812,1782389115.3323698,754.7909169807099,200,
1782389113.520143,1782389115.365956,1845.8206659997813,200,
1782389113.537434,1782389115.36869,1831.2645829864778,200,
1782389114.582571,1782389115.389951,807.3820000281557,200,
1782389114.570355,1782389115.4123268,841.9747920124792,200,
1782389114.560492,1782389115.426688,866.1998749594204,200,
1782389114.561496,1782389115.4316921,870.1997080352157,200,
1782389114.5941162,1782389115.438009,843.8949590199627,200,
1782389114.5799959,1782389115.439557,859.5641249557957,200,
1782389114.574425,1782389115.460456,886.0352910123765,200,
1782389114.59987,1782389115.512973,913.1058339844458,200,
1782389114.6018581,1782389115.526325,924.4695840170607,200,
1782389114.593426,1782389115.5996768,1006.25645800028,200,
1782389114.591914,1782389115.604545,1012.6360839931294,200,
1782389114.568251,1782389115.6048708,1036.626165965572,200,
1782389114.585702,1782389115.605292,1019.5952909998596,200,
1782389114.590534,1782389115.60574,1015.2104169828817,200,
1782389114.58493,1782389115.606117,1021.1921249865554,200,
1782389114.596402,1782389115.606464,1010.0674999994226,200,
1782389114.578495,1782389115.606893,1028.4027910092846,200,
1782389114.59757,1782389115.689364,1091.7986249551177,200,
1782389115.5334451,1782389115.720164,186.71824998455122,200,
1782389113.52826,1782389115.725162,2196.9124999595806,200,
1782389114.583918,1782389115.729603,1145.6899999757297,200,
1782389112.5631292,1782389115.754791,3191.677999973763,200,
1782389114.592716,1782389115.791708,1198.9962499937974,200,
1782389115.543539,1782389115.81846,274.91975005250424,200,
1782389114.600972,1782389115.8232388,1222.27245796239,200,
1782389115.554455,1782389115.8871198,332.6626670313999,200,
1782389114.6025789,1782389115.9266691,1324.0961250266992,200,
1782389115.5373409,1782389115.9405582,403.21666601812467,200,
1782389114.596948,1782389115.956379,1359.4372079824097,200,
1782389114.55473,1782389115.966548,1411.8227080325596,200,
1782389115.552768,1782389115.968529,415.7612079870887,200,
1782389115.5806148,1782389115.989961,409.3469580402598,200,
1782389115.545228,1782389115.996298,451.0701249819249,200,
1782389114.5948212,1782389116.0012312,1406.4148750039749,200,
1782389115.5440419,1782389116.034511,490.46845897100866,200,
1782389115.588913,1782389116.0637288,474.8165000346489,200,
1782389115.567126,1782389116.0847821,517.6568339811638,200,
1782389114.5990689,1782389116.0979111,1498.8482919870876,200,
1782389115.590299,1782389116.108161,517.8626249544322,200,
1782389115.588371,1782389116.1289248,540.5543750384822,200,
1782389114.5317702,1782389116.167519,1635.7559169991873,200,
1782389115.5927281,1782389116.199986,607.2595000150613,200,
1782389115.54963,1782389116.216514,666.8871659785509,200,
1782389115.581799,1782389116.239582,657.7855829964392,200,
1782389115.5766258,1782389116.2397609,663.1377080339007,200,
1782389115.540668,1782389116.275192,734.5244999742135,200,
1782389115.591833,1782389116.313131,721.2994169676676,200,
1782389115.547057,1782389116.327574,780.5193749954924,200,
1782389115.597147,1782389116.4418502,844.7058339952491,200,
1782389115.590923,1782389116.462222,871.3029170176014,200,
1782389113.53487,1782389116.5657978,3030.9432079666294,200,
1782389115.594574,1782389116.565956,971.3870830019005,200,
1782389115.592434,1782389116.614837,1022.407624986954,200,
1782389115.592139,1782389116.655264,1063.1298330263235,200,
1782389115.5899541,1782389116.737612,1147.6617089938372,200,
1782389112.5174952,1782389116.7647622,4247.289124992676,200,
1782389115.5953689,1782389116.829786,1234.4220420345664,200,
1782389114.5363321,1782389116.8751218,2338.8006250024773,200,
1782389113.5238411,1782389116.942593,3418.7698329915293,200,
1782389114.6031392,1782389117.024718,2421.5911669889465,200,
1782389115.560042,1782389117.838937,2278.906374995131,200,
1782389115.595745,1782389117.8450282,2249.294458015356,200,
1782389115.593077,1782389117.860554,2267.488165991381,200,
1782389115.59061,1782389117.9473422,2356.7425839719363,200,
1782389113.5414772,1782389117.959275,4417.822375020478,200,
1782389116.5308359,1782389117.966945,1436.1162909772247,200,
1782389114.58884,1782389118.084398,3495.5765409977175,200,
1782389115.542932,1782389118.085185,2542.2652079723775,200,
1782389115.594097,1782389118.0957649,2501.681042020209,200,
1782389115.596443,1782389118.1309628,2534.533208992798,200,
1782389115.555585,1782389118.142404,2586.8315410334617,200,
1782389115.5730119,1782389118.207703,2634.704999974929,200,
1782389115.5486279,1782389118.245875,2697.246499999892,200,
1782389115.583164,1782389118.454113,2870.9640000015497,200,
1782389115.5960908,1782389118.607636,3011.5602500154637,200,
1782389115.5513291,1782389118.6322591,3080.94583399361,200,
1782389116.529105,1782389118.8254452,2296.350665972568,200,
1782389116.545037,1782389119.018734,2473.708917037584,200,
1782389116.53345,1782389119.0211232,2487.686250009574,200,
1782389116.5341508,1782389119.385683,2851.545959012583,200,
1782389116.5353642,1782389119.435901,2900.5520829814486,200,
1782389116.5429492,1782389119.452978,2910.0446249940433,200,
1782389114.600517,1782389119.555103,4954.612624947913,200,
1782389116.538128,1782389119.653053,3114.940540981479,200,
1782389116.5457122,1782389119.662682,3116.985625005327,200,
1782389116.5411148,1782389119.748996,3207.8977919882163,200,
1782389115.5747662,1782389119.783825,4209.0802090242505,200,
1782389115.594927,1782389119.796952,4202.0461250212975,200,
1782389116.532091,1782389119.897613,3365.5400829738937,200,
1782389116.529668,1782389119.9164412,3386.790624994319,200,
1782389116.552472,1782389119.9984581,3446.0036659729667,200,
1782389116.551836,1782389120.111896,3560.078500013333,200,
1782389116.534781,1782389120.141004,3606.241957983002,200,
1782389116.539573,1782389120.1736588,3634.0970000019297,200,
1782389116.5284932,1782389120.235352,3706.878874974791,200,
1782389116.561244,1782389120.289424,3728.198458033148,200,
1782389116.5274189,1782389120.301853,3774.4534999947064,200,
1782389116.5513961,1782389120.304959,3753.5599999828264,200,
1782389115.596725,1782389120.410711,4814.011999987997,200,
1782389114.5660229,1782389120.5885491,6022.558541968465,200,
1782389116.548626,1782389120.588786,4040.1821660343558,200,
1782389116.54224,1782389120.657172,4114.953666983638,200,
1782389116.547704,1782389120.722982,4175.299750000704,200,
1782389116.537416,1782389120.728966,4191.571291012224,200,
1782389115.5914,1782389120.734161,5142.789167002775,200,
1782389117.534963,1782389120.79885,3263.9031250146218,200,
1782389116.553408,1782389120.860085,4306.698917003814,200,
1782389116.5510762,1782389120.9240289,4372.975958976895,200,
1782389116.5471191,1782389120.930541,4383.444832987152,200,
1782389116.538698,1782389121.225122,4686.447167012375,200,
1782389117.535695,1782389121.238417,3702.741666988004,200,
1782389115.587455,1782389121.310903,5723.4780410071835,200,
1782389117.541813,1782389121.329438,3787.644875003025,200,
1782389117.544597,1782389121.358845,3814.2679579905234,200,
1782389116.552821,1782389121.361516,4808.720791945234,200,
1782389117.537345,1782389121.3715699,3834.2446670285426,200,
1782389116.530208,1782389121.375815,4845.63141601393,200,
1782389117.53035,1782389121.3887732,3858.442665950861,200,
1782389116.558193,1782389121.524323,4966.155500034802,200,
1782389116.531329,1782389121.7892742,5257.971875020303,200,
1782389116.558609,1782389121.789421,5230.840584030375,200,
1782389117.5352519,1782389121.789535,4254.305916023441,200,
1782389114.595645,1782389121.7896829,7194.077291991562,200,
1782389116.5416908,1782389121.7897868,5248.12533397926,200,
1782389114.539337,1782389121.790019,7250.719083007425,200,
1782389117.538822,1782389121.7901282,4251.330124970991,200,
1782389116.5463512,1782389121.7905438,5244.222500012256,200,
1782389116.5603,1782389121.790858,5230.587250029203,200,
1782389117.536789,1782389121.825723,4288.956041971687,200,
1782389117.538083,1782389121.8695521,4331.492792000063,200,
1782389117.5378969,1782389121.878219,4340.344999975059,200,
1782389117.539005,1782389121.912343,4373.360333964229,200,
1782389116.549973,1782389122.115598,5565.654499980155,200,
1782389116.548235,1782389122.1342988,5586.092957993969,200,
1782389117.536384,1782389122.1418319,4605.47220800072,200,
1782389117.538634,1782389122.223779,4685.169707983732,200,
1782389117.5359738,1782389122.533186,4997.239374963101,200,
1782389116.5618281,1782389123.044464,6482.668874959927,200,
1782389114.587321,1782389123.044878,8457.603792019654,200,
1782389117.5429919,1782389123.090386,5547.422874951735,200,
1782389116.5442219,1782389123.101689,6557.486750010867,200,
1782389117.5361779,1782389123.1167638,5580.616624967661,200,
1782389117.538264,1782389123.131897,5593.6630420037545,200,
1782389117.537528,1782389123.173846,5636.347624997143,200,
1782389116.550781,1782389123.19604,6645.294457965065,200,
1782389117.537159,1782389123.207456,5670.3274580067955,200,
1782389117.546897,1782389123.218886,5672.019249992445,200,
1782389116.540478,1782389123.2278469,6687.404333031736,200,
1782389117.544991,1782389123.2943082,5749.346957949456,200,
1782389117.545939,1782389123.319712,5773.803875024896,200,
1782389118.54196,1782389123.332646,4790.711249981541,200,
1782389117.547112,1782389123.332739,5785.659582994413,200,
1782389118.534807,1782389123.38248,4847.69841702655,200,
1782389117.538453,1782389123.4226382,5884.215708996635,200,
1782389115.5894668,1782389123.449898,7860.4726669727825,200,
1782389117.545374,1782389123.467526,5922.183749964461,200,
1782389115.585973,1782389123.523967,7938.036917010322,200,
1782389118.538982,1782389123.532106,4993.150958034676,200,
1782389117.536971,1782389123.542561,6005.612833017949,200,
1782389117.5476868,1782389124.087322,6539.671292004641,200,
1782389118.539209,1782389124.087421,5548.242582997773,200,
1782389118.531021,1782389124.087563,5556.572708010208,200,
1782389118.5375218,1782389124.113154,5575.660708011128,200,
1782389117.5435321,1782389124.194478,6650.982082996052,200,
1782389117.540898,1782389124.206882,6666.017375013325,200,
1782389118.538604,1782389124.321007,5782.432958018035,200,
1782389117.546506,1782389124.330675,6784.206125012133,200,
1782389117.5474958,1782389124.351319,6803.860207961407,200,
1782389118.53519,1782389124.3968341,5861.676000000443,200,
1782389118.543095,1782389124.412949,5869.884583982639,200,
1782389117.543788,1782389124.4700181,6926.267665985506,200,
1782389117.546317,1782389124.5171719,6970.89291701559,200,
1782389117.546127,1782389124.544252,6998.163208016194,200,
1782389117.544211,1782389125.164463,7620.2935830224305,200,
1782389116.532649,1782389125.164543,8631.942500011064,200,
1782389116.536705,1782389125.164618,8627.961291989777,200,
1782389120.542356,1782389125.1646788,4622.348167002201,200,
1782389118.541253,1782389125.164743,6623.527459043544,200,
1782389119.5475469,1782389125.164816,5617.300334037282,200,
1782389119.537336,1782389125.164875,5627.570707991254,200,
1782389120.543381,1782389125.164927,4621.572084026411,200,
1782389118.5424378,1782389125.201955,6659.5527500030585,200,
1782389118.541462,1782389125.2020311,6660.606167046353,200,
1782389119.542922,1782389125.2020931,5659.203375049401,200,
1782389117.5473049,1782389126.369013,8821.756249992177,200,
1782389118.5416682,1782389126.369092,7827.46845803922,200,
1782389119.536939,1782389126.3691552,6832.254124979954,200,
1782389118.540826,1782389126.3692129,7828.431125031784,200,
1782389119.537597,1782389126.369282,6831.724125018809,200,
1782389119.541767,1782389126.3693361,6827.608124993276,200,
1782389118.53439,1782389126.3694,7835.053457994945,200,
1782389119.538081,1782389126.369455,6831.4119999995455,200,
1782389118.5428622,1782389126.4292428,7886.42441702541,200,
1782389118.546818,1782389126.429517,7882.743125024717,200,
1782389119.541993,1782389126.429617,6887.662000022829,200,
1782389117.545568,1782389126.429688,8884.16941696778,200,
1782389118.539594,1782389126.453161,7913.609415991232,200,
1782389120.566973,1782389126.617279,6050.33891601488,200,
1782389117.545183,1782389126.617423,9072.29041698156,200,
1782389119.544468,1782389126.6174872,7073.0586249846965,200,
1782389119.541064,1782389126.617549,7076.5243750065565,200,
1782389119.5383208,1782389126.6176078,7079.326375038363,200,
1782389120.5426161,1782389126.6177,6075.11854195036,200,
1782389121.534153,1782389126.617805,5083.679875009693,200,
1782389121.6169221,1782389126.641091,5024.194416007958,200,
1782389117.5448,1782389126.68434,9139.59012500709,200,
1782389116.54021,1782389126.684757,10144.602624990512,200,
1782389120.540185,1782389127.879023,7338.877792004496,200,
1782389120.53353,1782389127.8796852,7346.195249992888,200,
1782389119.544702,1782389127.884762,8340.105999959633,200,
1782389119.538548,1782389127.884902,8346.400915994309,200,
1782389120.54581,1782389127.8849778,7339.209666009992,200,
1782389119.546347,1782389127.8850508,8338.751124974806,200,
1782389120.542088,1782389127.8851688,7343.121832993347,200,
1782389118.536582,1782389127.885231,9348.700708011165,200,
1782389118.548686,1782389127.885291,9336.65812498657,200,
1782389119.540603,1782389127.885362,8344.805125030689,200,
1782389118.546607,1782389127.885576,9339.012834010646,200,
1782389118.5335522,1782389127.885922,9352.421041985508,200,
1782389120.575857,1782389127.886244,7310.4269579635,200,
1782389116.535899,1782389127.8864572,11350.621333986055,200,
1782389119.534035,1782389127.8869271,8352.937250048853,200,
1782389118.547243,1782389127.887269,9340.078167035244,200,
1782389120.54527,1782389127.9730911,7427.860750001855,200,
1782389118.540606,1782389127.973699,9433.14408295555,200,
1782389118.546396,1782389129.6628711,11116.535749984905,200,
1782389118.534008,1782389129.662966,11129.020540975034,200,
1782389119.539924,1782389129.663039,10123.171042010654,200,
1782389118.547029,1782389129.6631172,11116.150832967833,200,
1782389118.548384,1782389129.663178,11114.855749998242,200,
1782389117.5457542,1782389129.663244,12117.558291007299,200,
1782389118.5455801,1782389129.6633081,11117.790541960858,200,
1782389118.5443819,1782389129.663373,11119.052542024292,200,
1782389117.536593,1782389129.66381,12127.284584043082,200,
1782389120.551061,1782389129.664196,9113.185583963059,200,
1782389118.545944,1782389129.664553,11118.670666008256,200,
1782389118.539972,1782389129.664896,11124.985082948115,200,
1782389119.545644,1782389129.665161,10119.572707975749,200,
1782389119.544933,1782389129.665345,10120.468875044025,200,
1782389116.5492952,1782389129.666346,13117.123208008707,200,
1782389120.559829,1782389129.667358,9107.579709030688,200,
1782389118.541039,1782389129.6677818,11126.803999999538,200,
1782389119.540158,1782389129.66799,10127.887999988161,200,
1782389118.5319722,1782389129.6683788,11136.46929099923,200,
1782389119.546119,1782389129.668722,10122.658666979987,200,
1782389121.608622,1782389129.668826,8060.249000031035,200,
1782389119.539702,1782389129.668899,10129.253083025105,200,
1782389118.5452642,1782389129.668962,11123.759208945557,200,
1782389117.544406,1782389129.669284,12124.945541960187,200,
1782389118.532958,1782389129.669769,11136.871040973347,200,
1782389117.5345762,1782389129.6699562,12135.44704101514,200,
1782389118.5476649,1782389129.670784,11123.180124966893,200,
1782389118.535769,1782389129.671087,11135.380708030425,200,
1782389120.535091,1782389129.671267,9136.226125003304,200,
1782389120.546407,1782389129.7835279,9237.17012500856,200,
1782389121.5455601,1782389129.783824,8238.309708016459,200,
1782389120.5447848,1782389129.7840042,9239.27029198967,200,
1782389119.541301,1782389131.1021922,11560.955000051763,200,
1782389121.5391202,1782389131.102328,9563.261458999477,200,
1782389121.6332679,1782389131.102644,9469.427499978337,200,
1782389118.532539,1782389131.103424,12570.954499999061,200,
1782389119.5408409,1782389131.1035469,11562.770500022452,200,
1782389122.575474,1782389131.103628,8528.202207991853,200,
1782389119.5451698,1782389133.1209202,13576.129833993036,200,
1782389121.550657,1782389133.121046,11570.758084009867,200,
1782389120.5385442,1782389133.121112,12582.942999957595,200,
1782389120.5439959,1782389133.1211882,12577.56787497783,200,
1782389119.546825,1782389133.1212502,13574.806999997236,200,
1782389121.674092,1782389133.121315,11447.592500015162,200,
1782389117.537709,1782389133.121376,15584.059290995356,200,
1782389119.540378,1782389133.121431,13581.434249994345,200,
1782389120.536018,1782389133.1214871,12585.843833978288,200,
1782389121.542014,1782389133.121553,11579.908666026313,200,
1782389119.542691,1782389133.121609,13579.298875003587,200,
1782389120.573132,1782389133.1217978,12549.042083031964,200,
1782389120.5638468,1782389133.121879,12558.407875010744,200,
1782389119.547783,1782389133.121975,13574.573667021468,200,
1782389120.562527,1782389133.122027,12559.875832987018,200,
1782389122.5444422,1782389133.1237152,10579.636792012025,200,
1782389119.539028,1782389133.1238358,13585.189791978337,200,
1782389120.5612118,1782389133.1239622,12563.125749991741,200,
1782389121.564289,1782389133.124038,11560.119791014586,200,
1782389117.546701,1782389133.12411,15577.80220900895,200,
1782389121.5578392,1782389133.12418,11566.712166997604,200,
1782389120.537466,1782389133.1242392,12587.149124999996,200,
1782389121.580394,1782389133.125498,11545.475416991394,200,
1782389119.547304,1782389133.125567,13578.645375033375,200,
1782389120.5428648,1782389133.125739,12583.250208001118,200,
1782389118.5323079,1782389133.125986,14594.066667021252,200,
1782389120.541843,1782389133.126515,12585.046874999534,200,
1782389121.554635,1782389133.126716,11572.451999993064,200,
1782389120.570204,1782389133.126776,12556.948875018861,200,
1782389121.628438,1782389133.126953,11498.88554197969,200,
1782389118.547455,1782389133.127014,14579.947958001867,200,
1782389119.543154,1782389133.127234,13584.462625032756,200,
1782389122.557355,1782389133.127392,10570.401665987447,200,
1782389120.5555258,1782389133.1278741,12572.725166974124,200,
1782389121.536663,1782389133.1279502,11591.658915975131,200,
1782389119.537842,1782389133.128008,13590.549834014382,200,
1782389118.544123,1782389133.1283882,14584.653041034471,200,
1782389120.541335,1782389133.128484,12587.526833987795,200,
1782389117.544,1782389133.128552,15584.946249960922,200,
1782389121.5400372,1782389133.128615,11588.950916018803,200,
1782389121.5969799,1782389133.12902,11532.411916996352,200,
1782389119.5363631,1782389133.129099,13593.119541008491,200,
1782389120.549346,1782389133.129163,12580.194415990263,200,
1782389118.5422158,1782389133.129486,14587.660250021145,200,
1782389119.532481,1782389133.1299798,13597.88270900026,200,
1782389121.577982,1782389133.13009,11552.480249956716,200,
1782389119.546583,1782389133.1301491,13583.950207976159,200,
1782389119.534411,1782389133.130482,13596.454541955609,200,
1782389119.539254,1782389133.13066,13591.790209000465,200,
1782389121.662174,1782389133.1308239,11469.022958015557,200,
1782389120.565226,1782389133.1310809,12566.233667021152,200,
1782389118.5426502,1782389133.252678,14710.458499961533,200,
1782389121.620692,1782389133.252836,11632.55812501302,200,
1782389120.544364,1782389133.4688692,12924.993166001514,200,
1782389121.541019,1782389133.4797492,11939.215749967843,200,
1782389119.541535,1782389133.481002,13939.965833968017,200,
1782389120.541077,1782389133.481152,12940.568833029829,200,
1782389121.5860329,1782389133.4812832,11895.73729102267,200,
1782389119.535237,1782389134.959639,15425.363291986287,200,
1782389119.542235,1782389134.960041,15418.768292001914,200,
1782389121.583254,1782389134.960491,13378.188207978383,200,
1782389120.5382242,1782389134.960642,14423.375207989011,200,
1782389119.5458822,1782389134.960712,15415.792290994432,200,
1782389120.537791,1782389134.9607759,14423.942167020869,200,
1782389120.539917,1782389134.9608488,14421.889540972188,200,
1782389121.652406,1782389134.960906,13309.451124980114,200,
1782389118.533165,1782389134.9609668,16428.771666949615,200,
1782389122.536968,1782389134.961053,12425.031916995067,200,
1782389121.657991,1782389134.961151,13304.111583041959,200,
1782389121.594699,1782389134.961251,13367.503624991514,200,
1782389119.545407,1782389134.961332,15416.888042003848,200,
1782389119.5424662,1782389134.961539,15420.036584022455,200,
1782389120.5778089,1782389134.961636,14384.783582994714,200,
1782389121.559391,1782389134.961759,13403.31987501122,200,
1782389121.64797,1782389134.961847,13314.82791696908,200,
1782389120.5470788,1782389134.961911,14415.789708029479,200,
1782389120.552863,1782389134.9619699,14410.065125033725,200,
1782389120.53678,1782389134.962023,14426.200749992859,200,
1782389121.6376362,1782389134.962091,13325.406250020023,200,
1782389121.68717,1782389134.962146,13275.927375012543,200,
1782389119.53472,1782389134.962197,15428.441416996066,200,
1782389120.54078,1782389134.962251,14422.429083962925,200,
1782389121.6929011,1782389134.9623082,13270.358583016787,200,
1782389120.539202,1782389134.962362,14424.11770799663,200,
1782389120.543113,1782389134.962414,14420.259166974574,200,
1782389119.5470679,1782389134.962471,15416.3658330217,200,
1782389121.612821,1782389134.9625258,13350.657625007443,200,
1782389118.5403461,1782389134.9625752,16423.198040982243,200,
1782389121.5374799,1782389134.962622,13426.094416005071,200,
1782389120.554209,1782389134.9626691,14409.417957998812,200,
1782389118.5327518,1782389134.962715,16430.93241599854,200,
1782389120.539566,1782389134.962761,14424.152666004375,200,
1782389121.5744388,1782389134.9628081,13389.32170899352,200,
1782389121.5625951,1782389134.962854,13401.211542019155,200,
1782389121.543985,1782389134.9629,13419.867708988022,200,
1782389122.5498471,1782389134.9629471,12414.045999990776,200,
1782389121.642525,1782389134.9630132,13321.440500032622,200,
1782389120.5415812,1782389134.963058,14422.434833017178,200,
1782389121.5993202,1782389134.963118,13364.75079198135,200,
1782389121.623822,1782389134.96317,13340.300458017737,200,
1782389121.53828,1782389134.963221,13425.893541949335,200,
1782389122.5715468,1782389134.9632661,12392.665125022177,200,
1782389121.5714471,1782389134.963321,13392.826583003625,200,
1782389121.669357,1782389134.963368,13294.963333988562,200,
1782389119.54422,1782389134.9634151,15420.158667024225,200,
1782389121.5609531,1782389134.9634619,13403.461583948229,200,
1782389121.5922701,1782389134.963509,13372.190958005376,200,
1782389121.552572,1782389134.963559,13411.93950001616,200,
1782389118.546182,1782389134.963608,16418.395999993663,200,
1782389120.550221,1782389134.963656,14414.392667007633,200,
1782389120.558558,1782389134.963706,14406.105832953472,200,
1782389121.603196,1782389134.963755,13361.511166964192,200,
1782389120.551934,1782389134.963806,14412.829792010598,200,
1782389121.5561569,1782389134.963856,13408.652165962849,200,
1782389121.67946,1782389134.9639091,13285.400541964918,200,
1782389119.5394812,1782389134.963955,15425.438208971173,200,
1782389121.566905,1782389134.963999,13398.046167043503,200,
1782389119.538792,1782389134.964048,15426.220374996774,200,
1782389120.5436668,1782389134.9640992,14421.391040959861,200,
1782389121.547192,1782389134.96416,13417.92091698153,200,
1782389122.563209,1782389134.964205,12401.94341604365,200,
1782389122.6052449,1782389136.074121,13470.142666017637,200,
1782389122.5792809,1782389136.074235,13496.221582987346,200,
1782389122.5848498,1782389136.074375,13490.792625001632,200,
1782389122.628326,1782389136.0744991,13447.440374991857,200,
1782389122.614965,1782389136.074558,13460.861040977761,200,
1782389122.6209412,1782389136.074614,13454.94120795047,200,
1782389122.596323,1782389136.074712,13479.65633298736,200,
1782389122.655604,1782389136.07485,13420.513292017858,200,
1782389122.663389,1782389136.0749571,13412.835542054381,200,
1782389122.646764,1782389136.0750248,13429.528666019905,200,
1782389122.63505,1782389136.075087,13441.30479200976,200,
1782389122.591156,1782389136.075146,13485.258667031303,200,
1782389122.640139,1782389136.075218,13436.347583017778,200,
1782389122.679766,1782389137.557639,14879.532957973424,200,
1782389122.710529,1782389137.5578082,14848.940125026274,200,
1782389122.7014809,1782389137.557906,14858.086125052068,200,
1782389122.671052,1782389137.558187,14888.796125014778,200,
1782389122.687336,1782389137.567793,14882.119999965653,200,
1782389122.74925,1782389137.567997,14820.409334031865,200,
1782389122.7284968,1782389137.568196,14841.362958017271,200,
1782389122.7218199,1782389137.56845,14848.293000017293,200,
1782389122.696102,1782389137.568609,14874.170541996136,200,
1782389122.739033,1782389137.5686998,14831.330584012903,200,
1782389122.812126,1782389139.640716,16830.74529102305,200,
1782389122.944821,1782389139.641353,16698.685082956217,200,
1782389122.985597,1782389139.641761,16658.319665992167,200,
1782389122.839915,1782389139.642509,16804.748499998823,200,
1782389122.879455,1782389139.643061,16765.761667047627,200,
1782389122.9549172,1782389139.6434581,16690.69658301305,200,
1782389122.971215,1782389139.64367,16674.61058398476,200,
1782389122.935863,1782389139.644565,16710.858166974504,200,
1782389122.761014,1782389139.64498,16886.123958975077,200,
1782389122.795319,1782389139.64516,16851.997582998592,200,
1782389122.922029,1782389139.645395,16725.522374967113,200,
1782389122.868364,1782389139.645568,16779.36079102801,200,
1782389122.9097931,1782389139.645736,16738.100167014636,200,
1782389122.96283,1782389139.6458292,16685.156291001476,200,
1782389122.779969,1782389139.6460102,16868.198541982565,200,
1782389122.893522,1782389139.646071,16754.70558402594,200,
1782389122.770435,1782389139.646135,16877.857415995095,200,
1782389122.830623,1782389139.646194,16817.726459004916,200,
1782389123.689533,1782389141.387139,17700.124666967895,200,
1782389123.66373,1782389141.387211,17726.00149997743,200,
1782389123.641852,1782389141.387275,17747.943082998972,200,
1782389123.729544,1782389141.3873332,17660.309833998326,200,
1782389123.634637,1782389141.3873868,17755.27050002711,200,
1782389123.607682,1782389141.387477,17782.316124998033,200,
1782389123.7883258,1782389141.3875892,17601.78258403903,200,
1782389123.562409,1782389141.387648,17827.76016695425,200,
1782389123.61758,1782389141.387707,17772.64770801412,200,
1782389123.612788,1782389141.3877969,17777.53004198894,200,
1782389123.56689,1782389141.387864,17823.494874988683,200,
1782389123.757853,1782389141.3879292,17632.596750045195,200,
1782389123.669058,1782389141.3879821,17721.44475003006,200,
1782389123.652041,1782389141.388041,17738.52099996293,200,
1782389123.780517,1782389141.3880918,17610.094666015357,200,
1782389123.545255,1782389141.388223,17845.489375002217,200,
1782389123.582749,1782389141.3882759,17808.048250037245,200,
1782389123.698118,1782389141.388344,17692.746333021205,200,
1782389123.0001101,1782389141.388402,18390.81733301282,200,
1782389123.007329,1782389141.388451,18383.646166999824,200,
1782389123.624896,1782389141.3884969,17766.123083012644,200,
1782389123.683996,1782389141.388552,17707.077332946938,200,
1782389123.74455,1782389141.388604,17646.574458980467,200,
1782389123.5502431,1782389141.388654,17840.932124992833,200,
1782389123.77357,1782389141.388708,17617.658041999675,200,
1782389123.70738,1782389141.3887548,17683.89608396683,200,
1782389123.590605,1782389141.388809,17800.725082983263,200,
1782389123.57656,1782389141.388858,17814.819457998965,200,
1782389123.597003,1782389141.388909,17794.427292014007,200,
1782389123.716125,1782389141.388959,17675.35500001395,200,
1782389123.602036,1782389141.3890078,17789.493208983913,200,
1782389123.800025,1782389143.71827,19921.196084003896,200,
1782389123.8496141,1782389143.718349,19871.68737500906,200,
1782389123.8198268,1782389143.718413,19901.538791018538,200,
1782389123.8281522,1782389143.7184792,19893.279833951965,200,
1782389123.865342,1782389143.718534,19856.142958044074,200,
1782389123.834304,1782389143.718591,19887.238874973264,200,
1782389123.812922,1782389143.718666,19908.69637503056,200,
1782389124.602685,1782389147.4808378,22881.680833001155,200,
1782389124.002433,1782389147.4809442,23482.042957970407,200,
1782389124.759763,1782389147.481044,22724.808875005692,200,
1782389123.935612,1782389147.481128,23549.047416017856,200,
1782389124.654054,1782389147.481202,22830.676249985117,200,
1782389124.786279,1782389147.4812648,22698.512875009328,200,
1782389124.9047759,1782389147.481338,22580.0887500518,200,
1782389124.714396,1782389147.481396,22770.527374988887,200,
1782389124.954883,1782389147.481451,22530.09437501896,200,
1782389124.568761,1782389147.4815319,22916.299292002805,200,
1782389124.613514,1782389147.481586,22871.599958045408,200,
1782389123.908715,1782389147.481657,23576.4739169972,200,
1782389124.544714,1782389147.481726,22940.54087495897,200,
1782389124.84791,1782389147.481791,22637.408624985255,200,
1782389124.825234,1782389147.4818501,22660.14333302155,200,
1782389124.7423942,1782389147.481914,22743.047291995026,200,
1782389124.551405,1782389147.481972,22934.095082979184,200,
1782389124.6830568,1782389147.482034,22802.50533297658,200,
1782389124.7330859,1782389147.48209,22752.53179197898,200,
1782389124.6915781,1782389147.482144,22794.09375000978,200,
1782389123.952142,1782389147.482202,23533.59220799757,200,
1782389124.893357,1782389147.4822521,22592.42154203821,200,
1782389124.777287,1782389147.4823081,22708.54862499982,200,
1782389123.9842901,1782389147.4823601,23501.60183402477,200,
1782389124.015056,1782389147.482424,23470.899625041056,200,
1782389124.706068,1782389147.48248,22779.939708008897,200,
1782389123.899275,1782389147.482535,23586.791834037285,200,
1782389123.889226,1782389147.482602,23596.90858394606,200,
1782389124.836245,1782389147.482655,22649.93662503548,200,
1782389124.672791,1782389147.482713,22813.450041983742,200,
1782389123.992172,1782389147.4827662,23494.12566598039,200,
1782389124.751501,1782389147.482822,22734.848708030768,200,
1782389124.723131,1782389147.482879,22763.27587501146,200,
1782389124.806602,1782389147.4829462,22679.871583997738,200,
1782389124.6235478,1782389147.483007,22862.987333966885,200,
1782389124.928434,1782389147.4830642,22558.157707971986,200,
1782389123.974036,1782389147.483115,23512.610625009984,200,
1782389124.575988,1782389147.4831638,22910.704874957446,200,
1782389123.926979,1782389147.483219,23559.772167005576,200,
1782389123.943197,1782389147.483278,23543.613332964014,200,
1782389124.7986612,1782389147.483335,22688.20166698424,200,
1782389124.940189,1782389147.483393,22546.730375033803,200,
1782389123.8772538,1782389147.483449,23609.727542032488,200,
1782389124.586806,1782389147.483501,22900.224125012755,200,
1782389124.63671,1782389147.483556,22850.375250040088,200,
1782389124.663119,1782389147.483617,22824.02674999321,200,
1782389124.858777,1782389147.483669,22628.419499960728,200,
1782389123.9196548,1782389147.483729,23567.60716700228,200,
1782389124.915657,1782389147.483779,22571.648375014775,200,
1782389124.8148952,1782389147.483836,22672.468542004935,200,
1782389124.882404,1782389147.4838872,22605.009709019214,200,
1782389124.59627,1782389147.483944,22891.202625003643,200,
1782389124.561188,1782389147.4839969,22926.33816698799,200,
1782389123.961658,1782389147.4840589,23525.933500030078,200,
1782389124.645351,1782389147.484122,22842.29904098902,200,
1782389124.698868,1782389147.484173,22788.832666992676,200,
1782389124.767972,1782389147.4842298,22719.785374996718,200,
1782389124.8698292,1782389147.484284,22617.982375028078,200,
1782389125.790397,1782389150.08231,24295.763165981043,200,
1782389124.963137,1782389150.082388,25123.106833023485,200,
1782389125.545792,1782389150.0824609,24540.521250048187,200,
1782389125.7214222,1782389150.0825112,24364.940582949203,200,
1782389125.052354,1782389150.082561,25034.062541963067,200,
1782389124.9800162,1782389150.082772,25106.611875002272,200,
1782389125.612823,1782389150.082866,24473.895208036993,200,
1782389126.196481,1782389150.082919,23890.28704201337,200,
1782389125.623788,1782389150.082976,24463.04008300649,200,
1782389126.1653461,1782389150.0830321,23921.534415974747,200,
1782389125.898954,1782389150.083078,24187.975334003568,200,
1782389125.5648189,1782389150.083126,24522.160332999192,200,
1782389124.9903638,1782389150.083262,25096.75408300245,200,
1782389125.6580899,1782389150.083321,24429.08295802772,200,
1782389126.07395,1782389150.083377,24013.277040969115,200,
1782389126.060168,1782389150.083445,24027.1267920034,200,
1782389125.583277,1782389150.083498,24504.074083990417,200,
1782389125.601088,1782389150.0835462,24486.310333013535,200,
1782389125.676933,1782389150.08363,24410.548667015973,200,
1782389125.0139468,1782389150.08368,25073.58845800627,200,
1782389126.231175,1782389150.083785,23856.459584028926,200,
1782389126.117447,1782389150.0838459,23970.248416007962,200,
1782389125.689736,1782389150.083934,24398.05079199141,200,
1782389126.218209,1782389150.083987,23869.627459032927,200,
1782389125.849171,1782389150.08407,24238.74970799079,200,
1782389125.638412,1782389150.084157,24449.59683396155,200,
1782389125.5916522,1782389150.08421,24496.410749969073,200,
1782389126.934013,1782389150.084262,23154.09395901952,200,
1782389125.76878,1782389150.084529,24319.60045802407,200,
1782389125.875,1782389150.0846028,24213.45395798562,200,
1782389125.9309282,1782389150.0847402,24157.66262501711,200,
1782389125.5743492,1782389150.084789,24514.293209009338,200,
1782389126.207268,1782389150.084844,23881.424417020753,200,
1782389125.704124,1782389150.084897,24384.62470797822,200,
1782389125.984375,1782389150.084943,24104.418625007384,200,
1782389125.0031092,1782389150.085021,25085.76800004812,200,
1782389125.0414138,1782389150.0850718,25047.513083030935,200,
1782389125.862591,1782389150.085124,24226.384000037797,200,
1782389126.04437,1782389150.0852108,24044.69033301575,200,
1782389126.143409,1782389150.085265,23945.70554199163,200,
1782389125.5551932,1782389150.0853188,24533.978958032094,200,
1782389126.0956101,1782389150.0853708,23993.611374986358,200,
1782389126.000231,1782389150.085417,24089.036208984908,200,
1782389125.025281,1782389150.085526,25064.10091702128,200,
1782389124.971366,1782389150.085579,25118.069749965798,200,
1782389125.756842,1782389150.08563,24332.63962494675,200,
1782389125.668142,1782389150.085678,24421.38833401259,200,
1782389125.734074,1782389150.085731,24355.509499961045,200,
1782389125.7793689,1782389150.085779,24310.262167011388,200,
1782389125.649157,1782389150.085834,24440.52995799575,200,
1782389125.827425,1782389150.0859368,24262.363333022222,200,
1782389125.746111,1782389150.085988,24343.728458043188,200,
1782389126.1771488,1782389150.086041,23912.74166700896,200,
1782389125.960787,1782389150.08609,24129.15370799601,200,
1782389125.88657,1782389150.086134,24203.41533399187,200,
1782389125.801562,1782389150.086198,24288.48820802523,200,
1782389126.0114949,1782389150.0862432,24078.598374966532,200,
1782389125.917581,1782389150.086293,24172.56337503204,200,
1782389125.812469,1782389150.086339,24277.721584017854,200,
1782389125.945132,1782389150.086391,24145.110208017286,200,
1782389125.971719,1782389150.086647,24118.778124975506,200,
1782389126.025295,1782389150.086756,24065.31083403388,200,
1782389126.923646,1782389150.0868108,23167.009166034404,200,
1782389127.021618,1782389151.692461,24674.86554197967,200,
1782389126.9514189,1782389151.692533,24745.1374999946,200,
1782389126.986582,1782389151.692595,24710.036416945513,200,
1782389127.102411,1782389151.692657,24594.268958026078,200,
1782389127.03042,1782389151.692723,24666.32620897144,200,
1782389127.1380649,1782389151.692784,24558.741874992847,200,
1782389127.080024,1782389151.692841,24616.840125003364,200,
1782389127.164502,1782389151.6929002,24532.419792027213,200,
1782389126.962949,1782389151.6929789,24734.05400000047,200,
1782389127.002248,1782389151.6930392,24694.813791953493,200,
1782389127.061226,1782389151.693099,24635.89595799567,200,
1782389126.973846,1782389151.693186,24723.363999975845,200,
1782389127.046166,1782389151.6932821,24651.138832967263,200,
1782389127.28292,1782389153.9720142,26693.340166995768,200,
1782389127.335819,1782389153.972099,26640.526709030382,200,
1782389127.175755,1782389153.9722428,26800.73616700247,200,
1782389127.2373052,1782389153.9723032,26739.244791970123,200,
1782389127.292983,1782389153.972358,26683.622292010114,200,
1782389127.189239,1782389153.9725409,26787.54824999487,200,
1782389127.206889,1782389153.9727051,26770.064042008016,200,
1782389127.2633312,1782389153.9727669,26713.684124988504,200,
1782389127.317044,1782389153.972824,26660.027667006943,200,
1782389127.273095,1782389153.972874,26704.0270420257,200,
1782389127.653496,1782389156.569006,28919.97620795155,200,
1782389127.6786802,1782389156.569105,28894.892250013072,200,
1782389127.515596,1782389156.569236,29058.10870800633,200,
1782389127.4730291,1782389156.56933,29100.76904197922,200,
1782389127.589399,1782389156.5693882,28984.456832986325,200,
1782389127.493184,1782389156.569483,29080.76733298367,200,
1782389127.375325,1782389156.569552,29198.696208011825,200,
1782389127.418962,1782389156.569632,29155.139332986437,200,
1782389127.44052,1782389156.5698292,29133.777250011917,200,
1782389127.612919,1782389156.569925,28961.47395798471,200,
1782389127.5697339,1782389156.5700061,29004.740249947645,200,
1782389127.554532,1782389156.570076,29020.012166001834,200,
1782389127.35776,1782389156.570164,29216.87295800075,200,
1782389127.6891918,1782389156.570236,28885.510666994378,200,
1782389127.457909,1782389156.570306,29116.866249998566,200,
1782389127.535403,1782389156.57036,29039.425915980246,200,
1782389127.630502,1782389156.5704372,28944.403083005454,200,
1782389127.397176,1782389156.570503,29177.795625000726,200,
1782389128.7978969,1782389159.2924402,30499.20270795701,200,
1782389128.6675599,1782389159.29251,30629.610625037458,200,
1782389128.7144802,1782389159.29263,30582.81045797048,200,
1782389128.829351,1782389159.292691,30467.999750049785,200,
1782389128.784993,1782389159.2927449,30512.412708019838,200,
1782389127.823298,1782389159.2928078,31474.176792020444,200,
1782389128.908391,1782389159.292917,30389.18574998388,200,
1782389127.736304,1782389159.293063,31561.42495799577,200,
1782389127.751064,1782389159.293118,31546.720958023798,200,
1782389128.6236749,1782389159.293173,30674.1591670434,200,
1782389128.864989,1782389159.293225,30432.896250043996,200,
1782389127.805835,1782389159.2933881,31492.219832958654,200,
1782389128.94119,1782389159.293441,30356.91108298488,200,
1782389127.789597,1782389159.293494,31508.56358296005,200,
1782389128.8756008,1782389159.293549,30422.607792017516,200,
1782389127.844906,1782389159.293605,31453.364375047386,200,
1782389127.72096,1782389159.293656,31577.361583011225,200,
1782389128.8888981,1782389159.2937138,30409.475916007068,200,
1782389128.736773,1782389159.2937658,30561.653874989133,200,
1782389127.7664142,1782389159.2938151,31532.06758404849,200,
1782389128.596101,1782389159.2938628,30702.42354099173,200,
1782389128.571239,1782389159.2939148,30727.337415970396,200,
1782389128.687988,1782389159.293961,30610.634915996343,200,
1782389128.8483672,1782389159.2940109,30450.30420902185,200,
1782389128.812588,1782389159.29406,30486.133125028573,200,
1782389128.7622368,1782389159.294112,30536.536167026497,200,
1782389128.919538,1782389159.2941709,30379.292667028494,200,
1782389128.9587688,1782389159.294216,30340.10741696693,200,
1782389127.857903,1782389159.2942631,31441.026374988724,200,
1782389128.642464,1782389159.2943091,30656.506291998085,200,
1782389127.6997209,1782389159.2943559,31599.30133295711,200,
1782389128.9749591,1782389162.43127,33461.163125000894,200,
1782389129.072104,1782389162.431359,33364.10745896865,200,
1782389129.040231,1782389162.431422,33396.04366605636,200,
1782389129.098911,1782389162.431544,33337.48512499733,200,
1782389129.1159282,1782389162.431603,33320.526457973756,200,
1782389128.992567,1782389162.431704,33443.989209015854,200,
1782389129.013737,1782389162.431794,33422.90945799323,200,
1782389129.59526,1782389168.205204,38615.07020803401,200,
1782389130.509353,1782389168.205338,37701.10687502893,200,
1782389129.413764,1782389168.2054038,38796.767790976446,200,
1782389130.1494799,1782389168.2054741,38061.11800001236,200,
1782389130.355828,1782389168.205536,37854.83166598715,200,
1782389130.187003,1782389168.2056,38023.721207981,200,
1782389130.3088481,1782389168.205656,37901.93104202626,200,
1782389130.051337,1782389168.205722,38159.50929099927,200,
1782389129.300801,1782389168.205773,38910.10054101935,200,
1782389129.3248792,1782389168.205823,38886.072999972384,200,
1782389129.9556952,1782389168.205879,38255.30991703272,200,
1782389130.269917,1782389168.205931,37941.13766698865,200,
1782389130.2523131,1782389168.2059882,37958.79845798481,200,
1782389130.378736,1782389168.206039,37832.42608298315,200,
1782389130.287625,1782389168.2060952,37923.593332991004,200,
1782389129.973359,1782389168.206144,38237.91033303132,200,
1782389129.277384,1782389168.2062001,38933.945290977135,200,
1782389129.5154371,1782389168.206249,38695.93987497501,200,
1782389129.338321,1782389168.206304,38873.11216699891,200,
1782389129.373308,1782389168.206363,38838.1834999891,200,
1782389129.548259,1782389168.20642,38663.28920802334,200,
1782389129.998486,1782389168.2064798,38213.118999963626,200,
1782389129.261994,1782389168.2065291,38949.664667015895,200,
1782389129.239297,1782389168.206582,38972.414708987344,200,
1782389130.563156,1782389168.20663,37648.595625010785,200,
1782389130.103612,1782389168.2066839,38108.19724999601,200,
1782389130.170244,1782389168.20673,38041.61066695815,200,
1782389130.123747,1782389168.2067761,38088.15341698937,200,
1782389129.3885708,1782389168.206827,38823.3853749698,200,
1782389129.61274,1782389168.2068741,38599.26070901565,200,
1782389129.57252,1782389168.2069252,38639.53308400232,200,
1782389129.920363,1782389168.206972,38291.73445899505,200,
1782389130.211618,1782389168.2070231,38000.52883301396,200,
1782389130.439949,1782389168.207071,37772.24516600836,200,
1782389130.027539,1782389168.20712,38184.706415981054,200,
1782389130.2306051,1782389168.207165,37981.68374999659,200,
1782389129.530783,1782389168.207216,38681.56125000678,200,
1782389129.4537978,1782389168.207263,38758.59295798,200,
1782389130.088089,1782389168.207309,38124.34462498641,200,
1782389129.17983,1782389168.20737,39032.66920801252,200,
1782389130.485384,1782389168.2074199,37727.158749999944,200,
1782389129.6296299,1782389168.2074811,38582.97774998937,200,
1782389129.220809,1782389168.2075279,38991.84795800829,200,
1782389129.938532,1782389168.207579,38274.17329099262,200,
1782389129.498542,1782389168.207628,38714.21474998351,200,
1782389130.333667,1782389168.207674,37879.129709035624,200,
1782389129.139274,1782389168.2077289,39073.585250007454,200,
1782389129.199409,1782389168.207783,39013.50358303171,200,
1782389130.538155,1782389168.207834,37674.80112501653,200,
1782389129.435661,1782389168.2078788,38777.34645799501,200,
1782389129.3584971,1782389168.207927,38854.559333005454,200,
1782389130.58043,1782389168.207973,37632.66520795878,200,
1782389130.400565,1782389168.208023,37812.581291014794,200,
1782389130.596859,1782389168.208066,37616.32858397206,200,
1782389129.4738371,1782389168.2081149,38739.4069590373,200,
1782389130.465645,1782389168.208162,37747.63979099225,200,
1782389130.073626,1782389168.2082088,38139.70691699069,200,
1782389130.416484,1782389168.20826,37796.899000008125,200,
1782389136.863174,1782389168.280352,31420.862458006013,0,
1782389136.8895822,1782389168.3122401,31426.33945896523,0,
1782389136.9063559,1782389168.3438778,31441.200667002704,0,
1782389136.926743,1782389168.375573,31452.503499982413,0,
1782389136.9457228,1782389168.407153,31465.100165980402,0,
1782389136.959939,1782389168.437823,31481.550291005988,0,
1782389136.974603,1782389168.46881,31497.87170800846,0,
1782389136.9888551,1782389168.4993951,31514.20162495924,0,
1782389137.0099552,1782389168.529512,31523.21374998428,0,
1782389137.04608,1782389168.559882,31517.450999992434,0,
1782389137.081224,1782389168.591412,31513.829041970894,0,
1782389137.097801,1782389168.63214,31537.977750005666,0,
1782389137.1127832,1782389168.66273,31553.582667023875,0,
1782389137.127697,1782389168.692705,31568.64095799392,0,
1782389137.1423109,1782389168.723207,31584.52616696013,0,
1782389137.156419,1782389168.753717,31600.92562501086,0,
1782389137.170586,1782389168.783434,31616.47249996895,0,
1782389137.1848161,1782389168.814046,31632.852499955334,0,
1782389137.198786,1782389168.844854,31649.68783297809,0,
1782389137.212615,1782389168.874537,31665.538916015066,0,
1782389137.226885,1782389168.90475,31681.477207981516,0,
1782389137.241181,1782389168.9345028,31696.93429203471,0,
1782389137.2557719,1782389168.964353,31712.19041699078,0,
1782389137.270206,1782389168.993807,31727.208541997243,0,
1782389137.284478,1782389169.024296,31743.422999978065,0,
1782389137.29888,1782389169.053967,31758.687749970704,0,
1782389137.3130481,1782389169.084691,31775.2426660154,0,
1782389137.327631,1782389169.1154041,31791.370999999344,0,
1782389137.3421981,1782389169.1454022,31806.798957986757,0,
1782389137.356862,1782389169.175107,31821.837916970253,0,
1782389137.371635,1782389169.204314,31836.270041007083,0,
1782389137.386105,1782389169.234292,31851.775542018004,0,
1782389137.400713,1782389169.264678,31867.54916596692,0,
1782389137.41602,1782389169.294768,31882.330666994676,0,
1782389137.430814,1782389169.324351,31897.11687504314,0,
1782389137.446136,1782389169.354082,31911.523832997773,0,
1782389137.462206,1782389169.384036,31925.405291025527,0,
1782389137.478157,1782389169.4130182,31938.432625029236,0,
1782389137.493672,1782389169.443128,31953.02483299747,0,
1782389137.5087612,1782389169.4723341,31967.139458982274,0,
1782389137.52453,1782389169.501537,31980.57037498802,0,
1782389137.539787,1782389169.53058,31994.354458001908,0,
1782389132.423967,1782389173.1145759,40695.826667011715,200,
1782389132.52832,1782389173.1146822,40591.54595801374,200,
1782389132.614889,1782389173.11477,40505.03487500828,200,
1782389132.685548,1782389173.114847,40434.428333013784,200,
1782389132.7346299,1782389173.1148999,40385.38300001528,200,
1782389132.5898108,1782389173.115062,40530.412999971304,200,
1782389132.578163,1782389173.115136,40542.138750024606,200,
1782389132.797316,1782389173.115189,40322.96399999177,200,
1782389132.379624,1782389173.1152482,40740.85825000657,200,
1782389130.761219,1782389173.115333,42359.411625016946,200,
1782389132.771986,1782389173.1154702,40348.583750019316,200,
1782389132.8339882,1782389173.115531,40286.62183403503,200,
1782389130.830972,1782389173.115809,42290.13345902786,200,
1782389132.809162,1782389173.115932,40311.857541964855,200,
1782389130.912522,1782389173.1159968,42208.77154200571,200,
1782389131.043583,1782389173.116131,42077.84329197602,200,
1782389132.661962,1782389173.116251,40459.426666027866,200,
1782389130.794507,1782389173.1163101,42327.099708956666,200,
1782389132.503205,1782389173.116433,40618.419750011526,200,
1782389130.7163122,1782389173.11649,42405.47570801573,200,
1782389130.659659,1782389173.116587,42462.22687500995,200,
1782389130.883103,1782389173.1166542,42238.84733300656,200,
1782389132.626365,1782389173.116713,40495.49720803043,200,
1782389130.998729,1782389173.1167638,42123.33070801105,200,
1782389132.637816,1782389173.116812,40484.14254200179,200,
1782389130.7779782,1782389173.11686,42344.179834006354,200,
1782389132.8465128,1782389173.116908,40275.469165993854,200,
1782389130.7349498,1782389173.116962,42387.30991695775,200,
1782389130.9690409,1782389173.1170099,42153.264999971725,200,
1782389132.7216709,1782389173.117134,40400.57962498395,200,
1782389132.5522969,1782389173.1172118,40570.089583983645,200,
1782389131.0711071,1782389173.117281,42051.469500001986,200,
1782389130.677516,1782389173.117333,42445.115290989634,200,
1782389132.673783,1782389173.1173818,40448.731957993004,200,
1782389132.88433,1782389173.1175659,40238.29716700129,200,
1782389130.6966422,1782389173.11765,42426.305458997376,200,
1782389132.759755,1782389173.1177018,40363.05108299712,200,
1782389130.810606,1782389173.117755,42312.44612496812,200,
1782389132.336648,1782389173.117824,40786.42545797629,200,
1782389130.637642,1782389173.1180139,42485.66933296388,200,
1782389132.709355,1782389173.1181529,40413.91925001517,200,
1782389132.539354,1782389173.118272,40584.09766701516,200,
1782389132.897076,1782389173.118334,40226.31516697584,200,
1782389132.87144,1782389173.118382,40252.00833304552,200,
1782389132.650177,1782389173.1184268,40473.39179198025,200,
1782389132.784838,1782389173.118479,40338.7364159571,200,
1782389132.747422,1782389173.118523,40376.20983400848,200,
1782389130.943278,1782389173.1185658,42180.584250018,200,
1782389132.602113,1782389173.1186152,40521.659457997885,200,
1782389132.697524,1782389173.118658,40426.25879199477,200,
1782389132.515567,1782389173.1187022,40608.32337499596,200,
1782389132.8587048,1782389173.118749,40265.11404197663,200,
1782389132.821394,1782389173.1188009,40302.49058298068,200,
1782389132.452785,1782389173.118848,40671.272707986645,200,
1782389130.748131,1782389173.118895,42376.06183398748,200,
1782389132.473429,1782389173.118942,40650.715540978126,200,
1782389132.402082,1782389173.118994,40722.13837504387,200,
1782389130.6164181,1782389173.119064,42507.94383400353,200,
1782389132.9230878,1782389173.119113,40201.0737080127,200,
1782389132.910294,1782389173.1191769,40213.923208008055,200,
1782389132.488569,1782389173.119225,40635.85270795738,200,
1782389132.56663,1782389173.119277,40557.8174580005,200,
1782389130.854582,1782389173.1193228,42270.03804204287,200,
1782389140.4542248,1782389173.1796649,32728.449708025437,0,
1782389140.4712598,1782389173.197401,32729.147500009276,0,
1782389140.488232,1782389173.214995,32729.765584052075,0,
1782389140.505002,1782389173.232756,32730.754084012005,0,
1782389140.5216799,1782389173.250613,32731.93041596096,0,
1782389140.538143,1782389173.268058,32732.91020799661,0,
1782389140.554977,1782389173.2856052,32733.62116701901,0,
1782389140.571685,1782389173.302973,32734.277084004134,0,
1782389140.588761,1782389173.3204741,32734.69962499803,0,
1782389140.60636,1782389173.33817,32734.793332987465,0,
1782389140.623501,1782389173.355814,32735.293707984965,0,
1782389140.641154,1782389173.373255,32735.078209021594,0,
1782389140.658595,1782389173.3909702,32735.348791989964,0,
1782389140.675922,1782389173.408598,32735.64670898486,0,
1782389140.692682,1782389173.426178,32736.45733401645,0,
1782389140.709845,1782389173.443549,32736.668917001225,0,
1782389140.727495,1782389173.461438,32736.90462502418,0,
1782389140.745365,1782389173.4793642,32736.957125016488,0,
1782389140.764172,1782389173.496989,32735.771624953486,0,
1782389140.782781,1782389173.514556,32734.726874972694,0,
1782389140.80161,1782389173.531877,32733.216499967966,0,
1782389140.823821,1782389173.54898,32728.103167028166,0,
1782389140.841541,1782389173.5667589,32728.15924999304,0,
1782389140.859206,1782389173.584181,32727.912416972686,0,
1782389140.8765829,1782389173.6016781,32728.02895802306,0,
1782389140.893645,1782389173.6189818,32728.26854197774,0,
1782389140.911205,1782389173.636064,32727.78750001453,0,
1782389140.92879,1782389173.653281,32727.416582987644,0,
1782389140.9463181,1782389173.67045,32727.055791008752,0,
1782389140.964534,1782389173.6879401,32726.325750001706,0,
1782389140.982453,1782389173.7053282,32725.791332952213,0,
1782389141.000109,1782389173.723144,32725.948583043646,0,
1782389141.023197,1782389173.7406452,32720.35679098917,0,
1782389141.044775,1782389173.758666,32716.795708984137,0,
1782389141.0643609,1782389173.7761312,32714.671541005373,0,
1782389141.0820742,1782389173.79774,32718.563417030964,0,
1782389141.100255,1782389173.815389,32718.029459007084,0,
1782389141.1179378,1782389173.8327758,32717.729582975153,0,
1782389141.1365278,1782389173.850511,32716.872499964666,0,
1782389141.154644,1782389173.8681011,32716.342791973148,0,
1782389141.17253,1782389173.885375,32715.727208007593,0,
1782389141.190429,1782389173.902642,32715.093125007115,0,
1782389141.2085602,1782389173.919782,32714.097334013786,0,
1782389141.226794,1782389173.937642,32713.720291969366,0,
1782389141.24514,1782389173.9548988,32712.627917004284,0,
1782389141.263811,1782389173.972341,32711.395959020592,0,
1782389141.282275,1782389173.9897249,32710.313750023488,0,
1782389141.300472,1782389174.007607,32709.995458018966,0,
1782389141.318899,1782389174.025341,32709.298999980092,0,
1782389141.3375459,1782389174.0434859,32708.793041994795,0,
1782389141.357397,1782389174.0630531,32708.505500049796,0,
1782389141.745779,1782389174.081679,32338.67399999872,0,
1782389141.773761,1782389174.099284,32328.292416990735,0,
1782389141.798731,1782389174.11671,32320.744291995652,0,
1782389141.836491,1782389174.134214,32300.48183404142,0,
1782389141.870442,1782389174.151416,32283.727166010067,0,
1782389141.9113312,1782389174.1681972,32259.61141701555,0,
1782389141.9648309,1782389174.185545,32223.449416982476,0,
1782389142.0086432,1782389174.202917,32197.00212503085,0,
1782389142.045661,1782389174.2202518,32177.31233302038,0,
1782389142.0785978,1782389174.237935,32162.051249993965,0,
1782389142.1014998,1782389174.255479,32156.69033303857,0,
1782389142.1318452,1782389174.27311,32143.970625009388,0,
1782389142.159604,1782389174.2904232,32133.51691601565,0,
1782389142.189566,1782389174.308222,32121.35062494781,0,
1782389142.2181199,1782389174.32543,32109.999582986347,0,
1782389142.2461472,1782389174.3430989,32099.63729197625,0,
1782389142.275912,1782389174.360422,32087.19079202274,0,
1782389142.318623,1782389174.377766,32061.816125002224,0,
1782389142.3602939,1782389174.395478,32037.849749962334,0,
1782389142.395617,1782389174.41326,32020.303666009568,0,
1782389142.435481,1782389174.430847,31998.0193329975,0,
1782389142.464821,1782389174.448124,31985.951166949235,0,
1782389142.5080378,1782389174.465761,31960.36324999295,0,
1782389142.5388029,1782389174.483039,31946.872416010592,0,
1782389142.576148,1782389174.5003982,31926.87924997881,0,
1782389142.609835,1782389174.5181599,31910.94891697867,0,
1782389142.635544,1782389174.5366871,31903.76220800681,0,
1782389142.66223,1782389174.554128,31894.512708997354,0,
1782389142.693963,1782389174.571765,31880.411999998614,0,
1782389142.7255838,1782389174.5891001,31866.116624965798,0,
1782389142.7683709,1782389174.6062489,31840.47624998493,0,
1782389142.812394,1782389174.6235788,31813.775457965676,0,
1782389142.8552802,1782389174.640828,31788.130582950544,0,
1782389142.8913631,1782389174.6582038,31769.41812504083,0,
1782389142.916167,1782389174.6757388,31762.14391598478,0,
1782389142.9488618,1782389174.6930282,31746.73283303855,0,
1782389142.9764512,1782389174.71145,31737.5586249982,0,
1782389143.02002,1782389174.7285771,31711.11195802223,0,
1782389143.052866,1782389174.745787,31695.469917031005,0,
1782389133.025785,1782389174.7719538,41751.22954201652,200,
1782389133.065077,1782389174.796915,41736.88670800766,200,
1782389133.10532,1782389174.816826,41716.541125031654,200,
1782389133.001107,1782389174.83598,41839.94554099627,200,
1782389133.078519,1782389174.858619,41785.145749978255,200,
1782389133.092567,1782389174.8764842,41788.958374992944,200,
1782389132.962025,1782389174.894007,41937.068708997685,200,
1782389134.344063,1782389174.9274309,40588.004958000965,200,
1782389132.9881222,1782389174.950372,41967.32858300675,200,
1782389133.0517602,1782389174.971078,41924.37625001185,200,
1782389132.9747589,1782389174.9980102,42028.33566698246,200,
1782389132.949016,1782389175.015761,42071.8394999858,200,
1782389132.935997,1782389175.040482,42109.58449996542,0,
1782389134.437481,1782389175.179768,40746.903708030004,200,
1782389134.4483461,1782389175.1987252,40754.99258399941,200,
1782389134.426311,1782389175.236852,40815.162874991074,200,
1782389134.4794729,1782389175.267183,40792.31779195834,200,
1782389134.365929,1782389175.4081469,41046.86304205097,200,
1782389134.4058838,1782389175.425945,41024.69391596969,200,
1782389134.457587,1782389175.443711,40990.74220797047,200,
1782389134.467005,1782389175.4613209,40998.9315829589,200,
1782389134.385067,1782389175.488533,41108.10512502212,200,
1782389134.48882,1782389175.509931,41025.721375015564,200,
1782389134.5665762,1782389175.6018932,41039.90570799215,200,
1782389134.508784,1782389175.626561,41122.383083973546,200,
1782389134.597034,1782389175.652564,41060.11145905359,200,
1782389134.527652,1782389175.769985,41246.93916697288,200,
1782389134.5373151,1782389175.7898319,41257.120791007765,200,
1782389134.636518,1782389175.808921,41176.97620904073,200,
1782389134.616599,1782389175.851924,41239.90587500157,200,
1782389134.4990652,1782389175.8814101,41386.96304097539,200,
1782389134.6266959,1782389175.902127,41280.008500034455,200,
1782389134.606844,1782389175.931009,41328.75212497311,200,
1782389134.58592,1782389175.954108,41372.7817920153,200,
1782389134.5181031,1782389175.980767,41467.27883297717,200,
1782389134.6465821,1782389175.998955,41356.94958397653,200,
1782389134.54684,1782389176.035696,41493.46312502166,200,
1782389134.666453,1782389176.063154,41401.272791961674,200,
1782389134.576189,1782389176.08637,41514.78099997621,200,
1782389134.8869498,1782389176.152694,41270.2502500033,200,
1782389134.556677,1782389176.1834822,41631.414207979105,200,
1782389135.3475509,1782389176.218066,40874.88583300728,200,
1782389134.8744562,1782389176.273889,41403.947875020094,200,
1782389134.6565828,1782389176.3075662,41655.564083950594,200,
1782389134.748632,1782389176.3494499,41605.3713329602,200,
1782389134.677119,1782389176.4003131,41727.766459051054,0,
1782389134.6871848,1782389176.4436228,41761.01366599323,0,
1782389134.6970701,1782389176.4755032,41783.005749981385,0,
1782389134.707171,1782389176.509404,41806.80399999255,0,
1782389134.7173939,1782389176.5466912,41833.8659160072,0,
1782389135.291745,1782389176.5685918,41281.24325000681,200,
1782389134.727644,1782389176.602901,41879.8250000109,0,
1782389134.789889,1782389176.641881,41856.54083301779,200,
1782389134.73808,1782389176.668156,41934.64195897104,0,
1782389134.931136,1782389176.6918762,41765.24870900903,200,
1782389135.311313,1782389176.72513,41418.212999997195,200,
1782389134.758881,1782389176.7729669,42018.64933304023,0,
1782389134.769435,1782389176.821175,42056.29958305508,0,
1782389134.779616,1782389176.8508701,42075.81237499835,0,
1782389134.800214,1782389176.9013388,42105.67750001792,0,
1782389134.810606,1782389176.9378319,42131.7778340308,0,
1782389135.4472692,1782389176.977428,41534.521833003964,200,
1782389134.8207748,1782389177.023472,42207.247165963054,0,
1782389134.831149,1782389177.046454,42219.85225001117,0,
1782389134.841995,1782389177.073645,42236.19554203469,0,
1782389135.874584,1782389177.097802,41227.46287495829,200,
1782389134.852803,1782389177.127157,42278.89775001677,0,
1782389134.919876,1782389177.163968,42248.61708300887,200,
1782389134.863364,1782389177.195622,42336.800166987814,0,
1782389134.897928,1782389177.233058,42339.662125043105,0,
1782389134.908886,1782389177.2591841,42354.82779197628,0,
1782389134.942604,1782389177.2881122,42350.02745897509,0,
1782389135.33039,1782389177.318889,41992.9042920121,0,
1782389135.365289,1782389177.3538802,41992.98741703387,0,
1782389135.378767,1782389177.3889909,42014.61695804028,0,
1782389135.3921611,1782389177.4233541,42035.58374999557,0,
1782389135.403302,1782389177.45651,42057.59525002213,0,
1782389135.414212,1782389177.505208,42095.38345801411,0,
1782389135.4252312,1782389177.540295,42119.448540965095,0,
1782389135.43601,1782389177.576278,42144.649749970995,0,
1782389135.4582772,1782389177.6035671,42149.66687496053,0,
1782389135.469218,1782389177.65363,42188.78666602541,0,
1782389135.480694,1782389177.683757,42207.43545802543,0,
1782389135.491744,1782389177.713838,42226.463458966464,0,
1782389135.513914,1782389177.748538,42238.987750024535,0,
1782389135.526848,1782389177.7829492,42260.46162500279,0,
1782389135.5410528,1782389177.810715,42274.01962503791,0,
1782389135.560045,1782389177.840391,42284.69920804491,0,
1782389135.576087,1782389177.880068,42308.33029199857,0,
1782389135.590272,1782389177.910527,42324.60191694554,0,
1782389135.6049411,1782389177.9353018,42334.70370800933,0,
1782389135.617558,1782389177.9627352,42349.51708302833,0,
1782389135.6301582,1782389177.9960089,42370.18883397104,0,
1782389135.643103,1782389178.024492,42385.68758399924,0,
1782389135.657016,1782389178.0558999,42403.21562503232,0,
1782389135.670829,1782389178.092435,42425.933584047016,0,
1782389135.683818,1782389178.126293,42446.799124998506,0,
1782389135.695555,1782389178.166125,42474.89245899487,0,
1782389135.709017,1782389178.1994271,42494.72841701936,0,
1782389135.721374,1782389178.237362,42520.30450000893,0,
1782389135.7349818,1782389178.2668319,42536.163999990094,0,
1782389135.749402,1782389178.3045602,42559.46895800298,0,
1782389135.76143,1782389178.3338869,42576.764458965044,0,
1782389135.7732968,1782389178.36859,42599.598874978255,0,
1782389135.7856581,1782389178.433123,42651.76329197129,0,
1782389135.798448,1782389178.479666,42685.51987502724,0,
1782389135.811931,1782389178.515667,42708.034083014354,0,
1782389135.825304,1782389178.558511,42737.50270798337,0,
1782389135.837976,1782389178.608059,42774.37670901418,0,
1782389135.850202,1782389178.652357,42806.444333982654,0,
1782389135.862257,1782389178.704257,42846.28841700032,0,
1782389135.8863602,1782389178.748968,42866.890874982346,0,
1782389135.903787,1782389178.792767,42893.25645798817,0,
1782389135.9232252,1782389178.853633,42934.68266696436,0,
1782389135.935879,1782389178.908406,42976.80025000591,0,
1782389135.948409,1782389178.940234,42996.09516601777,0,
1782389135.961505,1782389178.999872,43042.63395804446,0,
1782389135.97454,1782389179.064139,43093.86462497059,0,
1782389145.9181828,1782389179.07091,33154.91720801219,200,
1782389135.988681,1782389179.1027908,43118.37074998766,0,
1782389136.013077,1782389179.164852,43156.031457998324,0,
1782389136.029081,1782389179.2299361,43205.10695897974,0,
1782389136.0419478,1782389179.280756,43243.05849999655,0,
1782389136.0552971,1782389179.323617,43272.56762504112,0,
1782389136.461725,1782389179.362779,42905.19137500087,0,
1782389136.4981408,1782389179.422865,42928.82929201005,0,
1782389136.5257971,1782389179.485594,42963.9172910247,0,
1782389136.551187,1782389179.538062,42990.99245801335,0,
1782389136.564814,1782389179.586255,43025.55633301381,0,
1782389136.586828,1782389179.639183,43056.464791996405,0,
1782389136.613767,1782389179.688416,43078.75145797152,0,
1782389136.6401181,1782389179.738223,43102.203999995254,0,
1782389149.622747,1782389179.760066,30139.026124961674,0,
1782389136.663212,1782389179.808667,43149.54862499144,0,
1782389149.6408892,1782389179.8437738,30204.59237502655,0,
1782389149.658514,1782389179.889737,30232.92733298149,0,
1782389136.688599,1782389179.929719,43245.21029094467,0,
1782389149.676092,1782389179.969004,30294.616249972023,0,
1782389149.693832,1782389180.0005062,30308.3773329854,0,
1782389149.711827,1782389180.036596,30326.471582986414,0,
1782389149.730081,1782389180.0706491,30342.269207991194,0,
1782389136.713098,1782389180.1045198,43395.50824998878,0,
1782389149.74811,1782389180.156578,30410.168041009456,0,
1782389149.7659478,1782389180.194574,30430.324292043224,0,
1782389149.784545,1782389180.2410161,30458.169166988228,0,
1782389149.8028102,1782389180.280103,30478.989833034575,0,
1782389149.820606,1782389180.318767,30499.85641700914,0,
1782389149.838463,1782389180.350847,30514.07737500267,0,
1782389149.856533,1782389180.379078,30524.23729095608,0,
1782389136.743883,1782389180.409199,43669.401332968846,0,
1782389149.875079,1782389180.4636438,30590.256791969296,0,
1782389149.893333,1782389180.508257,30616.61558301421,0,
1782389149.9119842,1782389180.548156,30637.859375041444,0,
1782389149.930638,1782389180.5894191,30660.468374961056,0,
1782389149.949292,1782389180.625333,30677.72833298659,0,
1782389149.968029,1782389180.6722891,30705.941250023898,0,
1782389149.986791,1782389180.718237,30733.130374981556,0,
1782389150.005609,1782389180.7673972,30763.471666024998,0,
1782389150.0246341,1782389180.805238,30782.286041008774,0,
1782389150.043919,1782389180.834922,30792.68262500409,0,
1782389136.779456,1782389180.866276,44090.90654202737,0,
1782389150.062624,1782389180.8933618,30832.415500015486,0,
1782389136.815404,1782389180.928415,44117.08895902848,0,
1782389150.4780958,1782389180.952441,30475.976957997773,0,
1782389150.497408,1782389180.977396,30481.619041995145,0,
1782389150.516347,1782389181.023478,30508.726583968382,0,
1782389150.534964,1782389181.072225,30538.889791991096,0,
1782389150.5532842,1782389181.109626,30557.96933401143,0,
1782389150.5718222,1782389181.1568499,30586.655457969755,0,
1782389150.591098,1782389181.198196,30608.723833982367,0,
1782389150.6101592,1782389181.254572,30646.03674999671,0,
1782389150.6292748,1782389181.298035,30670.383624965325,0,
1782389150.648849,1782389181.336313,30689.085333026014,0,
1782389150.668085,1782389181.374975,30708.51033303188,0,
1782389150.6873658,1782389181.420567,30734.819833014626,0,
1782389150.70661,1782389181.452538,30747.54545802716,0,
1782389150.725937,1782389181.504129,30779.807541985065,0,
1782389150.745558,1782389181.5422149,30798.273291031364,0,
1782389150.764873,1782389181.586494,30823.2349579921,0,
1782389150.7838888,1782389181.62147,30839.193957974203,0,
1782389150.803485,1782389181.6597068,30857.831957982853,0,
1782389138.222398,1782389181.686029,43467.36420801608,0,
1782389150.822387,1782389181.732949,30912.172291020397,0,
1782389150.84132,1782389181.761091,30921.380417014007,0,
1782389150.861668,1782389181.792819,30932.757417031098,0,
1782389138.2469351,1782389181.834827,43591.623458021786,0,
1782389150.8810081,1782389181.88271,31003.28275002539,0,
1782389150.900404,1782389181.922287,31023.488667036872,0,
1782389150.920606,1782389181.95447,31035.467542009428,0,
1782389150.940821,1782389181.997849,31058.61495900899,0,
1782389150.960604,1782389182.054236,31095.23375000572,0,
1782389150.9805079,1782389182.085134,31106.226000003517,0,
1782389151.0008671,1782389182.1314812,31132.211791991722,0,
1782389151.021929,1782389182.1661959,31145.86250000866,0,
1782389151.041557,1782389182.2034361,31163.475374982227,0,
1782389151.0617092,1782389182.236,31175.885165983345,0,
1782389151.0814888,1782389182.26948,31189.583542000037,0,
1782389151.101899,1782389182.3124769,31212.170124985278,0,
1782389151.1217878,1782389182.35741,31237.21241700696,0,
1782389151.141661,1782389182.38043,31240.357084025163,0,
1782389151.161862,1782389182.419062,31258.785790996626,0,
1782389151.181996,1782389182.4726982,31292.287749995012,0,
1782389151.2024388,1782389182.497289,31296.433707990218,0,
1782389151.222833,1782389182.56011,31338.860249961726,0,
1782389151.24315,1782389182.604237,31362.668042012956,0,
1782389151.263346,1782389182.641663,31379.89804201061,0,
1782389151.283457,1782389182.6661272,31384.24554199446,0,
1782389151.304211,1782389182.7029219,31400.28604195686,0,
1782389151.324227,1782389182.743917,31421.264875039924,0,
1782389151.344186,1782389182.803522,31460.908874985762,0,
1782389151.3644779,1782389182.846581,31483.674750023056,0,
1782389151.3850088,1782389182.887389,31503.94462503027,0,
1782389151.405612,1782389182.932363,31528.321374964435,0,
1782389151.4256582,1782389182.967957,31543.86874998454,0,
1782389151.446055,1782389182.996691,31552.203291968908,0,
1782389151.4665852,1782389183.041879,31576.857959036715,0,
1782389151.48721,1782389183.085336,31599.690083006863,0,
1782389151.507715,1782389183.137179,31631.027291994542,0,
1782389151.5285518,1782389183.1771982,31650.208915991243,0,
1782389151.549195,1782389183.216876,31669.242083036806,0,
1782389151.569896,1782389183.254085,31685.647875012364,0,
1782389151.5904791,1782389183.290848,31701.927457994316,0,
1782389151.6107452,1782389183.326313,31717.126125004143,0,
1782389138.269823,1782389183.362939,45096.873125003185,0,
1782389151.6327062,1782389183.393903,31762.75379199069,0,
1782389151.667464,1782389183.418043,31752.131457964424,0,
1782389138.291174,1782389183.448819,45161.397916963324,0,
1782389152.2503848,1782389183.4940548,31245.161667000502,0,
1782389152.2911181,1782389183.535278,31245.64779200591,0,
1782389152.3368819,1782389183.57025,31234.851124987472,0,
1782389152.370312,1782389183.6061282,31237.297167012002,0,
1782389152.399279,1782389183.6405041,31242.707166005857,0,
1782389152.4356549,1782389183.673183,31239.00662502274,0,
1782389152.466858,1782389183.698035,31232.6516250032,0,
1782389152.5050938,1782389183.734292,31230.669040989596,0,
1782389152.585498,1782389183.786904,31202.87041598931,0,
1782389152.6264791,1782389183.845203,31220.185915997718,0,
1782389152.665888,1782389183.8868968,31222.467083018273,0,
1782389152.7018108,1782389183.9135711,31213.214374962263,0,
1782389152.76627,1782389183.9513521,31186.532000021543,0,
1782389152.811705,1782389183.994176,31183.917584014125,0,
1782389152.8442,1782389184.026459,31183.702790993266,0,
1782389152.871604,1782389184.0758588,31205.697916040663,0,
1782389152.8943539,1782389184.113554,31220.64075001981,0,
1782389152.916971,1782389184.150346,31234.81350002112,0,
1782389152.940709,1782389184.1886988,31249.425958027132,0,
1782389152.963917,1782389184.2260952,31263.61383398762,0,
1782389152.986837,1782389184.262246,31276.844041014556,0,
1782389153.017266,1782389184.300844,31285.009125014767,0,
1782389153.0523,1782389184.3375418,31286.671082954854,0,
1782389153.0754051,1782389184.370421,31296.44437500974,0,
1782389153.0982258,1782389184.401942,31305.087500019,0,
1782389153.122741,1782389184.426869,31305.550959019456,0,
1782389153.1451159,1782389184.463146,31319.452499970794,0,
1782389153.167747,1782389184.492905,31326.57879200997,0,
1782389153.190082,1782389184.527843,31339.179625036195,0,
1782389153.212948,1782389184.566957,31355.42583395727,0,
1782389153.2359061,1782389184.593621,31359.130041033495,0,
1782389153.2593012,1782389184.639064,31381.17745798081,0,
1782389153.28185,1782389184.6780102,31397.57145900512,0,
1782389153.304814,1782389184.731027,31427.6250419789,0,
1782389138.3155909,1782389184.7757509,46463.93279201584,0,
1782389153.329597,1782389184.820069,31491.882458038162,0,
1782389153.353011,1782389184.847855,31496.254209021572,0,
1782389153.376108,1782389184.879991,31505.28020900674,0,
1782389138.343942,1782389184.920206,46580.03341703443,0,
1782389153.399286,1782389184.9740422,31576.162834011484,0,
1782389153.423075,1782389185.004528,31582.85937499022,0,
1782389153.446177,1782389185.0254982,31580.72433300549,0,
1782389153.4721322,1782389185.049991,31579.261582985055,0,
1782389153.497251,1782389185.0653539,31569.5044589811,0,
1782389153.522062,1782389185.08046,31559.79687499348,0,
1782389153.5478241,1782389185.109691,31563.261834031437,0,
1782389153.572691,1782389185.19779,31626.494625001214,0,
1782389153.597286,1782389185.23716,31641.266375023406,0,
1782389153.634273,1782389185.264077,31631.195458001457,0,
1782389153.6584709,1782389185.281464,31624.380958033726,0,
1782389153.681949,1782389185.298687,31618.08583396487,0,
1782389153.706133,1782389185.317749,31612.94787499355,0,
1782389153.729492,1782389185.348458,31620.348957949318,0,
1782389153.7536151,1782389185.367127,31614.893042016774,0,
1782389153.777923,1782389185.387572,31611.028084007557,0,
1782389153.80211,1782389185.404562,31603.829542000312,0,
1782389153.8258429,1782389185.427395,31602.92837501038,0,
1782389153.8495722,1782389185.448086,31599.88787502516,0,
1782389153.873333,1782389185.4733,31601.339165994432,0,
1782389153.8975072,1782389185.4995918,31603.455459000543,0,
1782389153.921505,1782389185.53091,31610.77245796332,0,
1782389153.944949,1782389185.564605,31621.02279200917,0,
1782389138.36682,1782389185.590324,47227.278666978236,0,
1782389154.7823842,1782389185.61609,30834.99770797789,0,
1782389154.824178,1782389185.630995,30808.105500007514,0,
1782389138.38836,1782389185.64963,47265.04166703671,0,
1782389154.85725,1782389185.6663198,30810.356083035003,0,
1782389154.890798,1782389185.683302,30793.788542039692,0,
1782389154.920956,1782389185.709256,30789.580000040587,0,
1782389154.9580421,1782389185.7423518,30785.5882080039,0,
1782389155.012664,1782389185.771279,30759.889083972666,0,
1782389155.05214,1782389185.813665,30762.796375027392,0,
1782389155.092119,1782389185.851119,30760.268874990288,0,
1782389155.155209,1782389185.8865762,30732.630375016015,0,
1782389155.1974988,1782389185.916814,30720.549625053536,0,
1782389155.2549,1782389185.945739,30692.096000013407,0,
1782389155.2858188,1782389185.976532,30691.967291000765,0,
1782389155.321583,1782389186.015241,30694.910332967993,0,
1782389155.356502,1782389186.048788,30693.535791011527,0,
1782389155.381865,1782389186.076899,30696.281915996224,0,
1782389155.405626,1782389186.104701,30700.321583019104,0,
1782389155.431665,1782389186.1388428,30708.422916999552,0,
1782389155.454977,1782389186.165483,30711.750625050627,0,
1782389155.4783099,1782389186.189333,30712.26525004022,0,
1782389155.502153,1782389186.2191281,30718.216249952093,0,
1782389155.5259168,1782389186.250499,30725.82158399746,0,
1782389138.415504,1782389186.291924,47880.19674998941,0,
1782389155.5501351,1782389186.338336,30789.440332970116,0,
1782389155.573619,1782389186.36468,30792.297833017074,0,
1782389155.597491,1782389186.401429,30805.17329100985,0,
1782389138.4426482,1782389186.433538,47994.66112500522,0,
1782389139.487784,1782389186.460325,46976.071709010284,200,
1782389155.620918,1782389186.487222,30867.53950000275,0,
1782389155.644756,1782389186.510698,30867.17616696842,0,
1782389155.687221,1782389186.53762,30851.630624965765,0,
1782389155.711437,1782389186.607324,30897.117499960586,0,
1782389155.735647,1782389186.636844,30902.42387499893,0,
1782389155.75965,1782389186.6827059,30924.283707980067,0,
1782389155.7838311,1782389186.732312,30949.70712502254,0,
1782389155.808095,1782389186.768032,30961.16250002524,0,
1782389155.833457,1782389186.795049,30962.81537495088,0,
1782389155.858421,1782389186.828126,30970.926915993914,0,
1782389155.883116,1782389186.859384,30977.488291973714,0,
1782389155.907682,1782389186.8867981,30980.333708052058,0,
1782389155.9327219,1782389186.915408,30983.900249993894,0,
1782389155.9575622,1782389186.951605,30995.25837501278,0,
1782389155.981733,1782389186.9879968,31007.476833998226,0,
1782389156.0084338,1782389187.019465,31012.242917029653,0,
1782389156.04101,1782389187.0511281,31011.32804201916,0,
1782389156.065821,1782389187.086123,31021.510874968953,0,
1782389156.0909288,1782389187.113418,31023.695041018073,0,
1782389156.116053,1782389187.140366,31025.51783400122,0,
1782389156.140995,1782389187.168289,31028.49470899673,0,
1782389156.166206,1782389187.192769,31027.76545798406,0,
1782389156.191055,1782389187.2140899,31024.234832962975,0,
1782389156.2158852,1782389187.237407,31022.720459033735,0,
1782389138.4774332,1782389187.267869,48794.21354201622,0,
1782389156.2403991,1782389187.291599,31052.397541992832,0,
1782389156.2655191,1782389187.32418,31059.85454202164,0,
1782389156.291371,1782389187.342327,31052.150000003166,0,
1782389156.3178968,1782389187.374181,31057.476542016957,0,
1782389156.3438778,1782389187.411551,31068.864958011545,0,
1782389156.369965,1782389187.443398,31074.622165993787,0,
1782389138.4957628,1782389187.518135,49026.14866697695,0,
1782389156.395038,1782389187.5594828,31165.630000003148,0,
1782389156.420413,1782389187.579642,31160.417415958364,0,
1782389156.4461188,1782389187.6075048,31162.572750006802,0,
1782389156.471759,1782389187.630592,31160.01849999884,0,
1782389156.50409,1782389187.655801,31152.893542021047,0,
1782389156.531753,1782389187.679453,31148.880541033577,0,
1782389138.518381,1782389187.6983109,49183.7066669832,0,
1782389138.564609,1782389187.734168,49173.32429200178,0,
1782389157.645477,1782389187.772114,30127.73395801196,0,
1782389138.589528,1782389187.802334,49216.567250026856,0,
1782389157.671349,1782389187.8598468,30189.595707983244,0,
1782389138.6202009,1782389187.875654,49259.2079169699,0,
1782389143.428691,1782389187.876414,44450.491833966225,200,
1782389157.696825,1782389187.898991,30203.260833979584,0,
1782389157.7212641,1782389187.913564,30193.393707973883,0,
1782389157.74672,1782389187.934481,30188.853957981337,0,
1782389138.6560152,1782389187.953553,49301.28595803399,0,
1782389157.771631,1782389187.99778,30227.240999985952,0,
1782389157.7977211,1782389188.0113358,30214.705042017158,0,
1782389157.828005,1782389188.024972,30198.05562502006,0,
1782389138.678198,1782389188.039438,49364.983583043795,0,
1782389146.719462,1782389188.039705,41322.492375038564,200,
1782389157.8556108,1782389188.055661,30201.13666600082,0,
1782389157.881661,1782389188.0764,30195.82491600886,0,
1782389157.9077408,1782389188.096443,30189.785666996613,0,
1782389138.70028,1782389188.1324968,49435.932166990824,0,
1782389157.93387,1782389188.165811,30233.024500019383,0,
1782389157.9602828,1782389188.190492,30231.29045800306,0,
1782389157.98651,1782389188.216473,30231.041874969378,0,
1782389138.721067,1782389188.2371159,49519.78704100475,0,
1782389138.7689211,1782389188.269598,49504.40112501383,200,
1782389158.014922,1782389188.298903,30285.060000023805,0,
1782389158.040781,1782389188.32999,30290.286624978762,0,
1782389158.065957,1782389188.350605,30285.72254203027,0,
1782389138.744755,1782389188.374369,49633.3477080334,0,
1782389158.091327,1782389188.391812,30301.560291962232,0,
1782389158.1179898,1782389188.411842,30294.925292022526,0,
1782389158.144174,1782389188.429535,30286.431875021663,0,
1782389158.170176,1782389188.447644,30278.537874983158,0,
1782389158.196348,1782389188.4714408,30276.160791981965,0,
1782389158.2227929,1782389188.4881659,30266.4400000358,0,
1782389158.248687,1782389188.50992,30262.298416986596,0,
1782389158.275327,1782389188.536195,30261.932042019907,0,
1782389158.3018408,1782389188.559432,30258.65262496518,0,
1782389138.787637,1782389188.5814168,49797.5064170314,0,
1782389158.3288598,1782389188.604007,30276.20712504722,0,
1782389158.355278,1782389188.628729,30274.509666953236,0,
1782389158.383465,1782389188.6491158,30266.708666982595,0,
1782389158.409677,1782389188.6669598,30258.33937502466,0,
1782389138.805245,1782389188.692281,49890.759792004246,0,
1782389158.436464,1782389188.723636,30288.22704096092,0,
1782389158.464119,1782389188.74986,30286.79441701388,0,
1782389158.490827,1782389188.774627,30284.85208301572,0,
1782389158.517976,1782389188.798922,30281.996500038076,0,
1782389138.8426821,1782389188.822021,49983.056458004285,0,
1782389158.545865,1782389188.8818061,30336.98987500975,0,
1782389158.573765,1782389188.9003599,30327.643833006732,0,
1782389158.600996,1782389188.9115362,30311.587125004735,0,
1782389158.627588,1782389188.924997,30298.454458999913,0,
1782389138.8650408,1782389188.9375439,50076.21625001775,0,
1782389138.984183,1782389188.956396,49975.898707984015,200,
1782389158.655278,1782389188.984395,30330.160457990132,0,
1782389158.682465,1782389189.003524,30322.101875033695,0,
1782389158.7098188,1782389189.016191,30307.41275002947,0,
1782389158.737655,1782389189.030685,30294.069166993722,0,
1782389158.7654378,1782389189.0472472,30282.84599998733,0,
1782389138.880689,1782389189.062708,50185.732165991794,0,
1782389146.176105,1782389189.06323,42889.46858304553,200,
1782389158.79284,1782389189.110218,30318.413875007536,0,
1782389158.819668,1782389189.1320782,30313.445042003877,0,
1782389158.846312,1782389189.14732,30302.040791953914,0,
1782389158.874197,1782389189.163945,30290.778999973554,0,
1782389138.909205,1782389189.181091,50275.594250008,0,
1782389147.051085,1782389189.181731,42132.8644999885,200,
1782389158.901154,1782389189.19982,30299.696458037943,0,
1782389158.928684,1782389189.2214348,30293.778624967672,0,
1782389158.956046,1782389189.238793,30283.773749950342,0,
1782389158.983351,1782389189.256099,30273.77275004983,0,
1782389159.0109901,1782389189.271296,30261.33112498792,0,
1782389138.940865,1782389189.288449,50351.28637496382,0,
1782389159.038614,1782389189.326429,30288.837750034872,0,
1782389159.0663328,1782389189.3404968,30275.185291015077,0,
1782389159.094021,1782389189.359195,30266.192249953747,0,
1782389159.121343,1782389189.378774,30258.44829098787,0,
1782389143.646525,1782389189.379053,45735.28387496481,200,
1782389146.953336,1782389189.379071,42427.97087499639,200,
1782389159.148884,1782389189.3922079,30244.338874996174,0,
1782389159.1768792,1782389189.408822,30232.958624954335,0,
1782389159.204741,1782389189.422623,30218.893124954775,0,
1782389159.2325618,1782389189.4354692,30203.918041021097,0,
1782389139.012639,1782389189.4481862,50439.23354201252,0,
1782389159.260569,1782389189.46784,30208.27687496785,0,
1782389139.053455,1782389189.4867892,50437.012667011004,0,
1782389139.546091,1782389189.5287838,49986.26037500799,200,
1782389139.092161,1782389189.548844,50460.35008400213,0,
1782389149.307192,1782389189.5497549,40244.49062498752,200,
1782389139.125936,1782389189.5671759,50444.9013749836,0,
1782389139.149209,1782389189.6016939,50456.14329201635,0,
1782389139.176951,1782389189.6220212,50448.72033398133,0,
1782389139.203249,1782389189.637743,50438.13987495378,0,
1782389139.236161,1782389189.6627278,50430.20537501434,0,
1782389139.264522,1782389189.6718779,50410.987749986816,0,
1782389139.28756,1782389189.683981,50400.048375013284,0,
1782389139.310495,1782389189.69647,50389.5978340297,0,
1782389139.330024,1782389189.714238,50387.8324580146,0,
1782389139.3472698,1782389189.7281642,50384.50720801484,0,
1782389139.365547,1782389189.744981,50383.04416596657,0,
1782389139.386057,1782389189.762472,50380.02124999184,0,
1782389139.448396,1782389189.786942,50342.139333020896,200,
1782389139.412014,1782389189.8016589,50393.24620802654,0,
1782389139.431649,1782389189.816457,50388.40470800642,0,
1782389140.348963,1782389189.8359601,49490.393459040206,200,
1782389139.466246,1782389189.852905,50390.248999989126,0,
1782389159.785774,1782389189.872606,30087.811750010587,0,
1782389139.506426,1782389189.886801,50383.95629200386,0,
1782389139.5281658,1782389189.9011352,50376.54645805014,0,
1782389149.534854,1782389189.9111779,40378.22995899478,200,
1782389139.564091,1782389189.925397,50364.87533303443,0,
1782389139.5813062,1782389189.943108,50365.36808300298,0,
1782389139.5985222,1782389189.975164,50380.20479097031,0,
1782389143.600714,1782389189.975451,46377.51020799624,200,
1782389139.616239,1782389189.984328,50371.647291001864,0,
1782389159.924144,1782389190.003708,30080.538334033918,0,
1782389140.365212,1782389190.020897,49659.08037504414,0,
1782389140.381668,1782389190.0547578,49676.48166703293,0,
1782389146.361139,1782389190.055707,43696.898165973835,200,
1782389140.4000971,1782389190.0739179,49677.208542008884,0,
