sent_ts,timestamp,latency_ms,status,error
1782389213.2661881,1782389213.966502,700.3179590101354,200,
1782389213.263032,1782389214.078145,815.1189580094069,200,
1782389213.2620878,1782389214.912265,1650.18754103221,200,
1782389213.265926,1782389214.97068,1704.766999988351,200,
1782389213.2667048,1782389215.015088,1748.3949580346234,200,
1782389213.266834,1782389215.1003,1833.4808330400847,200,
1782389214.258522,1782389215.228841,970.325291971676,200,
1782389213.265794,1782389215.235091,1969.3107079947367,200,
1782389213.2664478,1782389215.2431831,1976.7504580086097,200,
1782389213.262768,1782389215.293077,2030.324166000355,200,
1782389213.262631,1782389215.2941701,2031.5549169899896,200,
1782389213.2663229,1782389215.295358,2029.0505419834517,200,
1782389213.264787,1782389215.295737,2030.9669169946574,200,
1782389213.266061,1782389215.296164,2030.1198330125771,200,
1782389213.265246,1782389215.325418,2060.1885420037434,200,
1782389213.265385,1782389215.326136,2060.767208051402,200,
1782389213.265523,1782389215.3273458,2061.812958039809,200,
1782389213.2650921,1782389215.331043,2065.965457994025,200,
1782389213.264956,1782389215.3376079,2072.6676670019515,200,
1782389213.265662,1782389215.36063,2094.9833749909885,200,
1782389213.266963,1782389215.366069,2099.122082989197,200,
1782389213.2624938,1782389215.366826,2104.3485829723068,200,
1782389213.2665741,1782389215.379338,2112.7797089866363,200,
1782389213.256311,1782389215.3907788,2134.4839579542167,200,
1782389213.2629051,1782389215.484106,2221.2176670436747,200,
1782389214.264906,1782389215.525653,1260.756167001091,200,
1782389214.257643,1782389215.5745249,1316.8922089971602,200,
1782389214.276636,1782389215.6699688,1393.3434169739485,200,
1782389214.272663,1782389215.6933,1420.6489580101334,200,
1782389214.2633111,1782389215.720545,1457.238040980883,200,
1782389213.262337,1782389215.722219,2459.9009169614874,200,
1782389214.259418,1782389215.732252,1472.844542004168,200,
1782389214.260544,1782389215.7928991,1532.3664160096087,200,
1782389214.273578,1782389215.859042,1585.4761669761501,200,
1782389214.280469,1782389215.929972,1649.5144169894047,200,
1782389214.261617,1782389215.962034,1700.4295829683542,200,
1782389214.265964,1782389216.020929,1754.9770000041462,200,
1782389214.2835178,1782389216.053288,1769.7836249717511,200,
1782389215.267516,1782389216.187485,919.9745420482941,200,
1782389215.275626,1782389216.2004962,924.8762920033187,200,
1782389215.258925,1782389216.2036648,944.7454159962945,200,
1782389214.266737,1782389216.211593,1944.8701669462025,200,
1782389215.273398,1782389216.260451,987.05895798048,200,
1782389215.265745,1782389216.30039,1034.6516669960693,200,
1782389215.276644,1782389216.302133,1025.4956670105457,200,
1782389214.28306,1782389216.303484,2020.4381659859791,200,
1782389215.270009,1782389216.304696,1034.6942089963704,200,
1782389214.281365,1782389216.306444,2025.0927080051042,200,
1782389215.2868018,1782389216.324356,1037.5615420052782,200,
1782389214.262671,1782389216.325717,2063.060917018447,200,
1782389215.264349,1782389216.3338292,1069.4874170003459,200,
1782389215.280698,1782389216.3396668,1058.9756249682978,200,
1782389215.277735,1782389216.348638,1070.9110830212012,200,
1782389215.274714,1782389216.350379,1075.6736249895766,200,
1782389214.271692,1782389216.367959,2096.2823330191895,200,
1782389215.287303,1782389216.375613,1088.3171249879524,200,
1782389215.26174,1782389216.438578,1176.8446670030244,200,
1782389215.268563,1782389216.445864,1177.307625010144,200,
1782389214.279037,1782389216.482434,2203.4118329756893,200,
1782389215.2710521,1782389216.509214,1238.1693330244161,200,
1782389215.262943,1782389216.524153,1261.2171249929816,200,
1782389216.260639,1782389216.5493991,288.76054199645296,200,
1782389215.2796319,1782389216.66622,1386.5958750247955,200,
1782389215.272109,1782389216.671156,1399.0556669887155,200,
1782389215.265045,1782389216.686243,1421.2080829893239,200,
1782389216.2621381,1782389216.7314858,469.3482920411043,200,
1782389215.266784,1782389216.793043,1526.2692499672994,200,
1782389214.277837,1782389216.848622,2570.803333015647,200,
1782389215.260583,1782389216.868169,1607.5973330298439,200,
1782389214.274425,1782389216.879529,2605.122125009075,200,
1782389214.2824059,1782389216.899196,2616.8103750096634,200,
1782389215.281825,1782389216.899894,1618.0814999970607,200,
1782389216.273328,1782389216.912378,639.0540419961326,200,
1782389214.260031,1782389216.914892,2654.8812910332344,200,
1782389214.279799,1782389217.0435572,2763.7785830302164,200,
1782389214.27584,1782389217.088162,2812.344458012376,200,
1782389216.271242,1782389217.141928,870.6912089837715,200,
1782389216.2791061,1782389217.1556401,876.540333032608,200,
1782389216.267918,1782389217.201466,933.5524999769405,200,
1782389216.2951522,1782389217.205774,910.6264159781858,200,
1782389215.2858481,1782389217.2271922,1941.3584590074606,200,
1782389216.2892969,1782389217.264089,974.7979160165414,200,
1782389216.295655,1782389217.34251,1046.8616250436753,200,
1782389216.2749598,1782389217.3454819,1070.5289169563912,200,
1782389216.265013,1782389217.358672,1093.6656249687076,200,
1782389216.294525,1782389217.3618162,1067.2982080141082,200,
1782389216.283504,1782389217.394958,1111.4599999855272,200,
1782389216.2775738,1782389217.49141,1213.8432919746265,200,
1782389216.293163,1782389217.526221,1233.0652910168283,200,
1782389216.269376,1782389217.528053,1258.6854579858482,200,
1782389216.296109,1782389217.570442,1274.3412500130944,200,
1782389216.292199,1782389217.6029592,1310.769125004299,200,
1782389216.284986,1782389217.605105,1320.1271249563433,200,
1782389216.281541,1782389217.607224,1325.6907080067322,200,
1782389216.287717,1782389217.6161869,1328.4782910486683,200,
1782389216.2761889,1782389217.633057,1356.8752499995753,200,
1782389215.284223,1782389217.6350641,2350.8574590086937,200,
1782389216.28646,1782389217.689709,1403.25887495419,200,
1782389217.2765381,1782389217.732467,455.92987502459437,200,
1782389217.310118,1782389217.734549,424.43187499884516,200,
1782389217.2735019,1782389217.781665,508.16441600909457,200,
1782389216.2908852,1782389217.7835782,1492.7039589965716,200,
1782389217.298141,1782389217.812234,514.0959999989718,200,
1782389216.263402,1782389217.8592541,1595.863166032359,200,
1782389217.282534,1782389217.880903,598.3722920063883,200,
1782389217.2671812,1782389217.8950999,627.9217089759186,200,
1782389217.333303,1782389217.9011781,567.876500019338,200,
1782389217.2855182,1782389217.9061172,620.6005419953726,200,
1782389217.269994,1782389218.032663,762.6727079623379,200,
1782389217.264363,1782389218.130056,865.6985000125133,200,
1782389217.293528,1782389218.1450639,851.5407920349389,200,
1782389217.3043892,1782389218.170007,865.6225419836119,200,
1782389217.313118,1782389218.18452,871.4067079708911,200,
1782389217.322953,1782389218.195481,872.532167006284,200,
1782389217.300792,1782389218.1970718,896.2857080041431,200,
1782389217.302412,1782389218.1996548,897.2482919925824,200,
1782389217.3068302,1782389218.2024791,895.6550410366617,200,
1782389217.295653,1782389218.205472,909.8232919932343,200,
1782389217.290869,1782389218.20799,917.1264590113424,200,
1782389217.330915,1782389218.211801,880.89145795675,200,
1782389217.329659,1782389218.217659,888.0035830079578,200,
1782389217.28033,1782389218.229635,949.3110830080695,200,
1782389217.326547,1782389218.239964,913.4232910000719,200,
1782389217.3163772,1782389218.245579,929.2087500216439,200,
1782389217.288179,1782389218.250786,962.6135830185376,200,
1782389218.266058,1782389218.410462,144.40354198450223,200,
1782389218.2699049,1782389218.419426,149.52091599116102,200,
1782389218.275599,1782389218.431993,156.39345801901072,200,
1782389218.287526,1782389218.607106,319.57975000841543,200,
1782389218.2795131,1782389218.609899,330.38804098032415,200,
1782389218.273827,1782389218.63978,365.9530419972725,200,
1782389218.293636,1782389218.70265,409.01433303952217,200,
1782389218.30234,1782389218.780063,477.7236249647103,200,
1782389218.29198,1782389218.8480132,556.0355420457199,200,
1782389218.297971,1782389218.85646,558.4926250157878,200,
1782389218.276855,1782389218.941092,664.239457983058,200,
1782389218.2781289,1782389218.9469419,668.8152920105495,200,
1782389218.295007,1782389218.949184,654.179583012592,200,
1782389218.2821279,1782389218.954988,672.8632500162348,200,
1782389218.2808309,1782389219.0169559,736.1280000186525,200,
1782389218.289218,1782389219.0241868,734.9724170053378,200,
1782389218.271832,1782389219.032844,761.015750002116,200,
1782389218.300991,1782389219.040658,739.671042014379,200,
1782389218.285944,1782389219.0499918,764.0520830173045,200,
1782389218.305006,1782389219.062469,757.4675420182757,200,
1782389218.2964811,1782389219.0701492,773.671375005506,200,
1782389218.3038878,1782389219.074282,770.3979159705341,200,
1782389218.2839549,1782389219.0772312,793.2808329933323,200,
1782389218.290693,1782389219.080253,789.5637920009904,200,
1782389218.299444,1782389219.0859442,786.504874995444,200,
1782389219.266912,1782389219.4071019,140.18833299633116,200,
1782389219.272547,1782389219.487827,215.28075000969693,200,
1782389219.268821,1782389219.64225,373.4306249534711,200,
1782389219.281885,1782389219.725127,443.2445830316283,200,
1782389219.282861,1782389219.825943,543.082875024993,200,
1782389219.270098,1782389219.829196,559.0995000093244,200,
1782389219.2870378,1782389219.8524249,565.3906249790452,200,
1782389219.277984,1782389219.885164,607.1821249788627,200,
1782389219.274793,1782389219.892095,617.3046669573523,200,
1782389219.294092,1782389219.897213,603.1234579859301,200,
1782389219.2892091,1782389219.9198232,630.6164580164477,200,
1782389219.279378,1782389219.927149,647.7755420492031,200,
1782389219.275845,1782389219.946458,670.6167919910513,200,
1782389219.271327,1782389219.952075,680.7510000071488,200,
1782389219.285931,1782389220.0179589,732.0323339663446,200,
1782389219.284812,1782389220.030262,745.4529160168022,200,
1782389219.2931259,1782389220.034314,741.1910829832777,200,
1782389219.2911098,1782389220.038126,747.0187079743482,200,
1782389219.292266,1782389220.043392,751.1288330424577,200,
1782389219.280736,1782389220.047276,766.5441249846481,200,
1782389219.276802,1782389220.050308,773.5100000281818,200,
1782389219.273719,1782389220.053243,779.5289999921806,200,
1782389219.283836,1782389220.0602639,776.4327920158394,200,
1782389219.290146,1782389220.0633018,773.1601659907028,200,
1782389219.288238,1782389220.086477,798.2435830053873,200,
1782389220.269886,1782389220.452492,182.6048749499023,200,
1782389220.2680378,1782389220.4816792,213.6400410090573,200,
1782389220.273844,1782389220.510675,236.83037504088134,200,
1782389220.2783418,1782389220.522976,244.63250004919246,200,
1782389220.2725172,1782389220.534317,261.7992500308901,200,
1782389220.277195,1782389220.536701,259.50708298478276,200,
1782389220.292032,1782389220.558788,266.75612496910617,200,
1782389220.282051,1782389220.5603359,278.28475000569597,200,
1782389220.271212,1782389220.5883,317.0878749806434,200,
1782389220.285606,1782389220.619288,333.68241699645296,200,
1782389220.301378,1782389220.630636,329.2591670178808,200,
1782389220.2755442,1782389220.6482172,372.6742090075277,200,
1782389220.290693,1782389220.650329,359.63650001212955,200,
1782389220.283744,1782389220.6649148,381.17158302338794,200,
1782389220.294246,1782389220.696403,402.1586669841781,200,
1782389220.299925,1782389220.766239,466.31624997826293,200,
1782389220.279507,1782389220.768459,488.9540419680998,200,
1782389220.298468,1782389220.785207,486.74212500918657,200,
1782389220.29711,1782389220.789889,492.7757080295123,200,
1782389220.289261,1782389220.7925901,503.3312499872409,200,
1782389220.28669,1782389220.802623,515.9349169698544,200,
1782389220.280722,1782389220.806161,525.4409160115756,200,
1782389220.287887,1782389220.8086421,520.7584170275368,200,
1782389220.295653,1782389220.809959,514.3099169945344,200,
1782389220.293132,1782389220.836673,543.5442079906352,200,
1782389221.270299,1782389221.409008,138.70725000742823,200,
1782389221.271994,1782389221.495442,223.4475000295788,200,
1782389221.277946,1782389221.606772,328.825916047208,200,
1782389221.273196,1782389221.620379,347.1838750410825,200,
1782389221.2801301,1782389221.6311018,350.97241698531434,200,
1782389221.286717,1782389221.735339,448.62416601972654,200,
1782389221.291651,1782389221.8227232,531.0742079745978,200,
1782389221.297787,1782389221.828116,530.3304579574615,200,
1782389221.276767,1782389221.861065,584.3007920193486,200,
1782389221.2833972,1782389221.865299,581.9037089822814,200,
1782389221.2887459,1782389221.8709261,582.182957965415,200,
1782389221.2683468,1782389221.8803918,612.0465000276454,200,
1782389221.275575,1782389221.941309,665.7367079751566,200,
1782389221.282337,1782389221.946249,663.9145420049317,200,
1782389221.2898061,1782389221.9524999,662.6959579880349,200,
1782389221.287788,1782389221.957153,669.3682079785503,200,
1782389221.281302,1782389221.9634519,682.1539999800734,200,
1782389221.278968,1782389221.9687018,689.7371669765562,200,
1782389221.292484,1782389221.97187,679.3891669949517,200,
1782389221.296421,1782389221.985322,688.9049580204301,200,
1782389221.2907252,1782389221.989314,698.593582957983,200,
1782389221.293511,1782389221.9916701,698.1618749559857,200,
1782389221.28532,1782389221.994556,709.241165954154,200,
1782389221.294776,1782389222.005905,711.1330000334419,200,
1782389221.274335,1782389222.0095968,735.2662499761209,200,
1782389222.270933,1782389222.334857,63.92354203853756,200,
1782389222.272118,1782389222.3725429,100.4225829965435,200,
1782389222.274555,1782389222.422679,148.12204201007262,200,
1782389222.2737842,1782389222.463309,189.52391698257998,200,
1782389222.2806442,1782389222.4769542,196.31024997215718,200,
1782389222.28456,1782389222.593687,309.1264169779606,200,
1782389222.27665,1782389222.601857,325.20824996754527,200,
1782389222.283852,1782389222.605398,321.5465000248514,200,
1782389222.269307,1782389222.623652,354.34466699371114,200,
1782389222.275885,1782389222.640873,364.9895829730667,200,
1782389222.278209,1782389222.657405,379.1977079818025,200,
1782389222.281471,1782389222.690138,408.66904199356213,200,
1782389222.287997,1782389222.695255,407.25833299802616,200,
1782389222.285095,1782389222.697346,412.2519170050509,200,
1782389222.2798011,1782389222.7135801,433.7790409917943,200,
1782389222.277437,1782389222.722351,444.9157080380246,200,
1782389222.27523,1782389222.759365,484.13791600614786,200,
1782389222.2729611,1782389222.765145,492.18670796835795,200,
1782389222.2873,1782389222.7670121,479.71316595794633,200,
1782389222.285747,1782389222.769155,483.4102080203593,200,
1782389222.286489,1782389222.784765,498.2767920009792,200,
1782389222.28322,1782389222.791116,507.8971670009196,200,
1782389222.288785,1782389222.796772,507.9888330074027,200,
1782389222.279037,1782389222.820585,541.5504170232452,200,
1782389222.282499,1782389222.8221781,539.6819590241648,200,
1782389223.274465,1782389223.505924,231.45933396881446,200,
1782389223.271554,1782389223.6594539,387.9012079560198,200,
1782389223.27227,1782389223.7076259,435.3579169837758,200,
1782389223.2729862,1782389223.728157,455.17329103313386,200,
1782389223.279076,1782389223.781963,502.8889999957755,200,
1782389223.281544,1782389223.89202,610.4780419846065,200,
1782389223.278543,1782389223.91237,633.8300829520449,200,
1782389223.2704089,1782389223.914707,644.3007499910891,200,
1782389223.285721,1782389223.917008,631.2902090139687,200,
1782389223.2845,1782389223.9306061,646.1079160217196,200,
1782389223.2839072,1782389223.932114,648.2097920379601,200,
1782389223.275075,1782389223.9353259,660.2538750157692,200,
1782389223.280372,1782389223.949385,669.0162919694558,200,
1782389223.2761788,1782389223.953957,677.7806670288555,200,
1782389223.2827241,1782389223.956846,674.1247499594465,200,
1782389223.2809331,1782389223.963665,682.7362080221064,200,
1782389223.279692,1782389223.966461,686.7719580186531,200,
1782389223.283372,1782389223.9721248,688.7569999671541,200,
1782389223.276747,1782389223.9740522,697.3084170022048,200,
1782389223.285155,1782389223.9824471,697.295457997825,200,
1782389223.282209,1782389223.991102,708.8961669942364,200,
1782389223.2773461,1782389224.003582,726.2407920206897,200,
1782389223.277893,1782389224.0073118,729.423874989152,200,
1782389223.273668,1782389224.0105548,736.8925419868901,200,
1782389223.275607,1782389224.015017,739.4144579884596,200,
1782389224.272452,1782389224.397061,124.6063329745084,200,
1782389224.271202,1782389224.4738839,202.68141699489206,200,
1782389224.277018,1782389224.4914382,214.4205000367947,200,
1782389224.276196,1782389224.51761,241.4137499872595,200,
1782389224.2740538,1782389224.54338,269.3268330185674,200,
1782389224.274761,1782389224.544126,269.3657500203699,200,
1782389224.281319,1782389224.5871518,305.8347079786472,200,
1782389224.280504,1782389224.6069472,326.4438330079429,200,
1782389224.275413,1782389224.612742,337.32970798155293,200,
1782389224.273298,1782389224.646533,373.2370830257423,200,
1782389224.283193,1782389224.682843,399.65149998897687,200,
1782389224.2857459,1782389224.709942,424.1981660015881,200,
1782389224.282582,1782389224.7125812,430.00154197216034,200,
1782389224.277668,1782389224.775115,497.4491660250351,200,
1782389224.2843132,1782389224.792736,508.4255410474725,200,
1782389224.287709,1782389224.797919,510.212707973551,200,
1782389224.287095,1782389224.7996118,512.5204999931157,200,
1782389224.283745,1782389224.802737,518.9954999950714,200,
1782389224.286453,1782389224.804089,517.6395000307821,200,
1782389224.2798269,1782389224.8056262,525.8025419898331,200,
1782389224.2783659,1782389224.807955,529.5920830103569,200,
1782389224.285009,1782389224.81023,525.223416974768,200,
1782389224.288537,1782389224.816704,528.1695420271717,200,
1782389224.279076,1782389224.825427,546.3548749685287,200,
1782389224.2819571,1782389224.840085,558.131208003033,200,
1782389225.2737422,1782389225.368787,95.04529199330136,200,
1782389225.27613,1782389225.415017,138.88500002212822,200,
1782389225.2724328,1782389225.4206212,148.1876250472851,200,
1782389225.275455,1782389225.527359,251.9028339884244,200,
1782389225.277633,1782389225.564975,287.3424999997951,200,
1782389225.2817678,1782389225.578805,297.03658301150426,200,
1782389225.2897222,1782389225.680775,391.05387503514066,200,
1782389225.280331,1782389225.688315,407.98433299642056,200,
1782389225.27457,1782389225.695422,420.8535829675384,200,
1782389225.287443,1782389225.722862,435.41999999433756,200,
1782389225.284262,1782389225.7590342,474.7734170523472,200,
1782389225.283627,1782389225.781655,498.02945798728615,200,
1782389225.282381,1782389225.783255,500.875832978636,200,
1782389225.281097,1782389225.785784,504.6882079914212,200,
1782389225.282979,1782389225.790548,507.5707919895649,200,
1782389225.2848918,1782389225.7961679,511.27720798831433,200,
1782389225.288064,1782389225.802583,514.5209170295857,200,
1782389225.285558,1782389225.8239481,538.3928330265917,200,
1782389225.278251,1782389225.824618,546.3702499982901,200,
1782389225.2863512,1782389225.8260999,539.7525419830345,200,
1782389225.2788422,1782389225.8269188,548.0809159926139,200,
1782389225.286923,1782389225.8283,541.3795000058599,200,
1782389225.288979,1782389225.829616,540.6403330271132,200,
1782389225.2768269,1782389225.836127,559.3014580081217,200,
1782389225.2796302,1782389225.847241,567.6148330094293,200,
1782389226.273155,1782389226.363272,90.11608402943239,200,
1782389226.273996,1782389226.43716,163.16258301958442,200,
1782389226.2755818,1782389226.450037,174.4545420515351,200,
1782389226.27507,1782389226.5143921,239.32141700061038,200,
1782389226.277684,1782389226.583043,305.3597920225002,200,
1782389226.2886589,1782389226.6169531,328.2957909977995,200,
1782389226.280254,1782389226.629096,348.84187497664243,200,
1782389226.284297,1782389226.631156,346.8599999905564,200,
1782389226.287485,1782389226.6789498,391.4650840451941,200,
1782389226.2745569,1782389226.679601,405.04529199097306,200,
1782389226.2815611,1782389226.682003,400.4431249923073,200,
1782389226.286678,1782389226.6993248,412.64749999390915,200,
1782389226.276824,1782389226.716335,439.51237498549744,200,
1782389226.280882,1782389226.725905,445.02341700717807,200,
1782389226.2881012,1782389226.781135,493.036458035931,200,
1782389226.2794418,1782389226.788744,509.30450001033023,200,
1782389226.2837288,1782389226.803935,520.2071660314687,200,
1782389226.2854772,1782389226.80976,524.2861660080962,200,
1782389226.282654,1782389226.8255339,542.8836659993976,200,
1782389226.284846,1782389226.8398771,555.033040989656,200,
1782389226.278555,1782389226.8414268,562.8743749693967,200,
1782389226.2821171,1782389226.844178,562.0632499922067,200,
1782389226.276224,1782389226.8463218,570.1006660237908,200,
1782389226.2859561,1782389226.858237,572.2844580304809,200,
1782389226.283144,1782389226.872513,589.3729999661446,200,
1782389227.274959,1782389227.427399,152.43908402044326,200,
1782389227.27788,1782389227.492063,214.18404200812802,200,
1782389227.281802,1782389227.527903,246.1007919628173,200,
1782389227.279527,1782389227.529401,249.8736249981448,200,
1782389227.287293,1782389227.5864809,299.1876670275815,200,
1782389227.282756,1782389227.5876732,304.9187079886906,200,
1782389227.2916448,1782389227.6502101,358.56512503232807,200,
1782389227.288312,1782389227.712636,424.3250839645043,200,
1782389227.283566,1782389227.781589,498.02308302605525,200,
1782389227.284517,1782389227.794813,510.29687497066334,200,
1782389227.289122,1782389227.802432,513.3110829629004,200,
1782389227.29283,1782389227.8048189,511.99079101206735,200,
1782389227.296215,1782389227.814077,517.8632920142263,200,
1782389227.2942169,1782389227.827326,533.1115830340423,200,
1782389227.27867,1782389227.840828,562.1606250060722,200,
1782389227.281065,1782389227.848705,567.6417499780655,200,
1782389227.292331,1782389227.8501918,557.8639999730512,200,
1782389227.2862132,1782389227.852177,565.9661670215428,200,
1782389227.294827,1782389227.856744,561.9202500092797,200,
1782389227.285265,1782389227.8626938,577.4318330222741,200,
1782389227.2906802,1782389227.864768,574.0912920446135,200,
1782389227.2954938,1782389227.872533,577.0426670205779,200,
1782389227.280419,1782389227.874275,593.859166954644,200,
1782389227.2898781,1782389227.878674,588.7984579894692,200,
1782389227.293557,1782389227.879582,586.0260000335984,200,
1782389228.275779,1782389228.369653,93.87229097774252,200,
1782389228.274611,1782389228.395021,120.40841695852578,200,
1782389228.277306,1782389228.428788,151.4809169457294,200,
1782389228.277945,1782389228.433076,155.12958401814103,200,
1782389228.279872,1782389228.439292,159.4186250003986,200,
1782389228.279257,1782389228.44473,165.4717090423219,200,
1782389228.282807,1782389228.48311,200.30245801899582,200,
1782389228.285551,1782389228.5390038,253.45254101557657,200,
1782389228.276646,1782389228.5825129,305.8672079932876,200,
1782389228.2902982,1782389228.586508,296.2097499985248,200,
1782389228.278611,1782389228.590774,312.1639580349438,200,
1782389228.2889888,1782389228.591562,302.574333967641,200,
1782389228.28831,1782389228.598733,310.42354204691947,200,
1782389228.287488,1782389228.606241,318.75291699543595,200,
1782389228.289557,1782389228.608767,319.20991698279977,200,
1782389228.283398,1782389228.609762,326.3642080128193,200,
1782389228.281715,1782389228.6201758,338.46162498230115,200,
1782389228.2868621,1782389228.635668,348.80612505367026,200,
1782389228.286251,1782389228.637512,351.2626250158064,200,
1782389228.281167,1782389228.644799,363.6320829973556,200,
1782389228.28059,1782389228.655562,374.973708007019,200,
1782389228.284469,1782389228.664347,379.88054199377075,200,
1782389228.2823339,1782389228.672891,390.55791700957343,200,
1782389228.285013,1782389228.674998,389.987625007052,200,
1782389228.283909,1782389228.685736,401.8293750123121,200,
1782389229.277009,1782389229.514556,237.54683299921453,200,
1782389229.282041,1782389229.640338,358.2975000026636,200,
1782389229.2794838,1782389229.678037,398.5555419931188,200,
1782389229.2802901,1782389229.678251,397.9634999996051,200,
1782389229.278035,1782389229.682606,404.57162499660626,200,
1782389229.287487,1782389229.7165298,429.0451669949107,200,
1782389229.2852979,1782389229.76057,475.2748330356553,200,
1782389229.2815151,1782389229.801636,520.1235000276938,200,
1782389229.2757602,1782389229.8027341,526.9749159924686,200,
1782389229.278778,1782389229.813468,534.691832959652,200,
1782389229.2808561,1782389229.8331819,552.3275419836864,200,
1782389229.2842171,1782389229.833927,549.7120829531923,200,
1782389229.286967,1782389229.842141,555.1765409763902,200,
1782389229.289425,1782389229.8436239,554.2025419999845,200,
1782389229.284749,1782389229.8444219,559.675625001546,200,
1782389229.285808,1782389229.845654,559.84833301045,200,
1782389229.2880719,1782389229.84741,559.341709013097,200,
1782389229.2827232,1782389229.8484402,565.7210830249824,200,
1782389229.2914371,1782389229.8493,557.864915987011,200,
1782389229.290213,1782389229.8514078,561.1973330378532,200,
1782389229.286417,1782389229.8526971,566.2825829931535,200,
1782389229.290766,1782389229.855041,564.2785000381991,200,
1782389229.283278,1782389229.856965,573.6898329923861,200,
1782389229.288693,1782389229.863476,574.7861659619957,200,
1782389229.283734,1782389229.8876438,603.9133750018664,200,
1782389230.2806258,1782389230.377214,96.58662503352389,200,
1782389230.276979,1782389230.3936481,116.66720797074959,200,
1782389230.2784572,1782389230.40022,121.76199996611103,200,
1782389230.279907,1782389230.4091961,129.28787496639416,200,
1782389230.2867992,1782389230.431852,145.050999999512,200,
1782389230.283073,1782389230.440091,157.01679198537022,200,
1782389230.2823942,1782389230.465625,183.22954198811203,200,
1782389230.2900019,1782389230.47964,189.63779200566933,200,
1782389230.279239,1782389230.507,227.75995795382187,200,
1782389230.285387,1782389230.5225,237.1118749724701,200,
1782389230.29523,1782389230.586784,291.5532919578254,200,
1782389230.294519,1782389230.629452,334.9330830387771,200,
1782389230.28376,1782389230.636999,353.23920799419284,200,
1782389230.286186,1782389230.663417,377.2312080254778,200,
1782389230.2932951,1782389230.6748931,381.59770803758875,200,
1782389230.2893791,1782389230.679195,389.81620798585936,200,
1782389230.28866,1782389230.6810691,392.4093329696916,200,
1782389230.2939498,1782389230.683299,389.3498340039514,200,
1782389230.287343,1782389230.684256,396.9148329924792,200,
1782389230.2846851,1782389230.687097,402.41320902714506,200,
1782389230.2925398,1782389230.68826,395.722208020743,200,
1782389230.290685,1782389230.689284,398.60116597265005,200,
1782389230.291492,1782389230.692118,400.62695898814127,200,
1782389230.281492,1782389230.693082,411.5930420230143,200,
1782389230.287929,1782389230.709732,421.8049580231309,200,
1782389231.277382,1782389231.391222,113.83745796047151,200,
1782389231.27856,1782389231.433961,155.4003749624826,200,
1782389231.280736,1782389231.4382899,157.55295800045133,200,
1782389231.279445,1782389231.4649029,185.45733304927126,200,
1782389231.289271,1782389231.608311,319.04112501069903,200,
1782389231.287898,1782389231.6116512,323.75337497796863,200,
1782389231.2928488,1782389231.6121101,319.26258403109387,200,
1782389231.289907,1782389231.622785,332.87829102482647,200,
1782389231.283157,1782389231.652983,369.82545896898955,200,
1782389231.286583,1782389231.65637,369.7887089801952,200,
1782389231.280155,1782389231.68433,404.1755420039408,200,
1782389231.282281,1782389231.695172,412.89220802718773,200,
1782389231.2933388,1782389231.712107,418.7707499950193,200,
1782389231.293848,1782389231.748388,454.5414579915814,200,
1782389231.281576,1782389231.761458,479.88283302402124,200,
1782389231.2858272,1782389231.762659,476.83283302467316,200,
1782389231.288586,1782389231.771293,482.7078339876607,200,
1782389231.2845309,1782389231.788539,504.00825001997873,200,
1782389231.291142,1782389231.790487,499.34724997729063,200,
1782389231.292303,1782389231.7986271,506.3267080113292,200,
1782389231.285206,1782389231.841229,556.0260000056587,200,
1782389231.2872949,1782389231.854249,566.9571249745786,200,
1782389231.2839391,1782389231.8629491,579.0127080399543,200,
1782389231.290605,1782389231.864107,573.5058749560267,200,
1782389231.291661,1782389231.866373,574.7157080331817,200,
1782389232.2799082,1782389232.4105222,130.61416696291417,200,
1782389232.278374,1782389232.41857,140.19433304201812,200,
1782389232.281997,1782389232.4611552,179.15745795471594,200,
1782389232.2866912,1782389232.4910872,204.3959170114249,200,
1782389232.2839801,1782389232.6050718,321.0916249663569,200,
1782389232.28056,1782389232.605474,324.91529203252867,200,
1782389232.287292,1782389232.624064,336.7726249853149,200,
1782389232.289268,1782389232.694738,405.47037502983585,200,
1782389232.2862148,1782389232.700029,413.8150829821825,200,
1782389232.284564,1782389232.703559,418.9963339595124,200,
1782389232.2903721,1782389232.7127948,422.39645804511383,200,
1782389232.285694,1782389232.714082,428.3900000154972,200,
1782389232.293468,1782389232.755768,462.3014160315506,200,
1782389232.2878962,1782389232.757351,469.4569169660099,200,
1782389232.28981,1782389232.7653089,475.5009589716792,200,
1782389232.288361,1782389232.781775,493.4145830338821,200,
1782389232.291491,1782389232.787224,495.73370901634917,200,
1782389232.2928598,1782389232.791164,498.3052500174381,200,
1782389232.2851892,1782389232.795698,510.5111669981852,200,
1782389232.281352,1782389232.8021288,520.7792909932323,200,
1782389232.2922251,1782389232.803547,511.32487499853596,200,
1782389232.28264,1782389232.8044538,521.8174170004204,200,
1782389232.2833862,1782389232.807607,524.2234580218792,200,
1782389232.288821,1782389232.808414,519.5960000273772,200,
1782389232.290865,1782389232.839357,548.4953749692068,200,
1782389233.279614,1782389233.387558,107.94354201061651,200,
1782389233.2809,1782389233.387756,106.85583302984014,200,
1782389233.281973,1782389233.5236092,241.6355829918757,200,
1782389233.284369,1782389233.527102,242.73287499090657,200,
1782389233.296524,1782389233.5826612,286.13749996293336,200,
1782389233.286316,1782389233.588398,302.08229197887704,200,
1782389233.295905,1782389233.5918431,295.9376670187339,200,
1782389233.2826161,1782389233.596249,313.6322919744998,200,
1782389233.283649,1782389233.600875,317.2261249856092,200,
1782389233.287573,1782389233.6023328,314.76041598943993,200,
1782389233.2902741,1782389233.619499,329.2249169899151,200,
1782389233.289578,1782389233.6212769,331.70004101702943,200,
1782389233.29126,1782389233.6248178,333.5575420060195,200,
1782389233.281473,1782389233.626533,345.060708001256,200,
1782389233.288991,1782389233.6405702,351.5784579794854,200,
1782389233.283147,1782389233.643391,360.2443329873495,200,
1782389233.29342,1782389233.65278,359.3596660066396,200,
1782389233.288342,1782389233.66298,374.6384999831207,200,
1782389233.29534,1782389233.665178,369.8381249560043,200,
1782389233.286906,1782389233.6807182,393.8137080403976,200,
1782389233.2941382,1782389233.685817,391.680458036717,200,
1782389233.294677,1782389233.7273118,432.6371670467779,200,
1782389233.2849221,1782389233.75375,468.8303329749033,200,
1782389233.285548,1782389233.760353,474.80716701829806,200,
1782389233.2923882,1782389233.7695942,477.20870800549164,200,
1782389234.2831948,1782389234.426465,143.26916600111872,200,
1782389234.281153,1782389234.434289,153.1354170292616,200,
1782389234.280152,1782389234.524249,244.09708403982222,200,
1782389234.294975,1782389234.581598,286.62433399586007,200,
1782389234.292215,1782389234.613714,321.4985000086017,200,
1782389234.284485,1782389234.625542,341.05716698104516,200,
1782389234.282579,1782389234.631516,348.93687500152737,200,
1782389234.288726,1782389234.639224,350.4981250152923,200,
1782389234.290706,1782389234.640827,350.12091702083126,200,
1782389234.2879732,1782389234.72024,432.2684580110945,200,
1782389234.289987,1782389234.725086,435.1015000138432,200,
1782389234.2893062,1782389234.731664,442.3604999901727,200,
1782389234.296421,1782389234.733519,437.09850002778694,200,
1782389234.281836,1782389234.743634,461.79820800898597,200,
1782389234.292782,1782389234.773968,481.18800000520423,200,
1782389234.287315,1782389234.7749279,487.6162920263596,200,
1782389234.285932,1782389234.791391,505.4601249867119,200,
1782389234.295777,1782389234.8061051,510.3290829574689,200,
1782389234.297015,1782389234.847504,550.4903750261292,200,
1782389234.293493,1782389234.848564,555.0732089905068,200,
1782389234.291476,1782389234.851802,560.3271250147372,200,
1782389234.283747,1782389234.86024,576.4954169862904,200,
1782389234.285103,1782389234.862685,577.5839580455795,200,
1782389234.2942889,1782389234.866972,572.6858749985695,200,
1782389234.286743,1782389234.873197,586.458042031154,200,
1782389235.281451,1782389235.390357,108.9043749962002,200,
1782389235.2865841,1782389235.461337,174.7524170204997,200,
1782389235.282766,1782389235.463634,180.86837499868125,200,
1782389235.285912,1782389235.53968,253.76708299154416,200,
1782389235.2847009,1782389235.581337,296.6368750203401,200,
1782389235.290435,1782389235.6051168,314.68241702532396,200,
1782389235.293325,1782389235.6116312,318.3066659839824,200,
1782389235.292823,1782389235.6779819,385.1589999976568,200,
1782389235.284103,1782389235.695642,411.5403339965269,200,
1782389235.2949278,1782389235.715381,420.4547500121407,200,
1782389235.291253,1782389235.729582,438.33141698269174,200,
1782389235.28724,1782389235.7316108,444.37395804561675,200,
1782389235.296992,1782389235.733183,436.19379098527133,200,
1782389235.2964458,1782389235.737587,441.14279095083475,200,
1782389235.294465,1782389235.739902,445.43829100439325,200,
1782389235.293885,1782389235.744364,450.48191701062024,200,
1782389235.289522,1782389235.746382,456.86120801838115,200,
1782389235.283454,1782389235.747796,464.3432919983752,200,
1782389235.288039,1782389235.7507231,462.68483402673155,200,
1782389235.285273,1782389235.7647219,479.45066599640995,200,
1782389235.292358,1782389235.7753038,482.9488749965094,200,
1782389235.295441,1782389235.775889,480.4512499831617,200,
1782389235.291834,1782389235.777198,485.3664169786498,200,
1782389235.295965,1782389235.778396,482.4341659550555,200,
1782389235.288754,1782389235.804585,515.8333329600282,200,
1782389236.281982,1782389236.411621,129.63795801624656,200,
1782389236.283057,1782389236.537906,254.84970799880102,200,
1782389236.284341,1782389236.669143,384.802040993236,200,
1782389236.292628,1782389236.669685,377.0591250504367,200,
1782389236.289577,1782389236.6924329,402.8565839980729,200,
1782389236.293738,1782389236.728881,435.1439169840887,200,
1782389236.289032,1782389236.731389,442.3577080015093,200,
1782389236.296514,1782389236.73188,435.36754098022357,200,
1782389236.2915032,1782389236.7324002,440.899083041586,200,
1782389236.2863371,1782389236.7387142,452.3779169539921,200,
1782389236.283743,1782389236.755191,471.44962497986853,200,
1782389236.284925,1782389236.756135,471.21179196983576,200,
1782389236.294837,1782389236.7615402,466.7040840140544,200,
1782389236.29319,1782389236.7645838,471.3959170039743,200,
1782389236.2920692,1782389236.765517,473.45074999611825,200,
1782389236.290907,1782389236.768333,477.4270830093883,200,
1782389236.295972,1782389236.785631,489.661542000249,200,
1782389236.286892,1782389236.791636,504.74441604455933,200,
1782389236.294299,1782389236.804194,509.8971659899689,200,
1782389236.288477,1782389236.825374,536.8996249744669,200,
1782389236.287424,1782389236.8273191,539.8977500153705,200,
1782389236.295408,1782389236.838463,543.058084032964,200,
1782389236.287967,1782389236.8412108,553.2477090018801,200,
1782389236.2856221,1782389236.84227,556.651332997717,200,
1782389236.2902489,1782389236.843266,553.020374965854,200,
1782389237.284215,1782389237.484952,200.73645800584927,200,
1782389237.283086,1782389237.577945,294.85891602234915,200,
1782389237.2854002,1782389237.600348,314.9473749799654,200,
1782389237.294474,1782389237.6304178,335.9458339982666,200,
1782389237.2914681,1782389237.6600409,368.57354105450213,200,
1782389237.2862809,1782389237.703168,416.8878750060685,200,
1782389237.2903008,1782389237.765719,475.4184589837678,200,
1782389237.292233,1782389237.845197,552.9644170310348,200,
1782389237.2993028,1782389237.8619368,562.6361250178888,200,
1782389237.287585,1782389237.866482,578.8985840044916,200,
1782389237.2973492,1782389237.875912,578.5650829784572,200,
1782389237.29586,1782389237.878598,582.7401659917086,200,
1782389237.297933,1782389237.885833,587.9027919727378,200,
1782389237.2939148,1782389237.911196,617.2839170321822,200,
1782389237.288335,1782389237.912342,624.0103750023991,200,
1782389237.284826,1782389237.935231,650.4073750111274,200,
1782389237.290915,1782389237.937302,646.3887499994598,200,
1782389237.286962,1782389237.975897,688.9390000142157,200,
1782389237.289556,1782389237.981892,692.3372499877587,200,
1782389237.298541,1782389237.98992,691.3827089592814,200,
1782389237.2966259,1782389237.991349,694.7269999654964,200,
1782389237.29281,1782389238.000005,707.1997500024736,200,
1782389237.29517,1782389238.000441,705.2752919844352,200,
1782389237.293401,1782389238.0036101,710.213374986779,200,
1782389237.2889018,1782389238.0044,715.5027909902856,200,
1782389238.2844958,1782389238.3716621,87.16516697313637,200,
1782389238.28796,1782389238.3811462,93.18566700676456,200,
1782389238.2930088,1782389238.41771,124.70162496902049,200,
1782389238.285702,1782389238.425815,140.11241699336097,200,
1782389238.287372,1782389238.426879,139.5062500378117,200,
1782389238.289414,1782389238.4878001,198.3849999960512,200,
1782389238.2918441,1782389238.572845,280.9997499571182,200,
1782389238.29363,1782389238.582983,289.3520839861594,200,
1782389238.2962182,1782389238.584446,288.2277499884367,200,
1782389238.2974138,1782389238.5918489,294.43395894486457,200,
1782389238.286494,1782389238.5981529,311.66016694623977,200,
1782389238.300204,1782389238.638168,337.9642079817131,200,
1782389238.29969,1782389238.670769,371.07925000600517,200,
1782389238.2907069,1782389238.697226,406.5202500205487,200,
1782389238.292362,1782389238.715712,423.3512919745408,200,
1782389238.2947478,1782389238.72112,426.3722500181757,200,
1782389238.2900941,1782389238.7225258,432.43216699920595,200,
1782389238.2913458,1782389238.74289,451.5449170139618,200,
1782389238.298626,1782389238.744915,446.289915998932,200,
1782389238.288613,1782389238.758791,470.17962497193366,200,
1782389238.299148,1782389238.781701,482.5548749649897,200,
1782389238.298037,1782389238.783508,485.4737499845214,200,
1782389238.296777,1782389238.787731,490.95483304699883,200,
1782389238.294187,1782389238.789435,495.2504169777967,200,
1782389238.2955241,1782389238.7962172,500.6952499970794,200,
1782389239.2855911,1782389239.3733451,87.75258401874453,200,
1782389239.289224,1782389239.4190772,129.85283299349248,200,
1782389239.2883682,1782389239.463664,175.29520799871534,200,
1782389239.286769,1782389239.4924932,205.72304195957258,200,
1782389239.2905018,1782389239.672808,382.3071249644272,200,
1782389239.29685,1782389239.748698,451.8486250308342,200,
1782389239.292796,1782389239.792059,499.26324997795746,200,
1782389239.295597,1782389239.798975,503.3805000130087,200,
1782389239.291092,1782389239.8012319,510.1420420105569,200,
1782389239.287661,1782389239.853972,566.3127919542603,200,
1782389239.3004951,1782389239.872083,571.5902500087395,200,
1782389239.2999208,1782389239.8864799,586.5600829711184,200,
1782389239.296309,1782389239.89925,602.9428750043735,200,
1782389239.2937531,1782389239.9041762,610.4251659708098,200,
1782389239.299525,1782389239.905005,605.4836660041474,200,
1782389239.289899,1782389239.9301162,640.2202500030398,200,
1782389239.292264,1782389239.934305,642.0425000251271,200,
1782389239.2916071,1782389240.005635,714.0317909652367,200,
1782389239.294462,1782389240.0401332,745.6735000014305,200,
1782389239.29856,1782389240.0419788,743.4229170321487,200,
1782389239.2950358,1782389240.0620348,767.0035840128548,200,
1782389239.293268,1782389240.064335,771.0701660253108,200,
1782389239.299047,1782389240.0776598,778.6177090019919,200,
1782389239.297407,1782389240.079474,782.06970798783,200,
1782389239.2979908,1782389240.087501,789.5147500094026,200,
1782389240.2868102,1782389240.404068,117.25637497147545,200,
1782389240.287937,1782389240.43087,142.93249999172986,200,
1782389240.292414,1782389240.454598,162.18395804753527,200,
1782389240.290333,1782389240.569955,279.6218330040574,200,
1782389240.302222,1782389240.660168,357.9469170072116,200,
1782389240.298707,1782389240.677962,379.2557909619063,200,
1782389240.2943401,1782389240.6783931,384.0545000275597,200,
1782389240.295624,1782389240.687444,391.8202500208281,200,
1782389240.295014,1782389240.706454,411.4419160177931,200,
1782389240.2888918,1782389240.708236,419.3451669998467,200,
1782389240.302815,1782389240.710111,407.2965419618413,200,
1782389240.301018,1782389240.728,426.9825409865007,200,
1782389240.293654,1782389240.746937,453.28433299437165,200,
1782389240.289506,1782389240.749695,460.1899579865858,200,
1782389240.299366,1782389240.759186,459.82124999864027,200,
1782389240.2916732,1782389240.766006,474.3354590027593,200,
1782389240.296928,1782389240.76769,470.76358302729204,200,
1782389240.298209,1782389240.769279,471.0716250119731,200,
1782389240.300436,1782389240.770795,470.36145901074633,200,
1782389240.291109,1782389240.771631,480.52425001515076,200,
1782389240.297517,1782389240.772556,475.0422919751145,200,
1782389240.3015292,1782389240.773206,471.67829202953726,200,
1782389240.299862,1782389240.77425,474.39058299642056,200,
1782389240.293059,1782389240.775243,482.1867920109071,200,
1782389240.2963479,1782389240.78512,488.7746670283377,200,
1782389241.287352,1782389241.379071,91.71775000868365,200,
1782389241.288457,1782389241.399895,111.4368750131689,200,
1782389241.290831,1782389241.423638,132.80466594733298,200,
1782389241.292944,1782389241.4276748,134.73066600272432,200,
1782389241.2969441,1782389241.4947178,197.7723750169389,200,
1782389241.302498,1782389241.5493171,246.81899999268353,200,
1782389241.290113,1782389241.586884,296.75858397968113,200,
1782389241.28922,1782389241.588701,299.4806249625981,200,
1782389241.304644,1782389241.6013498,296.7048329883255,200,
1782389241.2994702,1782389241.6306581,331.18762500816956,200,
1782389241.300139,1782389241.6404102,340.27095901547,200,
1782389241.292317,1782389241.6563442,364.02445897692814,200,
1782389241.2955022,1782389241.719501,423.99900004966184,200,
1782389241.303278,1782389241.7715368,468.2604999979958,200,
1782389241.298858,1782389241.790899,492.0422499999404,200,
1782389241.2941718,1782389241.801576,507.4067920213565,200,
1782389241.2915368,1782389241.803118,511.58283301629126,200,
1782389241.3039339,1782389241.832576,528.6435420275666,200,
1782389241.300768,1782389241.844469,543.7022909754887,200,
1782389241.294813,1782389241.855358,560.5466669658199,200,
1782389241.297523,1782389241.8576372,560.1154589676298,200,
1782389241.3014588,1782389241.891948,590.4909169767052,200,
1782389241.301984,1782389241.893824,591.8436250067316,200,
1782389241.296303,1782389241.896018,599.7182909632102,200,
1782389241.298207,1782389241.900073,601.8690830096602,200,
1782389242.2919328,1782389242.763328,471.39708301983774,200,
1782389242.2898118,1782389242.9460962,656.2869580229744,200,
1782389242.293649,1782389242.981458,687.8111659898423,200,
1782389242.305213,1782389243.050615,745.4057079739869,200,
1782389242.303338,1782389243.1117911,808.4557079710066,500,
1782389242.291303,1782389243.117414,826.1161249829456,500,
1782389242.294313,1782389243.120339,826.0306669981219,500,
1782389242.30393,1782389243.12188,817.9533749935217,500,
1782389242.298822,1782389243.124164,825.3458339604549,500,
1782389242.304503,1782389243.125217,820.7182089681737,500,
1782389242.295786,1782389243.127445,831.6633750218898,500,
1782389242.3025851,1782389243.14106,838.4782919893041,500,
1782389242.2885602,1782389243.141931,853.3752500079572,500,
1782389242.2950988,1782389243.146165,851.0707090026699,500,
1782389242.301234,1782389243.147827,846.5978750027716,500,
1782389242.298059,1782389243.167754,869.6989580057561,500,
1782389242.296451,1782389243.186526,890.0795829831623,500,
1782389242.30044,1782389243.215473,915.0381249492057,200,
1782389242.305835,1782389243.2220511,916.2214170210063,200,
1782389242.2931058,1782389243.269351,976.2498330092058,200,
1782389242.292566,1782389243.2787468,986.1864579725079,200,
1782389242.297157,1782389243.2817762,984.6249999827705,200,
1782389242.2907,1782389243.343801,1053.107124986127,200,
1782389242.3019001,1782389243.3447711,1042.8783330135047,200,
1782389242.2996259,1782389243.4730759,1173.4564999933355,200,
1782389243.298943,1782389243.496825,197.88237498141825,200,
1782389243.3044999,1782389243.55183,247.32929101446643,200,
1782389243.314678,1782389243.672553,357.87549999076873,200,
1782389243.302538,1782389243.704475,401.93833399098366,200,
1782389243.290219,1782389243.707264,417.04741696594283,200,
1782389243.333311,1782389243.777673,444.3624169798568,200,
1782389243.31668,1782389243.850228,533.5494999890216,200,
1782389243.2968378,1782389243.91224,615.404041018337,200,
1782389243.308332,1782389243.919421,611.0904579982162,200,
1782389243.310213,1782389243.9317482,621.5380000066943,200,
1782389243.3180401,1782389243.932845,614.8089579655789,200,
1782389243.292854,1782389244.03388,741.0279589821585,200,
1782389243.294636,1782389244.0528488,758.2168750232086,200,
1782389243.335142,1782389244.0550241,719.8847910040058,200,
1782389243.3006122,1782389244.10051,799.901458027307,200,
1782389243.3291688,1782389244.13009,800.9241659892723,200,
1782389243.3059468,1782389244.134437,828.4949579974636,200,
1782389243.3262348,1782389244.148618,822.3876670235768,200,
1782389243.319607,1782389244.1547709,835.1684999652207,200,
1782389243.324249,1782389244.1574101,833.1663749995641,200,
1782389243.321465,1782389244.165691,844.2312920233235,200,
1782389243.3313658,1782389244.1686258,837.2648749500513,200,
1782389243.312122,1782389244.180575,868.4573750360869,200,
1782389243.337319,1782389244.213136,875.8209999650717,200,
1782389243.327532,1782389244.2178009,890.2742499485612,200,
1782389244.290286,1782389244.390573,100.28449998935685,200,
1782389244.29119,1782389244.4299688,138.77675001276657,200,
1782389244.294623,1782389244.4583418,163.71799999615178,200,
1782389244.296652,1782389244.577334,280.6814160430804,200,
1782389244.2982888,1782389244.6174731,319.1856660414487,200,
1782389244.293078,1782389244.647578,354.5007499633357,200,
1782389244.301645,1782389244.660637,358.99333300767466,200,
1782389244.299126,1782389244.725711,426.5865840134211,200,
1782389244.2974799,1782389244.731759,434.28112496621907,200,
1782389244.2940722,1782389244.74108,447.0091250259429,200,
1782389244.303638,1782389244.753547,449.90929204504937,200,
1782389244.3059561,1782389244.7911959,485.24212499614805,200,
1782389244.2935839,1782389244.793223,499.6391250169836,200,
1782389244.292474,1782389244.794036,501.56462501036003,200,
1782389244.291757,1782389244.79491,503.15554201370105,200,
1782389244.2997959,1782389244.7958899,496.0957919829525,200,
1782389244.295398,1782389244.833389,537.9928330075927,200,
1782389244.300364,1782389244.8436952,543.3304170146585,200,
1782389244.304255,1782389244.845418,541.164625028614,200,
1782389244.3010309,1782389244.8479822,546.9526249798946,200,
1782389244.3048131,1782389244.8507898,545.9798749652691,200,
1782389244.305372,1782389244.852175,546.8061249703169,200,
1782389244.296115,1782389244.857565,561.4511250169016,200,
1782389244.302958,1782389244.862012,559.0543340076692,200,
1782389244.302185,1782389244.864514,562.3314999975264,200,
1782389245.2921758,1782389245.380661,88.48299999954179,200,
1782389245.291403,1782389245.387559,96.15358302835375,200,
1782389245.29355,1782389245.3999748,106.42225004266948,200,
1782389245.2931101,1782389245.438051,144.93966702139005,200,
1782389245.2982342,1782389245.457222,158.98633300093934,200,
1782389245.295288,1782389245.464169,168.88050001580268,200,
1782389245.294712,1782389245.4950242,200.31087496317923,200,
1782389245.304325,1782389245.582007,277.68133400240913,200,
1782389245.304805,1782389245.583924,279.1185419773683,200,
1782389245.296989,1782389245.5855181,288.52929204003885,200,
1782389245.297494,1782389245.6239831,326.48987497668713,200,
1782389245.295889,1782389245.663572,367.68308299360797,200,
1782389245.303349,1782389245.672339,368.99133399128914,200,
1782389245.302922,1782389245.673769,370.8486669929698,200,
1782389245.300684,1782389245.6751518,374.46820799959823,200,
1782389245.2926762,1782389245.677017,384.3420409830287,200,
1782389245.294094,1782389245.679152,385.05841698497534,200,
1782389245.3038561,1782389245.6871989,383.34470795234665,200,
1782389245.300056,1782389245.689517,389.4625829998404,200,
1782389245.3018482,1782389245.700473,398.6272499896586,200,
1782389245.301347,1782389245.705266,403.9205419830978,200,
1782389245.3023858,1782389245.71413,411.7452920181677,200,
1782389245.298748,1782389245.715262,416.5156250237487,200,
1782389245.299378,1782389245.71645,417.0740410336293,200,
1782389245.296468,1782389245.7275782,431.11254199175164,200,
1782389246.292563,1782389246.374955,82.390833995305,200,
1782389246.293647,1782389246.39069,97.04145800787956,200,
1782389246.296343,1782389246.411154,114.80804102029651,200,
1782389246.297902,1782389246.4312918,133.389291993808,200,
1782389246.295344,1782389246.438653,143.30770797096193,200,
1782389246.301625,1782389246.4519382,150.3130000201054,200,
1782389246.2985332,1782389246.466398,167.8646249929443,200,
1782389246.300349,1782389246.490287,189.9385830038227,200,
1782389246.304739,1782389246.551528,246.7887910315767,200,
1782389246.294317,1782389246.5696929,275.3751249983907,200,
1782389246.307425,1782389246.6180859,310.6604589847848,200,
1782389246.3091068,1782389246.624077,314.97000000672415,200,
1782389246.308013,1782389246.6248288,316.81699998443946,200,
1782389246.3022668,1782389246.644932,342.66479196958244,200,
1782389246.306001,1782389246.6495428,343.54187501594424,200,
1782389246.30533,1782389246.668437,363.1071250420064,200,
1782389246.3040562,1782389246.6753302,371.27391702961177,200,
1782389246.299754,1782389246.6776378,377.88374995579943,200,
1782389246.306782,1782389246.6810958,374.31487505091354,200,
1782389246.302859,1782389246.683507,380.6497079785913,200,
1782389246.299263,1782389246.685178,385.9156249673106,200,
1782389246.297214,1782389246.689595,392.38316705450416,200,
1782389246.303395,1782389246.695767,392.37458404386416,200,
1782389246.300931,1782389246.696934,396.0041659884155,200,
1782389246.308619,1782389246.709791,401.17412502877414,200,
1782389247.294227,1782389247.398135,103.90687501057982,200,
1782389247.2930849,1782389247.399366,106.28058400470763,200,
1782389247.30146,1782389247.476115,174.65474997879937,200,
1782389247.2984881,1782389247.5212932,222.80500002671033,200,
1782389247.296555,1782389247.549052,252.49741703737527,200,
1782389247.2958431,1782389247.568531,272.6875420194119,200,
1782389247.2979531,1782389247.584746,286.79208300309256,200,
1782389247.2950559,1782389247.618512,323.4563340083696,200,
1782389247.304585,1782389247.6192582,314.67420898843557,200,
1782389247.308863,1782389247.6856189,376.75729097099975,200,
1782389247.303297,1782389247.70251,399.21412500552833,200,
1782389247.303908,1782389247.716867,412.95991704100743,200,
1782389247.297366,1782389247.7186592,421.2939160061069,200,
1782389247.306446,1782389247.720512,414.06766697764397,200,
1782389247.307628,1782389247.723424,415.79591698246077,200,
1782389247.307076,1782389247.725678,418.6041670036502,200,
1782389247.302782,1782389247.726893,424.1133749601431,200,
1782389247.305185,1782389247.742291,437.10775004001334,200,
1782389247.299038,1782389247.744982,445.9465000545606,200,
1782389247.305723,1782389247.747794,442.07141699735075,200,
1782389247.300311,1782389247.749303,448.99341702694073,200,
1782389247.299667,1782389247.7535338,453.867792035453,200,
1782389247.3083122,1782389247.7547252,446.41475001117215,200,
1782389247.30094,1782389247.7739289,472.99154102802277,200,
1782389247.302013,1782389247.777233,475.22249998291954,200,
1782389248.294251,1782389248.444969,150.71637503569946,200,
1782389248.2955022,1782389248.472846,177.34295799164101,200,
1782389248.30214,1782389248.5616121,259.4717080355622,200,
1782389248.2980008,1782389248.578592,280.59054201003164,200,
1782389248.299459,1782389248.63665,337.1914160088636,200,
1782389248.303319,1782389248.642783,339.4635409931652,200,
1782389248.309481,1782389248.645901,336.4215830224566,200,
1782389248.3002298,1782389248.647528,347.299084009137,200,
1782389248.2963479,1782389248.6480331,351.68695804895833,200,
1782389248.3044071,1782389248.649096,344.6893749642186,200,
1782389248.297268,1782389248.651127,353.86049997759983,200,
1782389248.310588,1782389248.652517,341.9299579691142,200,
1782389248.301492,1782389248.654358,352.8671250096522,200,
1782389248.298669,1782389248.655273,356.605666980613,200,
1782389248.303902,1782389248.666446,362.54354199627414,200,
1782389248.3083022,1782389248.668295,359.99395803082734,200,
1782389248.308905,1782389248.6702578,361.35387496324256,200,
1782389248.305016,1782389248.674454,369.4397500366904,200,
1782389248.3100522,1782389248.675607,365.55662495084107,200,
1782389248.305548,1782389248.676341,370.7948750234209,200,
1782389248.3061981,1782389248.6777768,371.5816250187345,200,
1782389248.306837,1782389248.678177,371.34229199728,200,
1782389248.3075268,1782389248.6790662,371.54091702541336,200,
1782389248.300888,1782389248.691593,390.7048749970272,200,
1782389248.3027341,1782389248.703943,401.21166699100286,200,
1782389249.296452,1782389249.391219,94.76516704307869,200,
1782389249.297489,1782389249.401201,103.70995895937085,200,
1782389249.2997818,1782389249.4180758,118.29245800618082,200,
1782389249.305174,1782389249.454025,148.85058399522677,200,
1782389249.301732,1782389249.475531,173.79804200027138,200,
1782389249.308486,1782389249.4789,170.41249998146668,200,
1782389249.303781,1782389249.552612,248.83150000823662,200,
1782389249.301228,1782389249.5614989,260.2713329833932,200,
1782389249.2983968,1782389249.569294,270.8962920005433,200,
1782389249.305865,1782389249.6524,346.5369169716723,200,
1782389249.307752,1782389249.653135,345.38537496700883,200,
1782389249.311021,1782389249.6657631,354.7427079756744,200,
1782389249.306438,1782389249.678949,372.512582980562,200,
1782389249.312315,1782389249.6843698,372.0562499947846,200,
1782389249.295365,1782389249.702775,407.4110829969868,200,
1782389249.299207,1782389249.7042382,405.03279195399955,200,
1782389249.303057,1782389249.753509,450.4547910182737,200,
1782389249.302356,1782389249.754987,452.633082983084,200,
1782389249.31166,1782389249.8063931,494.73483400652185,200,
1782389249.310438,1782389249.808647,498.2105419621803,200,
1782389249.3098419,1782389249.813371,503.5294590052217,200,
1782389249.307164,1782389249.819134,511.9734170148149,200,
1782389249.3092449,1782389249.821595,512.3526670504361,200,
1782389249.304508,1782389249.822827,518.3224169886671,200,
1782389249.300511,1782389249.828486,527.978207974229,200,
1782389250.2965498,1782389250.393312,96.76033299183473,200,
1782389250.297577,1782389250.45508,157.50133304391056,200,
1782389250.301328,1782389250.47492,173.59066696371883,200,
1782389250.304683,1782389250.565975,261.2884580157697,200,
1782389250.3008158,1782389250.567234,266.418875020463,200,
1782389250.299654,1782389250.602805,303.1515839975327,200,
1782389250.307779,1782389250.6380858,330.3063329658471,200,
1782389250.2983308,1782389250.6508758,352.5454580085352,200,
1782389250.311765,1782389250.659629,347.8637910448015,200,
1782389250.305464,1782389250.67325,367.7864579949528,200,
1782389250.310006,1782389250.687958,377.95254203956574,200,
1782389250.2991118,1782389250.689536,390.4207079904154,200,
1782389250.308843,1782389250.69135,382.50824995338917,200,
1782389250.308342,1782389250.7120059,403.6635419470258,200,
1782389250.302613,1782389250.723187,420.57400004705414,200,
1782389250.3066082,1782389250.729717,423.10962500050664,200,
1782389250.307242,1782389250.7318678,424.6263750246726,200,
1782389250.3019772,1782389250.7468631,444.8869170155376,200,
1782389250.311254,1782389250.77002,458.7674170034006,200,
1782389250.304092,1782389250.7845492,480.45766598079354,200,
1782389250.310594,1782389250.786473,475.88012501364574,200,
1782389250.3033972,1782389250.795894,492.49816697556525,200,
1782389250.3002849,1782389250.797632,497.3491669516079,200,
1782389250.3094132,1782389250.798708,489.29825000232086,200,
1782389250.3060741,1782389250.804287,498.21550003252923,200,
1782389251.297685,1782389251.37939,81.7026249715127,200,
1782389251.2986581,1782389251.392305,93.64475001348183,200,
1782389251.29993,1782389251.470002,170.07125000236556,200,
1782389251.302377,1782389251.527589,225.21079098805785,200,
1782389251.3101408,1782389251.552503,242.3618330503814,200,
1782389251.3005261,1782389251.5832498,282.72374998778105,200,
1782389251.3058019,1782389251.596211,290.40683299535885,200,
1782389251.3017,1782389251.6004028,298.7028749776073,200,
1782389251.3088892,1782389251.640339,331.4495829981752,200,
1782389251.299312,1782389251.673377,374.064665986225,200,
1782389251.304479,1782389251.675568,371.0904999752529,200,
1782389251.3050969,1782389251.685415,380.31787500949576,200,
1782389251.303852,1782389251.6872141,383.3633749745786,200,
1782389251.309559,1782389251.689409,379.85029199626297,200,
1782389251.3130019,1782389251.690251,377.24987498950213,200,
1782389251.3107169,1782389251.712034,401.31774998735636,200,
1782389251.307126,1782389251.718116,410.99191701505333,200,
1782389251.312382,1782389251.7223759,409.9953330005519,200,
1782389251.3011122,1782389251.723569,422.4601250025444,200,
1782389251.311796,1782389251.726829,415.03362503135577,200,
1782389251.303139,1782389251.7302709,427.1344590233639,200,
1782389251.306485,1782389251.736358,429.872874985449,200,
1782389251.308326,1782389251.74053,432.2063750005327,200,
1782389251.3077629,1782389251.748022,440.260290983133,200,
1782389251.311276,1782389251.7549398,443.666416045744,200,
1782389252.298818,1782389252.3917708,92.95004099840298,200,
1782389252.299789,1782389252.399385,99.59379199426621,200,
1782389252.303966,1782389252.4283361,124.36812499072403,200,
1782389252.3010619,1782389252.457738,156.6749589983374,200,
1782389252.313785,1782389252.545896,232.111084042117,200,
1782389252.30044,1782389252.546604,246.16454099304974,200,
1782389252.307303,1782389252.54804,240.73704099282622,200,
1782389252.3143208,1782389252.597128,282.80662500765175,200,
1782389252.305992,1782389252.597627,291.63529200013727,200,
1782389252.309588,1782389252.609258,299.66962500475347,200,
1782389252.3113751,1782389252.617392,306.01733399089426,200,
1782389252.310099,1782389252.620553,310.45329198241234,200,
1782389252.303371,1782389252.628646,325.2736660069786,200,
1782389252.3078778,1782389252.635669,327.79108302202076,200,
1782389252.3084748,1782389252.63995,331.47487498354167,200,
1782389252.312608,1782389252.656353,343.74545799801126,200,
1782389252.302774,1782389252.6578372,355.06425000494346,200,
1782389252.309057,1782389252.6591911,350.13487498508766,200,
1782389252.301971,1782389252.663439,361.4687499939464,200,
1782389252.313198,1782389252.664897,351.69899999164045,200,
1782389252.305224,1782389252.668546,363.3237089961767,200,
1782389252.3045728,1782389252.669438,364.86766597954556,200,
1782389252.312031,1782389252.698205,386.17499999236315,200,
1782389252.310697,1782389252.718677,407.9817089950666,200,
1782389252.3066711,1782389252.724272,417.60304203489795,200,
1782389253.2991831,1782389253.3815,82.31433300534263,200,
1782389253.304487,1782389253.393441,88.95204198779538,200,
1782389253.300113,1782389253.407157,107.04225004883483,200,
1782389253.307879,1782389253.426782,118.90174995642155,200,
1782389253.301516,1782389253.4597619,158.24474999681115,200,
1782389253.303506,1782389253.5459359,242.42974998196587,200,
1782389253.314919,1782389253.5759208,261.0017079859972,200,
1782389253.306473,1782389253.611295,304.82266598846763,200,
1782389253.310944,1782389253.625231,314.286999986507,200,
1782389253.302191,1782389253.6294248,327.23370898747817,200,
1782389253.3071969,1782389253.6314209,324.2243750137277,200,
1782389253.313707,1782389253.6378508,324.14520799648017,200,
1782389253.313238,1782389253.642657,329.418417008128,200,
1782389253.312232,1782389253.664765,352.5319170439616,200,
1782389253.312735,1782389253.670481,357.7460419619456,200,
1782389253.314247,1782389253.673088,358.8412500103004,200,
1782389253.305839,1782389253.674319,368.48087498219684,200,
1782389253.311525,1782389253.676794,365.26962503558025,200,
1782389253.3084302,1782389253.6778188,369.3906250409782,200,
1782389253.310251,1782389253.6875892,377.3394160089083,200,
1782389253.300736,1782389253.7053819,404.64725001947954,200,
1782389253.30284,1782389253.7110589,408.21983298519626,200,
1782389253.309008,1782389253.720067,411.0605409950949,200,
1782389253.305221,1782389253.721059,415.83970800274983,200,
1782389253.309644,1782389253.7262368,416.59520799294114,200,
1782389254.301568,1782389254.393118,91.5477080270648,200,
1782389254.300319,1782389254.399786,99.46512500755489,200,
1782389254.305778,1782389254.4049542,99.17387500172481,200,
1782389254.303636,1782389254.4217129,118.0760000133887,200,
1782389254.305009,1782389254.435777,130.76549995457754,200,
1782389254.302242,1782389254.4774652,175.22337497211993,200,
1782389254.309442,1782389254.479875,170.43312499299645,200,
1782389254.3119922,1782389254.5557299,243.73741599265486,200,
1782389254.3081431,1782389254.590134,281.9906250224449,200,
1782389254.316025,1782389254.591601,275.57629195507616,200,
1782389254.302918,1782389254.595337,292.418249999173,200,
1782389254.312714,1782389254.60397,291.25591699266806,200,
1782389254.316569,1782389254.62877,312.2007500496693,200,
1782389254.3114119,1782389254.630846,319.4335420266725,200,
1782389254.315423,1782389254.648669,333.24829099001363,200,
1782389254.308851,1782389254.649842,340.99229198182,200,
1782389254.31019,1782389254.653192,343.0030000163242,200,
1782389254.314066,1782389254.65408,340.01604199875146,200,
1782389254.317224,1782389254.657821,340.5983329867013,200,
1782389254.31083,1782389254.658323,347.4952910328284,200,
1782389254.307379,1782389254.66338,356.00216599414125,200,
1782389254.306705,1782389254.664175,357.47254197485745,200,
1782389254.304362,1782389254.667186,362.82570799812675,200,
1782389254.31341,1782389254.671957,358.5482090129517,200,
1782389254.3147352,1782389254.676137,361.4039579988457,200,
1782389255.301441,1782389255.390283,88.83912500459701,200,
1782389255.302319,1782389255.406579,104.2594580212608,200,
1782389255.3047612,1782389255.4074821,102.72195801371709,200,
1782389255.303987,1782389255.425715,121.72558304155245,200,
1782389255.309719,1782389255.463729,154.00824998505414,200,
1782389255.3124769,1782389255.5934541,280.97699995851144,200,
1782389255.3068511,1782389255.602858,296.00687499623746,200,
1782389255.316492,1782389255.6201248,303.6320829996839,200,
1782389255.305522,1782389255.629747,324.2246250156313,200,
1782389255.306261,1782389255.633793,327.53158401465043,200,
1782389255.311907,1782389255.6619031,349.99654098646715,200,
1782389255.3172648,1782389255.6759949,358.70608303230256,200,
1782389255.314412,1782389255.711657,397.24566595396027,200,
1782389255.315844,1782389255.726356,410.5125830392353,200,
1782389255.3031108,1782389255.7282639,425.15345802530646,200,
1782389255.3131058,1782389255.730048,416.9437500531785,200,
1782389255.313725,1782389255.738493,424.7697499813512,200,
1782389255.3086221,1782389255.7593012,450.6794579792768,200,
1782389255.309186,1782389255.7665422,457.35583401983604,200,
1782389255.310818,1782389255.781059,470.24266701191664,200,
1782389255.308008,1782389255.8093572,501.34937500115484,200,
1782389255.3073962,1782389255.8134751,506.0799589846283,200,
1782389255.3151731,1782389255.845966,530.7944160304032,200,
1782389255.3113909,1782389255.865831,554.4426660053432,200,
1782389255.31027,1782389255.866712,556.4447920187376,200,
1782389256.302193,1782389256.395063,92.86858403356746,200,
1782389256.305835,1782389256.40975,103.91329199774191,200,
1782389256.3077812,1782389256.491075,183.29474999336526,200,
1782389256.303086,1782389256.537371,234.28495798725635,200,
1782389256.304993,1782389256.581322,276.32908400846645,200,
1782389256.304099,1782389256.5829859,278.88716699089855,200,
1782389256.3105972,1782389256.585492,274.89462500670925,200,
1782389256.3165371,1782389256.587722,271.18475001771003,200,
1782389256.313151,1782389256.591509,278.3572080079466,200,
1782389256.307172,1782389256.679212,372.0409999950789,200,
1782389256.313613,1782389256.6927822,379.1698749992065,200,
1782389256.309448,1782389256.6933398,383.89383303001523,200,
1782389256.314564,1782389256.697122,382.5601249700412,200,
1782389256.311171,1782389256.7106261,399.44129198556766,200,
1782389256.3155599,1782389256.714611,399.05283303232864,200,
1782389256.309985,1782389256.7174249,407.44024998275563,200,
1782389256.315083,1782389256.7189279,403.8462499738671,200,
1782389256.314086,1782389256.723752,409.66816700529307,200,
1782389256.312652,1782389256.72944,416.789416980464,200,
1782389256.308358,1782389256.73034,421.98462499072775,200,
1782389256.308938,1782389256.733865,424.9286249978468,200,
1782389256.306517,1782389256.735504,428.9893750101328,200,
1782389256.312139,1782389256.736299,424.16220798622817,200,
1782389256.3160162,1782389256.7371461,421.13254201831296,200,
1782389256.31166,1782389256.7421598,430.50220800796524,200,
1782389257.302686,1782389257.414091,111.40433396212757,200,
1782389257.303515,1782389257.452725,149.2078750161454,200,
1782389257.3051798,1782389257.49333,188.14958404982463,200,
1782389257.3066828,1782389257.551094,244.41116699017584,200,
1782389257.304502,1782389257.5709581,266.45662501687184,200,
1782389257.304068,1782389257.625091,321.0237920284271,200,
1782389257.3110578,1782389257.6494458,338.38899998227134,200,
1782389257.310375,1782389257.6665049,356.13066697260365,200,
1782389257.306172,1782389257.676269,370.09787501301616,200,
1782389257.312664,1782389257.681091,368.42912499560043,200,
1782389257.308792,1782389257.6967711,387.9788749618456,200,
1782389257.314622,1782389257.709887,395.26608400046825,200,
1782389257.307214,1782389257.711573,404.35995801817626,200,
1782389257.309279,1782389257.7122838,403.0067499843426,200,
1782389257.3120918,1782389257.7164118,404.32191599393263,200,
1782389257.315233,1782389257.7202501,405.0189579720609,200,
1782389257.3115158,1782389257.7209961,409.4816659926437,200,
1782389257.309806,1782389257.721312,411.5088749676943,200,
1782389257.314164,1782389257.722495,408.3330000285059,200,
1782389257.3076942,1782389257.72483,417.1376249869354,200,
1782389257.315891,1782389257.727874,411.9847090332769,200,
1782389257.305738,1782389257.72859,422.85395797807723,200,
1782389257.3132899,1782389257.729287,415.9999580006115,200,
1782389257.313693,1782389257.7377431,424.0512080141343,200,
1782389257.3083131,1782389257.7429729,434.6627499908209,200,
1782389258.303165,1782389258.4014661,98.2979999971576,200,
1782389258.3040938,1782389258.405737,101.64079198148102,200,
1782389258.306096,1782389258.449226,143.12820800114423,200,
1782389258.308047,1782389258.459147,151.09858295181766,200,
1782389258.310975,1782389258.4660501,155.073290981818,200,
1782389258.30737,1782389258.5377831,230.41283298516646,200,
1782389258.318026,1782389258.542678,224.65158300474286,200,
1782389258.3141649,1782389258.561274,247.10812501143664,200,
1782389258.3053849,1782389258.5638871,258.5013749776408,200,
1782389258.313589,1782389258.619196,305.60800002422184,200,
1782389258.309665,1782389258.6205518,310.88729097973555,200,
1782389258.306669,1782389258.665994,359.3253329745494,200,
1782389258.318581,1782389258.67074,352.1594590274617,200,
1782389258.312345,1782389258.672645,360.30079098418355,200,
1782389258.3172748,1782389258.679253,361.9787500356324,200,
1782389258.3091142,1782389258.685392,376.2801249977201,200,
1782389258.308575,1782389258.686961,378.38775001000613,200,
1782389258.3166301,1782389258.688234,371.6051669907756,200,
1782389258.3129442,1782389258.6893702,376.4279169845395,200,
1782389258.3115578,1782389258.6907141,379.15816699387506,200,
1782389258.3103418,1782389258.699701,389.36029199976474,200,
1782389258.304699,1782389258.7047691,400.0711659900844,200,
1782389258.3153942,1782389258.707814,392.4212920246646,200,
1782389258.3147562,1782389258.708732,393.9783329842612,200,
1782389258.316096,1782389258.714226,398.1324170017615,200,
1782389259.303936,1782389259.392767,88.8292090385221,200,
1782389259.3065548,1782389259.3958669,89.30987498024479,200,
1782389259.304766,1782389259.396754,91.98737499536946,200,
1782389259.305832,1782389259.445046,139.21225001104176,200,
1782389259.311297,1782389259.4458082,134.51108295703307,200,
1782389259.3080142,1782389259.472429,164.41304102772847,200,
1782389259.310281,1782389259.527073,216.7924580280669,200,
1782389259.307296,1782389259.535275,227.97829104820266,200,
1782389259.317088,1782389259.5435038,226.41525004291907,200,
1782389259.3135319,1782389259.547338,233.80554100731388,200,
1782389259.314128,1782389259.552703,238.57433296507224,200,
1782389259.308585,1782389259.573121,264.5352499675937,200,
1782389259.3119419,1782389259.585922,273.98025000002235,200,
1782389259.31568,1782389259.6520672,336.38658298878,200,
1782389259.312504,1782389259.659415,346.9119159854017,200,
1782389259.309162,1782389259.660384,351.22362500987947,200,
1782389259.316195,1782389259.660815,344.62170902406797,200,
1782389259.309634,1782389259.662345,352.7119579957798,200,
1782389259.310817,1782389259.663651,352.83529199659824,200,
1782389259.3052769,1782389259.667609,362.33379098121077,200,
1782389259.3175628,1782389259.6684852,350.92483402695507,200,
1782389259.313044,1782389259.674228,361.1853330512531,200,
1782389259.314673,1782389259.6815512,366.88058299478143,200,
1782389259.31517,1782389259.682313,367.1455839648843,200,
1782389259.3166459,1782389259.695803,379.1584589635022,200,
1782389260.305063,1782389260.394551,89.48600001167506,200,
1782389260.305902,1782389260.4138181,107.91295801755041,200,
1782389260.309369,1782389260.436945,127.57420801790431,200,
1782389260.30788,1782389260.450471,142.59025000501424,200,
1782389260.3072908,1782389260.457891,150.59949998976663,200,
1782389260.308893,1782389260.498826,189.93145797867328,200,
1782389260.318115,1782389260.5648088,246.69329199241474,200,
1782389260.314104,1782389260.5662131,252.10854201577604,200,
1782389260.312545,1782389260.568755,256.20916701154783,200,
1782389260.306664,1782389260.569349,262.68595800502226,200,
1782389260.314582,1782389260.5795782,264.9949999758974,200,
1782389260.310907,1782389260.5812328,270.32562502427027,200,
1782389260.31038,1782389260.6125062,302.12554201716557,200,
1782389260.317066,1782389260.6157691,298.7033749814145,200,
1782389260.308408,1782389260.634756,326.3484169729054,200,
1782389260.313025,1782389260.635632,322.6081670145504,200,
1782389260.315608,1782389260.637563,321.95583399152383,200,
1782389260.312045,1782389260.6395662,327.5213750312105,200,
1782389260.3135319,1782389260.658776,345.2434170176275,200,
1782389260.311469,1782389260.66148,350.01179203391075,200,
1782389260.315111,1782389260.667165,352.0541249890812,200,
1782389260.317609,1782389260.668597,350.9887919644825,200,
1782389260.316588,1782389260.669525,352.93883294798434,200,
1782389260.3098319,1782389260.670277,360.4468330158852,200,
1782389260.316096,1782389260.67889,362.79587500030175,200,
1782389261.306189,1782389261.398459,92.2681659576483,200,
1782389261.3070898,1782389261.410374,103.28204202232882,200,
1782389261.311218,1782389261.454328,143.10862496495247,200,
1782389261.309283,1782389261.456109,146.82612498290837,200,
1782389261.3138418,1782389261.4812732,167.43020800640807,200,
1782389261.310606,1782389261.54043,229.82283303281292,200,
1782389261.308662,1782389261.586168,277.5055840029381,200,
1782389261.316878,1782389261.5961568,279.2797919828445,200,
1782389261.320847,1782389261.6437309,322.88499997230247,200,
1782389261.307956,1782389261.645511,337.5553750083782,200,
1782389261.312806,1782389261.646304,333.4992500022054,200,
1782389261.318027,1782389261.6568818,338.8552090036683,200,
1782389261.31495,1782389261.667897,352.94779198011383,200,
1782389261.316318,1782389261.669164,352.84775000764057,200,
1782389261.3192031,1782389261.677978,358.77475002780557,200,
1782389261.3099341,1782389261.679446,369.5130830164999,200,
1782389261.312279,1782389261.6942348,381.9579589762725,200,
1782389261.3156438,1782389261.703873,388.2294159848243,200,
1782389261.3143628,1782389261.7065642,392.2017919830978,200,
1782389261.320319,1782389261.709405,389.08845896366984,200,
1782389261.317462,1782389261.710706,393.2452090084553,200,
1782389261.318593,1782389261.714954,396.3622080045752,200,
1782389261.313313,1782389261.7265291,413.21741603314877,200,
1782389261.3198268,1782389261.7304142,410.5899580172263,200,
1782389261.311759,1782389261.738364,426.6073750331998,200,
1782389262.307302,1782389262.445039,137.73570902412757,200,
1782389262.309749,1782389262.467906,158.15604198724031,200,
1782389262.30811,1782389262.543799,235.687583044637,200,
1782389262.319882,1782389262.5454972,225.61550000682473,200,
1782389262.314157,1782389262.585485,271.3276249705814,200,
1782389262.316774,1782389262.6164858,299.71150000346825,200,
1782389262.3086789,1782389262.6250181,316.3382080383599,200,
1782389262.315285,1782389262.6444259,329.1419169981964,200,
1782389262.316279,1782389262.670933,354.6541249961592,200,
1782389262.313024,1782389262.673526,360.50224996870384,200,
1782389262.312494,1782389262.674768,362.27445903932676,200,
1782389262.311373,1782389262.69027,378.8975829957053,200,
1782389262.3147578,1782389262.698408,383.6509159882553,200,
1782389262.315773,1782389262.699212,383.4404580411501,200,
1782389262.313636,1782389262.70114,387.50479102600366,200,
1782389262.318845,1782389262.707905,389.05279198661447,200,
1782389262.3092191,1782389262.709325,400.10754100512713,200,
1782389262.310271,1782389262.712936,402.6667079888284,200,
1782389262.310817,1782389262.713822,403.00687501439825,200,
1782389262.320365,1782389262.717298,396.9348329701461,200,
1782389262.311913,1782389262.7281952,416.2830419954844,200,
1782389262.31727,1782389262.729846,412.5762500334531,200,
1782389262.317769,1782389262.738633,420.8662089658901,200,
1782389262.3183072,1782389262.7394161,421.11158301122487,200,
1782389262.319394,1782389262.748563,429.1719169705175,200,
1782389263.309584,1782389263.4268951,117.30920796981081,200,
1782389263.3086689,1782389263.4585862,149.9167499714531,200,
1782389263.313222,1782389263.481973,168.75033295946196,200,
1782389263.3102021,1782389263.569737,259.53416695119813,200,
1782389263.31262,1782389263.573979,261.3588340464048,200,
1782389263.314928,1782389263.622117,307.189166021999,200,
1782389263.320516,1782389263.624467,303.9503749459982,200,
1782389263.3154712,1782389263.629992,314.52087505022064,200,
1782389263.322237,1782389263.645495,323.25849996414036,200,
1782389263.31145,1782389263.6471019,335.65312501741573,200,
1782389263.3143868,1782389263.665188,350.8010419900529,200,
1782389263.312035,1782389263.670448,358.414999966044,200,
1782389263.318398,1782389263.672849,354.4512080261484,200,
1782389263.3216481,1782389263.686465,364.81695802649483,200,
1782389263.317051,1782389263.6921,375.0513750128448,200,
1782389263.316494,1782389263.69344,376.9467920064926,200,
1782389263.318908,1782389263.699662,380.7546669850126,200,
1782389263.310853,1782389263.702028,391.1768330144696,200,
1782389263.315991,1782389263.7034738,387.4827080289833,200,
1782389263.3177412,1782389263.723056,405.31691594514996,200,
1782389263.3211021,1782389263.7356212,414.5212910370901,200,
1782389263.313795,1782389263.739128,425.3350000362843,200,
1782389263.319937,1782389263.74252,422.5855839904398,200,
1782389263.322786,1782389263.7544918,431.70804099645466,200,
1782389263.319396,1782389263.7671602,447.7671249769628,200,
1782389264.309066,1782389264.40062,91.55145904514939,200,
1782389264.3106189,1782389264.409305,98.6837079981342,200,
1782389264.3124218,1782389264.454441,142.0172920334153,200,
1782389264.3144598,1782389264.4727402,158.2787079969421,200,
1782389264.3151832,1782389264.473944,158.761166036129,200,
1782389264.3131049,1782389264.513089,199.9835000024177,200,
1782389264.325723,1782389264.589545,263.82262498373166,200,
1782389264.323781,1782389264.5963478,272.5665000034496,200,
1782389264.31159,1782389264.5971909,285.60183400986716,200,
1782389264.325108,1782389264.6288881,303.7790830130689,200,
1782389264.3138392,1782389264.6393611,325.52266702987254,200,
1782389264.316514,1782389264.646345,329.8310829559341,200,
1782389264.324411,1782389264.64802,323.6088329576887,200,
1782389264.317179,1782389264.650759,333.5795839666389,200,
1782389264.319147,1782389264.666856,347.7101660100743,200,
1782389264.31845,1782389264.679778,361.3293339731172,200,
1782389264.323244,1782389264.692157,368.9127920079045,200,
1782389264.320993,1782389264.724457,403.4644999774173,200,
1782389264.322735,1782389264.729581,406.84775001136586,200,
1782389264.321534,1782389264.738723,417.1899590292014,200,
1782389264.319809,1782389264.761868,442.05879099899903,200,
1782389264.322019,1782389264.7876742,465.6573329702951,200,
1782389264.320369,1782389264.790747,470.3797919792123,200,
1782389264.317847,1782389264.803329,485.48395902616903,200,
1782389264.3159392,1782389264.804448,488.5110000032,200,
1782389265.30997,1782389265.393245,83.2736250013113,200,
1782389265.3113139,1782389265.398435,87.11870800470933,200,
1782389265.312423,1782389265.4529731,140.54904197109863,200,
1782389265.315041,1782389265.454299,139.257250004448,200,
1782389265.314433,1782389265.598996,284.5635840203613,200,
1782389265.315552,1782389265.60128,285.72816599626094,200,
1782389265.318388,1782389265.605729,287.341249990277,200,
1782389265.313138,1782389265.615772,302.6345419930294,200,
1782389265.317832,1782389265.670054,352.22158301621675,200,
1782389265.324797,1782389265.683172,358.37479098699987,200,
1782389265.322208,1782389265.684444,362.23733297083527,200,
1782389265.316771,1782389265.686733,369.9624160071835,200,
1782389265.317319,1782389265.688229,370.9107919712551,200,
1782389265.311925,1782389265.692636,380.71154098724946,200,
1782389265.3190882,1782389265.722311,403.22329197078943,200,
1782389265.31604,1782389265.724069,408.03079097531736,200,
1782389265.3205361,1782389265.732289,411.75237501738593,200,
1782389265.323693,1782389265.7754612,451.7701250151731,200,
1782389265.313882,1782389265.782654,468.75020797597244,200,
1782389265.323184,1782389265.784163,460.98100004019216,200,
1782389265.321609,1782389265.791428,469.82145798392594,200,
1782389265.324235,1782389265.7919722,467.7391669829376,200,
1782389265.321049,1782389265.792971,471.9239170080982,200,
1782389265.3199291,1782389265.799262,479.3354590074159,200,
1782389265.322734,1782389265.808896,486.16412497358397,200,
1782389266.312055,1782389266.39729,85.23233298910782,200,
1782389266.310905,1782389266.398479,87.57325005717576,200,
1782389266.314157,1782389266.415547,101.38841700972989,200,
1782389266.313472,1782389266.428475,115.00133300432935,200,
1782389266.3154628,1782389266.472237,156.77187498658895,200,
1782389266.3163898,1782389266.4838731,167.482209042646,200,
1782389266.323168,1782389266.509759,186.5898750256747,200,
1782389266.3200052,1782389266.559927,239.9209159775637,200,
1782389266.3127759,1782389266.576187,263.4108340134844,200,
1782389266.318614,1782389266.59618,277.56754198344424,200,
1782389266.318045,1782389266.5991879,281.14241699222475,200,
1782389266.3242261,1782389266.6036658,279.4394170050509,200,
1782389266.32598,1782389266.6235468,297.56654100492597,200,
1782389266.323756,1782389266.630914,307.1577500086278,200,
1782389266.314802,1782389266.644257,329.45449999533594,200,
1782389266.320576,1782389266.646179,325.5809170077555,200,
1782389266.3173041,1782389266.648316,331.01279102265835,200,
1782389266.3247921,1782389266.658974,334.18141602305695,200,
1782389266.322602,1782389266.661864,339.2625419655815,200,
1782389266.319309,1782389266.662762,343.4546669595875,200,
1782389266.322033,1782389266.663572,341.5409169974737,200,
1782389266.326599,1782389266.677244,350.6466660182923,200,
1782389266.325361,1782389266.6782222,352.86270797951147,200,
1782389266.3213272,1782389266.681716,360.39054195862263,200,
1782389266.327326,1782389266.6925068,365.1830420130864,200,
1782389267.312055,1782389267.392224,80.16720798332244,200,
1782389267.313504,1782389267.417078,103.572791966144,200,
1782389267.3175411,1782389267.431623,114.07995800254866,200,
1782389267.3149388,1782389267.448761,133.8210420217365,200,
1782389267.315634,1782389267.463201,147.5651670480147,200,
1782389267.3211782,1782389267.486122,164.94387504644692,200,
1782389267.3196712,1782389267.557355,237.6835000468418,200,
1782389267.316211,1782389267.600045,283.83295802632347,200,
1782389267.3243608,1782389267.601553,277.193125046324,200,
1782389267.328585,1782389267.61833,289.74391700467095,200,
1782389267.3143182,1782389267.629799,315.4813339933753,200,
1782389267.326464,1782389267.6319628,305.49962498480454,200,
1782389267.323733,1782389267.633506,309.77370898472145,200,
1782389267.329173,1782389267.641118,311.9452089886181,200,
1782389267.327904,1782389267.643014,315.1105419965461,200,
1782389267.316854,1782389267.6517491,334.8940830328502,200,
1782389267.321825,1782389267.695717,373.89149999944493,200,
1782389267.3188689,1782389267.706898,388.02829204360023,200,
1782389267.320392,1782389267.709043,388.6519999941811,200,
1782389267.3225112,1782389267.711058,388.54725001147017,200,
1782389267.32707,1782389267.729413,402.34358300222084,200,
1782389267.318232,1782389267.732866,414.6360839949921,200,
1782389267.32312,1782389267.740911,417.7921660011634,200,
1782389267.325004,1782389267.741782,416.78108397172764,200,
1782389267.325551,1782389267.749067,423.5185419674963,200,
1782389268.313165,1782389268.419583,106.41483298968524,200,
1782389268.3161201,1782389268.4341161,117.99412500113249,200,
1782389268.314071,1782389268.459975,145.90250002220273,200,
1782389268.3181078,1782389268.474793,156.6845839843154,200,
1782389268.317337,1782389268.5160372,198.6987919663079,200,
1782389268.315466,1782389268.536889,221.421750029549,200,
1782389268.320241,1782389268.607137,286.89533297438174,200,
1782389268.3167732,1782389268.617383,300.6099160411395,200,
1782389268.3237708,1782389268.699659,375.8886249852367,200,
1782389268.3232079,1782389268.7262888,403.08220899896696,200,
1782389268.324852,1782389268.7277231,402.8729580459185,200,
1782389268.32087,1782389268.729856,408.98720803670585,200,
1782389268.3147671,1782389268.7378728,423.10654098400846,200,
1782389268.3270888,1782389268.73983,412.742291984614,200,
1782389268.321558,1782389268.748063,426.5041659818962,200,
1782389268.325898,1782389268.7558599,429.96320902602747,200,
1782389268.325398,1782389268.7709389,445.54220797726884,200,
1782389268.328952,1782389268.776143,447.19237502431497,200,
1782389268.327688,1782389268.780245,452.55829201778397,200,
1782389268.326476,1782389268.805758,479.2846660129726,200,
1782389268.324301,1782389268.868442,544.1437080153264,200,
1782389268.322363,1782389268.869604,547.2435419796966,200,
1782389268.3283231,1782389268.8703291,542.0081249903888,200,
1782389268.319443,1782389268.8719249,552.4846669868566,200,
1782389268.318766,1782389268.872612,553.8495419896208,200,
1782389269.313827,1782389269.38675,72.92179198702797,200,
1782389269.3148491,1782389269.417075,102.22570801852271,200,
1782389269.316,1782389269.4285781,112.5764999887906,200,
1782389269.321543,1782389269.488317,166.7731250054203,200,
1782389269.31536,1782389269.563169,247.80991702573374,200,
1782389269.3165061,1782389269.568021,251.51454197475687,200,
1782389269.320812,1782389269.591831,271.01933397352695,200,
1782389269.3202019,1782389269.5961092,275.9063750272617,200,
1782389269.31826,1782389269.6297028,311.442292004358,200,
1782389269.325414,1782389269.641865,316.45104102790356,200,
1782389269.3278542,1782389269.653598,325.7446250063367,200,
1782389269.3176472,1782389269.66996,352.3132909904234,200,
1782389269.324436,1782389269.671571,347.1356249647215,200,
1782389269.323854,1782389269.676578,352.72374999476597,200,
1782389269.327222,1782389269.6883771,361.15479201544076,200,
1782389269.326524,1782389269.690835,364.3122910289094,200,
1782389269.3193102,1782389269.696393,377.0838749478571,200,
1782389269.3233988,1782389269.699126,375.72679098229855,200,
1782389269.3171132,1782389269.7011,383.9872080134228,200,
1782389269.326035,1782389269.7322612,406.2265419634059,200,
1782389269.32496,1782389269.733749,408.7908329674974,200,
1782389269.322304,1782389269.743092,420.7884580246173,200,
1782389269.328353,1782389269.7448452,416.49283398874104,200,
1782389269.322885,1782389269.751117,428.2347089610994,200,
1782389269.3188,1782389269.751932,433.1346250255592,200,
1782389270.3160949,1782389270.446174,130.07945899153128,200,
1782389270.315024,1782389270.6225019,307.4782909825444,200,
1782389270.326493,1782389270.6340601,307.5679590110667,200,
1782389270.317683,1782389270.666934,349.2515829857439,200,
1782389270.3213198,1782389270.680386,359.0667090029456,200,
1782389270.329534,1782389270.697819,368.2867090101354,200,
1782389270.320118,1782389270.7165902,396.4725419646129,200,
1782389270.3325078,1782389270.7179232,385.41649997932836,200,
1782389270.328927,1782389270.742321,413.39566704118624,200,
1782389270.330175,1782389270.7436092,413.4344579651952,200,
1782389270.3358982,1782389270.74465,408.753625000827,200,
1782389270.325846,1782389270.7632341,437.3857080354355,200,
1782389270.318866,1782389270.772811,453.9464580011554,200,
1782389270.3342998,1782389270.786328,452.02833402436227,200,
1782389270.316928,1782389270.795737,478.808542015031,200,
1782389270.327305,1782389270.803645,476.3410000014119,200,
1782389270.32812,1782389270.8123462,484.2272919486277,200,
1782389270.3350348,1782389270.81794,482.90687502594665,200,
1782389270.3316622,1782389270.824414,492.7523749647662,200,
1782389270.322397,1782389270.853447,531.0527500114404,200,
1782389270.333437,1782389270.854722,521.2867920054123,200,
1782389270.323286,1782389270.859403,536.1193339922465,200,
1782389270.324043,1782389270.885718,561.6772909997962,200,
1782389270.325054,1782389270.902957,577.9052919824608,200,
1782389270.330826,1782389270.9072042,576.3817499973811,200,
1782389271.317066,1782389271.417265,100.19666596781462,200,
1782389271.3188758,1782389271.4393249,120.44629198499024,200,
1782389271.316146,1782389271.456337,140.18979104002938,200,
1782389271.324318,1782389271.525696,201.37683296343312,200,
1782389271.321072,1782389271.52877,207.69737497903407,200,
1782389271.318275,1782389271.587179,268.90366699080914,200,
1782389271.323147,1782389271.619382,296.23420804273337,200,
1782389271.3290792,1782389271.631558,302.4790000054054,200,
1782389271.32639,1782389271.653163,326.7731659580022,200,
1782389271.324864,1782389271.662626,337.7633749623783,200,
1782389271.327436,1782389271.6643982,336.96170803159475,200,
1782389271.319792,1782389271.6764889,356.6959170275368,200,
1782389271.331003,1782389271.6799302,348.9261250360869,200,
1782389271.326904,1782389271.684903,358.00087498500943,200,
1782389271.327996,1782389271.686041,358.04654203820974,200,
1782389271.330455,1782389271.686715,356.2609580112621,200,
1782389271.320488,1782389271.6905758,370.089249976445,200,
1782389271.325393,1782389271.692929,367.53849999513477,200,
1782389271.329738,1782389271.711911,382.1744169690646,200,
1782389271.323741,1782389271.713881,390.14195796335116,200,
1782389271.322481,1782389271.714454,391.9751250068657,200,
1782389271.321724,1782389271.715133,393.4113329742104,200,
1782389271.325896,1782389271.7162712,390.3763340204023,200,
1782389271.328508,1782389271.717482,388.9757910510525,200,
1782389271.3176908,1782389271.724633,406.9437910220586,200,
1782389272.317205,1782389272.4206321,103.42541598947719,200,
1782389272.320569,1782389272.518595,198.02599999820814,200,
1782389272.3198762,1782389272.618787,298.91091701574624,200,
1782389272.3226712,1782389272.642401,319.7296249563806,200,
1782389272.318393,1782389272.651839,333.4463330102153,200,
1782389272.323377,1782389272.747884,424.50750002171844,200,
1782389272.3339038,1782389272.749525,415.6219169963151,200,
1782389272.328491,1782389272.751245,422.7557089761831,200,
1782389272.325284,1782389272.772882,447.59883399819955,200,
1782389272.333117,1782389272.777104,443.9887920161709,200,
1782389272.319128,1782389272.781848,462.7205000142567,200,
1782389272.327287,1782389272.783937,456.65166596882045,200,
1782389272.329673,1782389272.784812,455.1404159865342,200,
1782389272.330289,1782389272.7981231,467.8343340056017,200,
1782389272.3213089,1782389272.806134,484.8251669900492,200,
1782389272.332393,1782389272.8151622,482.7705839998089,200,
1782389272.3266602,1782389272.817804,491.1445420002565,200,
1782389272.324592,1782389272.821236,496.644250000827,200,
1782389272.329056,1782389272.8223429,493.28833300387487,200,
1782389272.3241038,1782389272.82464,500.5370829603635,200,
1782389272.3317199,1782389272.833236,501.51779100997373,200,
1782389272.3220139,1782389272.859465,537.4531249981374,200,
1782389272.327932,1782389272.860859,532.929792010691,200,
1782389272.326079,1782389272.8703501,544.2737500416115,200,
1782389272.330896,1782389272.872001,541.1076670279726,200,
1782389273.319625,1782389273.471013,151.38770802877843,200,
1782389273.321342,1782389273.478205,156.86383395222947,200,
1782389273.320786,1782389273.479732,158.94620801554993,200,
1782389273.328328,1782389273.653661,325.33262501237914,200,
1782389273.322958,1782389273.704553,381.5955829923041,200,
1782389273.3202481,1782389273.7285812,408.33429200574756,200,
1782389273.3322072,1782389273.729216,397.0112500246614,200,
1782389273.325102,1782389273.743499,418.39845798676834,200,
1782389273.33173,1782389273.744517,412.78820799198,200,
1782389273.318611,1782389273.7629492,444.3384589976631,200,
1782389273.324569,1782389273.802388,477.81999997096136,200,
1782389273.326186,1782389273.819212,493.0272080237046,200,
1782389273.32403,1782389273.843169,519.1413330030628,200,
1782389273.327772,1782389273.855315,527.5445830193348,200,
1782389273.330667,1782389273.856548,525.8835410350002,200,
1782389273.322398,1782389273.858214,535.816750023514,200,
1782389273.330066,1782389273.860748,530.6838750257157,200,
1782389273.3288698,1782389273.8630059,534.1379590099677,200,
1782389273.32351,1782389273.8648052,541.2959160166793,200,
1782389273.327279,1782389273.8687732,541.4971249992959,200,
1782389273.329401,1782389273.869919,540.5209580203518,200,
1782389273.321868,1782389273.872224,550.3571670269594,200,
1782389273.331212,1782389273.874954,543.744082970079,200,
1782389273.326719,1782389273.884376,557.6593750156462,200,
1782389273.325608,1782389273.893718,568.1125419796444,200,
1782389274.319801,1782389274.428535,108.73249999713153,200,
1782389274.323138,1782389274.4776,154.4607499963604,200,
1782389274.320914,1782389274.536673,215.7588329864666,200,
1782389274.3223228,1782389274.635394,313.072209013626,200,
1782389274.3253288,1782389274.642703,317.3746250104159,200,
1782389274.324673,1782389274.672631,347.9583330336027,200,
1782389274.327281,1782389274.8066099,479.32979196775705,200,
1782389274.328764,1782389274.808057,479.29387498879805,200,
1782389274.3346891,1782389274.82815,493.4617080143653,200,
1782389274.3364742,1782389274.8401291,503.65733401849866,200,
1782389274.3356779,1782389274.876739,541.0623330390081,200,
1782389274.321553,1782389274.8970518,575.4988330299966,200,
1782389274.3281531,1782389274.9134028,585.2515839505941,200,
1782389274.3334541,1782389274.914798,581.3461249927059,200,
1782389274.335194,1782389274.91696,581.768625008408,200,
1782389274.3293881,1782389274.953055,623.6692920210771,200,
1782389274.33219,1782389274.955164,622.9760000132956,200,
1782389274.326026,1782389274.96465,638.6278750142083,200,
1782389274.332778,1782389274.96677,633.9951250120066,200,
1782389274.326669,1782389274.97402,647.3524160101078,200,
1782389274.330209,1782389274.9946969,664.4920000107959,200,
1782389274.330986,1782389275.018143,687.1598330326378,200,
1782389274.32391,1782389275.0332348,709.3280000262894,200,
1782389274.3341131,1782389275.0387,704.5915420167148,500,
1782389274.331582,1782389275.045724,714.1462920117192,200,
1782389275.3255901,1782389275.46821,142.61841599363834,200,
1782389275.320907,1782389275.515872,194.9642500258051,200,
1782389275.326665,1782389275.67061,343.9470829907805,200,
1782389275.3250408,1782389275.7302709,405.23133298847824,200,
1782389275.3231628,1782389275.739541,416.37962497770786,200,
1782389275.328733,1782389275.745405,416.67324997251853,200,
1782389275.3218272,1782389275.746046,424.21991704031825,200,
1782389275.324405,1782389275.747154,422.74979199282825,200,
1782389275.3224902,1782389275.751153,428.66383300861344,200,
1782389275.327231,1782389275.768667,441.4378749788739,200,
1782389275.328062,1782389275.7738,445.7385829882696,200,
1782389275.323763,1782389275.779868,456.1057910323143,200,
1782389275.3320909,1782389275.791659,459.56920902244747,200,
1782389275.334254,1782389275.79332,459.0668750461191,200,
1782389275.326157,1782389275.7952352,469.0790000022389,200,
1782389275.331538,1782389275.800611,469.07487499993294,200,
1782389275.3353899,1782389275.817568,482.178375008516,200,
1782389275.334825,1782389275.848521,513.6974169872701,200,
1782389275.332633,1782389275.873892,541.2604580051266,200,
1782389275.330204,1782389275.878711,548.508292005863,200,
1782389275.335951,1782389275.89368,557.7299160067923,200,
1782389275.333199,1782389275.906742,573.5444169840775,200,
1782389275.333718,1782389275.911527,577.8122919728048,200,
1782389275.3295062,1782389275.925525,596.0222089779563,200,
1782389275.3308969,1782389275.960279,629.3848750065081,200,
1782389276.3234508,1782389276.5638819,240.43083400465548,200,
1782389276.3222542,1782389276.770262,448.009583982639,200,
1782389276.324111,1782389276.871373,547.2638750215992,200,
1782389276.325541,1782389276.921788,596.2494160048664,200,
1782389276.333335,1782389276.931914,598.5804999945685,200,
1782389276.330796,1782389276.932354,601.5609580208547,200,
1782389276.334391,1782389276.933752,599.3632909958251,200,
1782389276.332705,1782389276.940369,607.6671670307405,200,
1782389276.328777,1782389276.941996,613.2215000106953,200,
1782389276.335488,1782389276.982511,647.025250014849,200,
1782389276.336545,1782389276.994635,658.093124977313,200,
1782389276.329479,1782389276.997417,667.9398749838583,200,
1782389276.328029,1782389276.9996748,671.6497919987887,200,
1782389276.331399,1782389277.0020428,670.6483340240084,200,
1782389276.334927,1782389277.013112,678.1879169866443,200,
1782389276.33777,1782389277.036448,698.6807080102153,200,
1782389276.333854,1782389277.03843,704.5798749895766,200,
1782389276.330237,1782389277.072371,742.1356670092791,200,
1782389276.327394,1782389277.075674,748.2823749887757,200,
1782389276.337149,1782389277.082241,745.0947919860482,200,
1782389276.3320708,1782389277.093183,761.1143329995684,200,
1782389276.335954,1782389277.101428,765.475916035939,200,
1782389276.3247511,1782389277.121609,796.8620419851504,200,
1782389276.326689,1782389277.1256561,798.9717079908587,200,
1782389276.326136,1782389277.145494,819.3621250102296,200,
1782389277.3233962,1782389277.4735098,150.11258301092312,200,
1782389277.326741,1782389277.482891,156.14770801039413,200,
1782389277.329398,1782389277.600436,271.037916012574,200,
1782389277.324536,1782389277.604368,279.8313330276869,200,
1782389277.3397171,1782389277.669219,329.5015830080956,200,
1782389277.326025,1782389277.68632,360.29537505237386,200,
1782389277.337261,1782389277.688994,351.7340829712339,200,
1782389277.334045,1782389277.724108,390.06333297584206,200,
1782389277.3286889,1782389277.726036,397.347041987814,200,
1782389277.3253582,1782389277.729517,404.15875002508983,200,
1782389277.344645,1782389277.7853818,440.7372080022469,200,
1782389277.327622,1782389277.797099,469.47983297286555,200,
1782389277.3453948,1782389277.809471,464.07708298647776,200,
1782389277.344043,1782389277.81726,473.21787499822676,200,
1782389277.338002,1782389277.818788,480.7867920026183,200,
1782389277.340589,1782389277.832714,492.12595797143877,200,
1782389277.342901,1782389277.8347049,491.805125027895,200,
1782389277.336412,1782389277.8409972,504.58624999737367,200,
1782389277.330146,1782389277.842776,512.6313749933615,200,
1782389277.341331,1782389277.8494248,508.0943329958245,200,
1782389277.3309891,1782389277.85677,525.7836660020985,200,
1782389277.335094,1782389277.859222,524.1306669777259,200,
1782389277.34353,1782389277.8644018,520.8733329782262,200,
1782389277.342113,1782389277.867789,525.6795000168495,200,
1782389277.3389509,1782389277.8746712,535.7224999461323,200,
1782389278.3262038,1782389278.420467,94.26070901099592,200,
1782389278.328259,1782389278.4300082,101.74862499115989,200,
1782389278.3275368,1782389278.448276,120.73687498923391,200,
1782389278.324821,1782389278.462024,137.20187498256564,200,
1782389278.332931,1782389278.501007,168.07466599857435,200,
1782389278.3355641,1782389278.623738,288.1746250204742,200,
1782389278.326874,1782389278.6828191,355.94516701530665,200,
1782389278.339798,1782389278.690624,350.82549997605383,200,
1782389278.330112,1782389278.713541,383.4290000377223,200,
1782389278.32948,1782389278.739273,409.79466697899625,200,
1782389278.336684,1782389278.74208,405.3969170199707,200,
1782389278.332424,1782389278.7535129,421.0902080521919,200,
1782389278.328916,1782389278.7554328,426.5176249900833,200,
1782389278.3378549,1782389278.757767,419.9132499634288,200,
1782389278.331823,1782389278.766748,434.9266670178622,200,
1782389278.339082,1782389278.7695591,430.47841696534306,200,
1782389278.3385038,1782389278.7718558,433.35183296585456,200,
1782389278.3372412,1782389278.776777,439.53854200663045,200,
1782389278.333441,1782389278.7771862,443.74791701557115,200,
1782389278.336142,1782389278.778244,442.10420799208805,200,
1782389278.334524,1782389278.779042,444.52074996661395,200,
1782389278.331284,1782389278.780371,449.0890839952044,200,
1782389278.33071,1782389278.7815318,450.8239999995567,200,
1782389278.335039,1782389278.791529,456.4924579462968,200,
1782389278.333985,1782389278.792373,458.3869579946622,200,
1782389279.325983,1782389279.4288268,102.84141701413319,200,
1782389279.331726,1782389279.487741,156.0121250222437,200,
1782389279.32729,1782389279.5965152,269.22487502451986,200,
1782389279.331038,1782389279.597709,266.6714169899933,200,
1782389279.3424242,1782389279.680606,338.18141696974635,200,
1782389279.3379872,1782389279.704024,366.0373750026338,200,
1782389279.328942,1782389279.713375,384.4341660151258,200,
1782389279.3323488,1782389279.715654,383.3056250005029,200,
1782389279.329704,1782389279.719538,389.8339580046013,200,
1782389279.335412,1782389279.7433548,407.9451250145212,200,
1782389279.3335822,1782389279.762032,428.4517500200309,200,
1782389279.336691,1782389279.775717,439.02641703607515,200,
1782389279.334784,1782389279.7764852,441.70208403375,200,
1782389279.338588,1782389279.778178,439.59250004263595,200,
1782389279.334176,1782389279.78393,449.75383300334215,200,
1782389279.332981,1782389279.7884538,455.4740830208175,200,
1782389279.336022,1782389279.790532,454.51070804847404,200,
1782389279.328177,1782389279.792727,464.55195895396173,200,
1782389279.3411698,1782389279.7944472,453.2792499521747,200,
1782389279.3303502,1782389279.7956128,465.26541700586677,200,
1782389279.341826,1782389279.796067,454.2434589820914,200,
1782389279.340411,1782389279.796971,456.56245900318027,200,
1782389279.33918,1782389279.806116,466.9371669879183,200,
1782389279.337279,1782389279.811425,474.1489579901099,200,
1782389279.339777,1782389279.8304598,490.68558297585696,200,
1782389280.329653,1782389280.430188,100.53216700907797,200,
1782389280.328044,1782389280.453674,125.6281670066528,200,
1782389280.3270779,1782389280.470273,143.19416700163856,200,
1782389280.3311281,1782389280.478538,147.4081669584848,200,
1782389280.328573,1782389280.5344791,205.9042500331998,200,
1782389280.330612,1782389280.56906,238.44833299517632,200,
1782389280.336481,1782389280.598481,262.00049999170005,200,
1782389280.3291578,1782389280.6427462,313.5884999646805,200,
1782389280.3326788,1782389280.675719,343.0401250370778,200,
1782389280.337771,1782389280.75684,419.0701670013368,200,
1782389280.340715,1782389280.764012,423.2974170008674,200,
1782389280.3371038,1782389280.782892,445.79024997074157,200,
1782389280.339593,1782389280.788595,449.0034580230713,200,
1782389280.3300931,1782389280.792404,462.3116669827141,200,
1782389280.339071,1782389280.806207,467.1379580395296,200,
1782389280.3336608,1782389280.813994,480.3342910017818,200,
1782389280.335949,1782389280.839154,503.2064170227386,200,
1782389280.3346891,1782389280.840416,505.72841602843255,200,
1782389280.3384871,1782389280.8437681,505.28212497010827,200,
1782389280.3342028,1782389280.850228,516.0259590484202,200,
1782389280.335198,1782389280.877837,542.6417079870589,200,
1782389280.331646,1782389280.8795788,547.935500042513,200,
1782389280.33219,1782389280.887317,555.1300829974934,200,
1782389280.340121,1782389280.888139,548.020499991253,200,
1782389280.3331578,1782389280.888861,555.7062499574386,200,
1782389281.327586,1782389281.4070342,79.44587501697242,200,
1782389281.328533,1782389281.4193358,90.79987497534603,200,
1782389281.330823,1782389281.445648,114.82233396964148,200,
1782389281.330073,1782389281.481122,151.04779199464247,200,
1782389281.3323898,1782389281.512074,179.68254099832848,200,
1782389281.333073,1782389281.604182,271.10875002108514,200,
1782389281.329262,1782389281.632389,303.1267499900423,200,
1782389281.333659,1782389281.6457942,312.13420804124326,200,
1782389281.33726,1782389281.647524,310.2643750025891,200,
1782389281.3389518,1782389281.653873,314.92079101735726,200,
1782389281.3316631,1782389281.665897,334.23425001092255,200,
1782389281.3433752,1782389281.682584,339.2089999979362,200,
1782389281.335608,1782389281.6985621,362.95470799086615,200,
1782389281.334938,1782389281.7032168,368.2788339792751,200,
1782389281.3378198,1782389281.713019,375.2003749832511,200,
1782389281.3402271,1782389281.719892,379.6652499586344,200,
1782389281.341507,1782389281.724415,382.9095829860307,200,
1782389281.342823,1782389281.726295,383.47362499916926,200,
1782389281.3362,1782389281.727078,390.88087499840185,200,
1782389281.339648,1782389281.727791,388.1445840233937,200,
1782389281.34217,1782389281.7327201,390.55124996230006,200,
1782389281.338397,1782389281.733474,395.07874997798353,200,
1782389281.334325,1782389281.749038,414.7154160309583,200,
1782389281.3367512,1782389281.756427,419.6777080069296,200,
1782389281.340915,1782389281.760891,419.9774580192752,200,
1782389282.331014,1782389282.447839,116.8236670200713,200,
1782389282.335179,1782389282.478483,143.3031249907799,200,
1782389282.3299751,1782389282.4877582,157.78233396122232,200,
1782389282.332557,1782389282.520586,188.02879197755828,200,
1782389282.338428,1782389282.632821,294.3932919879444,200,
1782389282.328737,1782389282.6583622,329.6254170127213,200,
1782389282.344955,1782389282.6752782,330.32349997665733,200,
1782389282.334496,1782389282.6897979,355.30254198238254,200,
1782389282.3331861,1782389282.6911821,357.99579200102016,200,
1782389282.340883,1782389282.6998231,358.94033301156014,200,
1782389282.337205,1782389282.710995,373.79099999088794,200,
1782389282.3437068,1782389282.7476091,403.9014999871142,200,
1782389282.343152,1782389282.7818391,438.68741602636874,200,
1782389282.341464,1782389282.789302,447.8390419972129,200,
1782389282.335978,1782389282.79264,456.662165990565,200,
1782389282.339029,1782389282.7985432,459.51224997406825,200,
1782389282.33663,1782389282.806108,469.47875001933426,200,
1782389282.342591,1782389282.8069718,464.3817499745637,200,
1782389282.3420548,1782389282.8206248,478.57079200912267,200,
1782389282.333788,1782389282.823366,489.5797499921173,200,
1782389282.3319051,1782389282.826234,494.3312910036184,200,
1782389282.339669,1782389282.8300748,490.40808295831084,200,
1782389282.337781,1782389282.832198,494.41995803499594,200,
1782389282.34029,1782389282.8397691,499.4817919796333,200,
1782389282.344379,1782389282.847448,503.07162501849234,200,
1782389283.330262,1782389283.413423,83.15937500447035,200,
1782389283.333073,1782389283.417637,84.56212503369898,200,
1782389283.331267,1782389283.43871,107.44208301184699,200,
1782389283.334721,1782389283.4635031,128.77937499433756,200,
1782389283.334162,1782389283.502721,168.55891596060246,200,
1782389283.332493,1782389283.525121,192.62712501222268,200,
1782389283.337446,1782389283.590709,253.26258299173787,200,
1782389283.339945,1782389283.592352,252.4080410366878,200,
1782389283.3437078,1782389283.619964,276.2553329812363,200,
1782389283.342737,1782389283.669445,326.70825003879145,200,
1782389283.333645,1782389283.6707551,337.10983296623453,200,
1782389283.338892,1782389283.680413,341.5212500258349,200,
1782389283.3411279,1782389283.68208,340.9525839961134,200,
1782389283.336926,1782389283.6842618,347.33620897168294,200,
1782389283.340495,1782389283.7075021,367.00683302478865,200,
1782389283.3353422,1782389283.710927,375.58612501015887,200,
1782389283.3383958,1782389283.711797,373.4019999974407,200,
1782389283.341689,1782389283.712627,370.93904201174155,200,
1782389283.337936,1782389283.716521,378.58479196438566,200,
1782389283.343201,1782389283.7185721,375.37170900031924,200,
1782389283.3364322,1782389283.731522,395.09079104755074,200,
1782389283.3319192,1782389283.745377,413.45933300908655,200,
1782389283.3359349,1782389283.749132,413.19837496848777,200,
1782389283.339317,1782389283.754111,414.79624999919906,200,
1782389283.342232,1782389283.765114,422.8837080299854,200,
1782389284.334118,1782389284.419533,85.41249996051192,200,
1782389284.3314009,1782389284.4292412,97.8383329929784,200,
1782389284.3357491,1782389284.483897,148.14754202961922,200,
1782389284.332992,1782389284.5582778,225.28516600141302,200,
1782389284.3335328,1782389284.5610182,227.48495801351964,200,
1782389284.335217,1782389284.5613382,226.12191596999764,200,
1782389284.332362,1782389284.563432,231.06866696616635,200,
1782389284.341793,1782389284.570122,228.32804097561166,200,
1782389284.339159,1782389284.582044,242.8843749803491,200,
1782389284.337901,1782389284.591532,253.6306250258349,200,
1782389284.334653,1782389284.606373,271.7207500245422,200,
1782389284.3442738,1782389284.619552,275.2776249544695,200,
1782389284.345265,1782389284.6230452,277.77945902198553,200,
1782389284.3447812,1782389284.64531,300.5287089617923,200,
1782389284.34227,1782389284.646888,304.6181669924408,200,
1782389284.340734,1782389284.663363,322.6280420203693,200,
1782389284.3385038,1782389284.6653829,326.8794169998728,200,
1782389284.340249,1782389284.6738188,333.56970897875726,200,
1782389284.339703,1782389284.6884952,348.7915419973433,200,
1782389284.343751,1782389284.6903198,346.5699999942444,200,
1782389284.343272,1782389284.709182,365.9101249650121,200,
1782389284.337109,1782389284.7421162,405.00849997624755,200,
1782389284.342763,1782389284.750505,407.744082971476,200,
1782389284.341312,1782389284.750921,409.61220901226625,200,
1782389284.336419,1782389284.75331,416.89379198942333,200,
1782389285.332669,1782389285.432281,99.61166698485613,200,
1782389285.333738,1782389285.480056,146.31816698238254,200,
1782389285.335697,1782389285.480928,145.2297079958953,200,
1782389285.337173,1782389285.561146,223.97279099095613,200,
1782389285.340998,1782389285.5958421,254.84341598348692,200,
1782389285.334408,1782389285.6194701,285.061291011516,200,
1782389285.343126,1782389285.6466088,303.4826659713872,200,
1782389285.3475049,1782389285.648561,301.0551670449786,200,
1782389285.3459918,1782389285.679005,333.0128749948926,200,
1782389285.335052,1782389285.680609,345.5575410043821,200,
1782389285.3449259,1782389285.682942,338.0157919600606,200,
1782389285.33986,1782389285.683684,343.8250409672037,200,
1782389285.3415208,1782389285.685981,344.4611249724403,200,
1782389285.343646,1782389285.686631,342.9861670010723,200,
1782389285.3465018,1782389285.6945531,348.0518750147894,200,
1782389285.3454442,1782389285.706527,361.08324996894225,200,
1782389285.3404539,1782389285.708998,368.54575003962964,200,
1782389285.339222,1782389285.709619,370.3986249747686,200,
1782389285.344314,1782389285.710421,366.10837501939386,200,
1782389285.3470132,1782389285.714869,367.85687500378117,200,
1782389285.342033,1782389285.715639,373.60729195643216,200,
1782389285.337926,1782389285.716705,378.7805419997312,200,
1782389285.338617,1782389285.71711,378.49424994783476,200,
1782389285.3425658,1782389285.741442,398.87791697401553,200,
1782389285.3364851,1782389285.750259,413.77570800250396,200,
1782389286.333684,1782389286.443892,110.2054999792017,200,
1782389286.336582,1782389286.444563,107.98070800956339,200,
1782389286.335861,1782389286.506057,170.19454104593024,200,
1782389286.3352141,1782389286.521468,186.25349999638274,200,
1782389286.3384058,1782389286.5248451,186.4380000042729,200,
1782389286.3414478,1782389286.525908,184.4608750543557,200,
1782389286.3439722,1782389286.563403,219.43070803536102,200,
1782389286.33456,1782389286.5939898,259.43016598466784,200,
1782389286.337711,1782389286.609874,272.1629170118831,200,
1782389286.342953,1782389286.65462,311.64908403297886,200,
1782389286.3434508,1782389286.664423,320.97170903580263,200,
1782389286.340322,1782389286.669132,328.8104580133222,200,
1782389286.346786,1782389286.670387,323.60049994895235,200,
1782389286.348564,1782389286.671964,323.4009590232745,200,
1782389286.3408918,1782389286.67376,332.86841603694484,200,
1782389286.337155,1782389286.675188,338.03370798705146,200,
1782389286.339693,1782389286.684509,344.8182920110412,200,
1782389286.347981,1782389286.6862662,338.2872079964727,200,
1782389286.34479,1782389286.689974,345.1834580046125,200,
1782389286.341943,1782389286.705291,363.3496669935994,200,
1782389286.345535,1782389286.710123,364.58783299895003,200,
1782389286.342458,1782389286.7310011,388.54362501297146,200,
1782389286.34737,1782389286.735831,388.4621250326745,200,
1782389286.3390741,1782389286.741913,402.8409159509465,200,
1782389286.346176,1782389286.742709,396.53500000713393,200,
1782389287.3348238,1782389287.424439,89.61299998918548,200,
1782389287.335882,1782389287.4478452,111.96149996249005,200,
1782389287.337166,1782389287.522516,185.34912500763312,200,
1782389287.339585,1782389287.523675,184.09008299931884,200,
1782389287.3426619,1782389287.5295758,186.91349995788187,200,
1782389287.337824,1782389287.567873,230.04879103973508,200,
1782389287.339011,1782389287.6141682,275.1553750131279,200,
1782389287.341383,1782389287.6217978,280.41508299065754,200,
1782389287.3456352,1782389287.622856,277.2212920244783,200,
1782389287.338482,1782389287.630193,291.7109160334803,200,
1782389287.349463,1782389287.634376,284.9131249822676,200,
1782389287.3364952,1782389287.642293,305.7971670059487,200,
1782389287.344448,1782389287.669259,324.8113750014454,200,
1782389287.34203,1782389287.6830761,341.0472920513712,200,
1782389287.347798,1782389287.689595,341.7968329740688,200,
1782389287.3467882,1782389287.706773,359.9855409702286,200,
1782389287.340779,1782389287.7142022,373.42216703109443,200,
1782389287.347265,1782389287.717063,369.7979160351679,200,
1782389287.345088,1782389287.72877,383.68283404270187,200,
1782389287.348347,1782389287.7403462,391.9987499830313,200,
1782389287.3461802,1782389287.748245,402.0659169764258,200,
1782389287.3431869,1782389287.75281,409.623957995791,200,
1782389287.343883,1782389287.7741282,430.2462500054389,200,
1782389287.3489048,1782389287.775035,426.1323750251904,200,
1782389287.340105,1782389287.780156,440.0527080288157,200,
1782389288.335145,1782389288.482281,147.1357499831356,200,
1782389288.3371022,1782389288.5008209,163.71783398790285,200,
1782389288.342793,1782389288.548148,205.354375008028,200,
1782389288.338999,1782389288.6210282,282.0293749682605,200,
1782389288.337919,1782389288.759211,421.29358398960903,200,
1782389288.3498921,1782389288.7726982,422.8059579618275,200,
1782389288.354549,1782389288.7759821,421.43370799021795,200,
1782389288.341835,1782389288.785465,443.63045901991427,200,
1782389288.344907,1782389288.7899892,445.0830409768969,200,
1782389288.3400562,1782389288.868547,528.4916670061648,200,
1782389288.3526568,1782389288.927305,574.6497089858167,200,
1782389288.346561,1782389288.928728,582.1693749749102,200,
1782389288.3555148,1782389288.9328158,577.3027500254102,200,
1782389288.3475342,1782389288.9625301,614.9984580115415,200,
1782389288.344325,1782389288.965099,620.777582982555,200,
1782389288.348917,1782389288.9732962,624.3821670068428,200,
1782389288.345686,1782389288.983683,637.9986249958165,200,
1782389288.353562,1782389288.99021,636.6499169962481,200,
1782389288.350889,1782389288.993492,642.6050000009127,200,
1782389288.3517172,1782389288.9969852,645.2703330432996,200,
1782389288.356977,1782389289.0044758,647.5027090054937,200,
1782389288.348245,1782389289.006834,658.5933750029653,200,
1782389288.3563352,1782389289.007762,651.4307080069557,200,
1782389288.340929,1782389289.008808,667.8831249591894,200,
1782389288.343405,1782389289.0199108,676.5088340034708,200,
1782389289.3362901,1782389289.3916328,55.342832987662405,200,
1782389289.337148,1782389289.413147,75.99662500433624,200,
1782389289.338767,1782389289.435031,96.2627079570666,200,
1782389289.340705,1782389289.468363,127.65604094602168,200,
1782389289.340173,1782389289.5477529,207.57933397544548,200,
1782389289.343401,1782389289.558232,214.82966700568795,200,
1782389289.34391,1782389289.597037,253.12741601374,200,
1782389289.338196,1782389289.597623,259.4273330178112,200,
1782389289.339535,1782389289.6941051,354.5693749911152,200,
1782389289.344393,1782389289.695458,351.0662920307368,200,
1782389289.3459132,1782389289.725791,379.8777919728309,200,
1782389289.34223,1782389289.761129,418.89995901146904,200,
1782389289.3489459,1782389289.770721,421.77641700254753,200,
1782389289.341695,1782389289.776103,434.40854200161994,200,
1782389289.344977,1782389289.77789,432.9141250345856,200,
1782389289.3501031,1782389289.80002,449.9176249955781,200,
1782389289.342929,1782389289.809063,466.13474999321625,200,
1782389289.3475041,1782389289.810625,463.1220420124009,200,
1782389289.348276,1782389289.851917,503.64175002323464,200,
1782389289.34546,1782389289.8592188,513.7606670032255,200,
1782389289.347011,1782389289.866678,519.6682080277242,200,
1782389289.349531,1782389289.8706079,521.0791249992326,200,
1782389289.3376992,1782389289.876436,538.7394579593092,200,
1782389289.346451,1782389289.892927,546.4782089693472,200,
1782389289.3411992,1782389289.9058812,564.6850829944015,200,
1782389290.3386428,1782389290.416204,77.5607920368202,200,
1782389290.337466,1782389290.424257,86.7898750002496,200,
1782389290.343968,1782389290.428205,84.23466701060534,200,
1782389290.341326,1782389290.502799,161.471041967161,200,
1782389290.3477068,1782389290.5143821,166.6743329842575,200,
1782389290.350977,1782389290.570527,219.54933303641155,200,
1782389290.3430898,1782389290.626282,283.1920830067247,200,
1782389290.353733,1782389290.6732092,319.4760420010425,200,
1782389290.355455,1782389290.677131,321.67541701346636,200,
1782389290.3522828,1782389290.679258,326.97612495394424,200,
1782389290.344726,1782389290.681094,336.3692500279285,200,
1782389290.3495932,1782389290.6896782,340.0855829822831,200,
1782389290.339536,1782389290.692836,353.2997500151396,200,
1782389290.340441,1782389290.694987,354.5468329684809,200,
1782389290.3542862,1782389290.698756,344.4703749846667,200,
1782389290.34228,1782389290.705499,363.21979196509346,200,
1782389290.354908,1782389290.710638,355.729499948211,200,
1782389290.353111,1782389290.7220411,368.9300409751013,200,
1782389290.351585,1782389290.728611,377.02633399749175,200,
1782389290.345479,1782389290.733124,387.6452499534935,200,
1782389290.347105,1782389290.741152,394.0467080101371,200,
1782389290.350317,1782389290.7779331,427.6183340116404,200,
1782389290.349018,1782389290.7835698,434.5537910121493,200,
1782389290.346296,1782389290.7858171,439.5234999828972,200,
1782389290.348362,1782389290.79269,444.3300840212032,200,
1782389291.33867,1782389291.427424,88.75333302421495,200,
1782389291.343631,1782389291.450541,106.90829198574647,200,
1782389291.340887,1782389291.4835851,142.69579097162932,200,
1782389291.3429492,1782389291.5682719,225.3220829879865,200,
1782389291.341422,1782389291.572938,231.51512502226979,200,
1782389291.346834,1782389291.5991979,252.3640409926884,200,
1782389291.351861,1782389291.600201,248.3399580232799,200,
1782389291.349735,1782389291.602632,252.89662496652454,200,
1782389291.3397288,1782389291.6046138,264.88504197914153,200,
1782389291.3539531,1782389291.617514,263.5617090272717,200,
1782389291.340323,1782389291.619957,279.63291603373364,200,
1782389291.3479931,1782389291.634563,286.5691250190139,200,
1782389291.346224,1782389291.6600251,313.8029580004513,200,
1782389291.35078,1782389291.6627798,311.99995800852776,200,
1782389291.351306,1782389291.6658401,314.53454098664224,200,
1782389291.348567,1782389291.6721761,323.610124993138,200,
1782389291.353324,1782389291.673395,320.0724589987658,200,
1782389291.349199,1782389291.675245,326.0478329611942,200,
1782389291.344258,1782389291.678281,334.0224999701604,200,
1782389291.342219,1782389291.680831,338.6115410248749,200,
1782389291.352566,1782389291.682882,330.315958999563,200,
1782389291.344832,1782389291.6847339,339.901750034187,200,
1782389291.3474,1782389291.6912918,343.89249997911975,200,
1782389291.350253,1782389291.698891,348.6395830404945,200,
1782389291.345505,1782389291.7084,362.89641697658226,200,
1782389292.340683,1782389292.419976,79.29191697621718,200,
1782389292.33979,1782389292.432193,92.40337496157736,200,
1782389292.342377,1782389292.443586,101.20916698360816,200,
1782389292.344094,1782389292.490562,146.4658749755472,200,
1782389292.346967,1782389292.53039,183.42337501235306,200,
1782389292.343571,1782389292.555578,212.0067499927245,200,
1782389292.350932,1782389292.633135,282.20266598509625,200,
1782389292.347561,1782389292.634261,286.7000420228578,200,
1782389292.353725,1782389292.636736,283.0101670115255,200,
1782389292.341846,1782389292.6496372,307.7904579695314,200,
1782389292.3446112,1782389292.667673,323.0622499831952,200,
1782389292.353238,1782389292.6761029,322.8645420167595,200,
1782389292.342998,1782389292.684513,341.5153329842724,200,
1782389292.345886,1782389292.691432,345.54574999492615,200,
1782389292.349025,1782389292.6994188,350.39450001204386,200,
1782389292.3543181,1782389292.7033112,348.9928329945542,200,
1782389292.3502982,1782389292.710318,360.0210840231739,200,
1782389292.345255,1782389292.712199,366.9438340002671,200,
1782389292.349549,1782389292.7144861,364.93762501049787,200,
1782389292.34642,1782389292.720809,374.39062498742715,200,
1782389292.3526342,1782389292.722631,369.99712500255555,200,
1782389292.352105,1782389292.731911,379.8057079548016,200,
1782389292.351454,1782389292.756892,405.43929202249274,200,
1782389292.348469,1782389292.758583,410.116667044349,200,
1782389292.341263,1782389292.76679,425.52674998296425,200,
1782389293.342332,1782389293.428413,86.07862499775365,200,
1782389293.346376,1782389293.443396,97.01837500324473,200,
1782389293.343701,1782389293.468406,124.70412498805672,200,
1782389293.341325,1782389293.473296,131.96829200023785,200,
1782389293.344372,1782389293.489512,145.13879199512303,200,
1782389293.349501,1782389293.566741,217.23920799558982,200,
1782389293.3500319,1782389293.594835,244.8023749748245,200,
1782389293.356205,1782389293.6019468,245.74241699883714,200,
1782389293.3523352,1782389293.626514,274.17833398794755,200,
1782389293.345728,1782389293.6563299,310.601916979067,200,
1782389293.345081,1782389293.6599412,314.8604170419276,200,
1782389293.351776,1782389293.678973,327.19683402683586,200,
1782389293.355565,1782389293.724048,368.4832919971086,200,
1782389293.351209,1782389293.726036,374.82725002337247,200,
1782389293.355037,1782389293.733259,378.2224170281552,200,
1782389293.350653,1782389293.760715,410.06154095521197,200,
1782389293.348906,1782389293.7656379,416.73387499758974,200,
1782389293.3483362,1782389293.770226,421.89087497536093,200,
1782389293.3470259,1782389293.777631,430.6059170048684,200,
1782389293.34765,1782389293.7834802,435.8309580129571,200,
1782389293.353408,1782389293.7940018,440.59483299497515,200,
1782389293.354464,1782389293.796968,442.5059999921359,200,
1782389293.353923,1782389293.7986639,444.74199996329844,200,
1782389293.343008,1782389293.8072472,464.24108295468614,200,
1782389293.3529,1782389293.816009,463.11137499287724,200,
1782389294.342447,1782389294.453685,111.23575002420694,200,
1782389294.3459241,1782389294.471446,125.51949999760836,200,
1782389294.343359,1782389294.474659,131.2975839828141,200,
1782389294.348062,1782389294.522214,174.1515839821659,200,
1782389294.345,1782389294.5340748,189.07295900862664,200,
1782389294.3474612,1782389294.591918,244.45729097351432,200,
1782389294.3534,1782389294.610025,256.6242920001969,200,
1782389294.35089,1782389294.6366951,285.80458398209885,200,
1782389294.357214,1782389294.64677,289.5552910049446,200,
1782389294.355757,1782389294.692301,336.5450410055928,200,
1782389294.348598,1782389294.697352,348.755833983887,200,
1782389294.356745,1782389294.7169511,360.20679195644334,200,
1782389294.349161,1782389294.718591,369.43133297609165,200,
1782389294.3562481,1782389294.720337,364.08925004070625,200,
1782389294.349697,1782389294.7210722,371.3763749692589,200,
1782389294.351887,1782389294.73245,380.56362501811236,200,
1782389294.3441799,1782389294.73348,389.30162496399134,200,
1782389294.3541172,1782389294.7356899,381.57262495951727,200,
1782389294.346797,1782389294.737707,390.9107089857571,200,
1782389294.3546948,1782389294.74344,388.7464579893276,200,
1782389294.351398,1782389294.756107,404.7094580018893,200,
1782389294.352428,1782389294.760604,408.17733301082626,200,
1782389294.352947,1782389294.773036,420.09183298796415,200,
1782389294.35028,1782389294.77982,429.542500001844,200,
1782389294.3552341,1782389294.782932,427.70079197362065,200,
1782389295.343586,1782389295.4159958,72.40900001488626,200,
1782389295.344556,1782389295.472512,127.95429100515321,200,
1782389295.346709,1782389295.4889312,142.16925000073388,200,
1782389295.346069,1782389295.5010078,154.93858302943408,200,
1782389295.351389,1782389295.638771,287.38158295163885,200,
1782389295.358298,1782389295.640338,282.0417499751784,200,
1782389295.3539488,1782389295.650086,296.13758297637105,200,
1782389295.350864,1782389295.6880572,337.19495800323784,200,
1782389295.345369,1782389295.6930518,347.684207954444,200,
1782389295.352117,1782389295.708663,356.5460839890875,200,
1782389295.3486521,1782389295.710457,361.80650000460446,200,
1782389295.3573198,1782389295.7129369,355.61708302702755,200,
1782389295.3527548,1782389295.713741,360.98725005285814,200,
1782389295.355722,1782389295.716807,361.08549998607486,200,
1782389295.350361,1782389295.7294059,379.04512498062104,200,
1782389295.357834,1782389295.732091,374.25699998857453,200,
1782389295.347316,1782389295.7332249,385.90954104438424,200,
1782389295.3532858,1782389295.735747,382.44158297311515,200,
1782389295.349264,1782389295.739137,389.8728329804726,200,
1782389295.356294,1782389295.7404008,384.10812499932945,200,
1782389295.349825,1782389295.742305,392.48066698201,200,
1782389295.356801,1782389295.743175,386.375833011698,200,
1782389295.3545358,1782389295.7446332,390.09870804147795,200,
1782389295.355114,1782389295.74596,390.8477080403827,200,
1782389295.348032,1782389295.763444,415.41320900432765,200,
1782389296.345162,1782389296.439737,94.57508398918435,200,
1782389296.348043,1782389296.5035431,155.4992090095766,200,
1782389296.350591,1782389296.539242,188.64954099990427,200,
1782389296.3460999,1782389296.540386,194.28624998545274,200,
1782389296.346708,1782389296.650453,303.74545796075836,200,
1782389296.349754,1782389296.6613052,311.5505420137197,200,
1782389296.347308,1782389296.66325,315.9420419833623,200,
1782389296.352143,1782389296.677206,325.0630410038866,200,
1782389296.354053,1782389296.6777558,323.7043340341188,200,
1782389296.354615,1782389296.680917,326.3018330326304,200,
1782389296.355304,1782389296.6889951,333.6915000109002,200,
1782389296.359064,1782389296.696148,337.0840839925222,200,
1782389296.361016,1782389296.7022731,341.25704201869667,200,
1782389296.358521,1782389296.707978,349.4570829789154,200,
1782389296.351358,1782389296.716546,365.18975003855303,200,
1782389296.352871,1782389296.723609,370.73779199272394,200,
1782389296.357902,1782389296.7246761,366.7746669962071,200,
1782389296.348894,1782389296.7310998,382.2066250140779,200,
1782389296.360409,1782389296.7360032,375.5947090103291,200,
1782389296.353486,1782389296.742604,389.11841600202024,200,
1782389296.355861,1782389296.747723,391.86187501763925,200,
1782389296.359793,1782389296.755151,395.3582920366898,200,
1782389296.357148,1782389296.764915,407.7683750074357,200,
1782389296.361613,1782389296.768799,407.18779095914215,200,
1782389296.3564959,1782389296.771847,415.3539160033688,200,
1782389297.345723,1782389297.45541,109.6854159841314,200,
1782389297.354443,1782389297.508663,154.21983401756734,200,
1782389297.3466492,1782389297.545803,199.15354100521654,200,
1782389297.351199,1782389297.604929,253.67508397903293,200,
1782389297.360915,1782389297.6330628,272.14733394794166,200,
1782389297.359261,1782389297.651434,292.1728329965845,200,
1782389297.348897,1782389297.656362,307.4650830239989,200,
1782389297.34978,1782389297.687358,337.5782499788329,200,
1782389297.347378,1782389297.689218,341.83987497817725,200,
1782389297.357554,1782389297.69571,338.15641701221466,200,
1782389297.353271,1782389297.708757,355.4860000149347,200,
1782389297.348138,1782389297.710402,362.2634999919683,200,
1782389297.355743,1782389297.729602,373.8607499981299,200,
1782389297.3598158,1782389297.730977,371.16120901191607,200,
1782389297.356957,1782389297.7340028,377.04779201885685,200,
1782389297.350472,1782389297.736413,385.94129198463634,200,
1782389297.3603709,1782389297.742441,382.07104202592745,200,
1782389297.361474,1782389297.744428,382.9543750034645,200,
1782389297.3562691,1782389297.7478669,391.5999580058269,200,
1782389297.351784,1782389297.7490299,397.24741701502353,200,
1782389297.358138,1782389297.749705,391.5685420506634,200,
1782389297.3524852,1782389297.7508018,398.318791994825,200,
1782389297.355136,1782389297.751879,396.74591697985306,200,
1782389297.358714,1782389297.760339,401.6270409920253,200,
1782389297.353894,1782389297.777022,423.1296249781735,200,
1782389298.349848,1782389298.484395,134.54487500712276,200,
1782389298.346869,1782389298.4909198,144.0513749839738,200,
1782389298.34788,1782389298.539565,191.68333400739357,200,
1782389298.357295,1782389298.554017,196.72225002432242,200,
1782389298.350956,1782389298.585529,234.57324999617413,200,
1782389298.351564,1782389298.692828,341.26416698563844,200,
1782389298.349209,1782389298.708383,359.1749159968458,200,
1782389298.35568,1782389298.7231538,367.4737080000341,200,
1782389298.352202,1782389298.7244108,372.210500005167,200,
1782389298.34852,1782389298.726277,377.757209003903,200,
1782389298.353471,1782389298.736655,383.1844169762917,200,
1782389298.3615491,1782389298.738784,377.2357919951901,200,
1782389298.352889,1782389298.739609,386.72133395448327,200,
1782389298.356256,1782389298.765741,409.48545798892155,200,
1782389298.359935,1782389298.767655,407.7206669608131,200,
1782389298.355119,1782389298.768515,413.39733405038714,200,
1782389298.3580549,1782389298.770731,412.67566598253325,200,
1782389298.363271,1782389298.773032,409.76258396403864,200,
1782389298.354526,1782389298.7755818,421.0568749695085,200,
1782389298.350432,1782389298.7862668,435.8355419826694,200,
1782389298.360693,1782389298.78757,426.8784169689752,200,
1782389298.362528,1782389298.8051982,442.6709589897655,200,
1782389298.359313,1782389298.805959,446.6475830413401,200,
1782389298.3540149,1782389298.8125079,458.49525002995506,200,
1782389298.356777,1782389298.818997,462.2223749756813,200,
1782389299.347905,1782389299.4293609,81.45262498874217,200,
1782389299.350982,1782389299.450572,99.58741604350507,200,
1782389299.348851,1782389299.4669042,118.05024999193847,200,
1782389299.358898,1782389299.554608,195.70837495848536,200,
1782389299.3529751,1782389299.5609548,207.9794160090387,200,
1782389299.350353,1782389299.601511,251.15741702029482,200,
1782389299.3557398,1782389299.611167,255.42549998499453,200,
1782389299.3581388,1782389299.6611671,303.0287920264527,200,
1782389299.352354,1782389299.665897,313.54395899688825,200,
1782389299.356339,1782389299.679698,323.35862499894574,200,
1782389299.361119,1782389299.71921,358.09141700156033,200,
1782389299.354613,1782389299.726752,372.1384170348756,200,
1782389299.355131,1782389299.728857,373.7273750011809,200,
1782389299.353544,1782389299.730734,377.1905000321567,200,
1782389299.3599942,1782389299.733369,373.3752080006525,200,
1782389299.362747,1782389299.734153,371.40704202465713,200,
1782389299.351605,1782389299.736382,384.7775409813039,200,
1782389299.362145,1782389299.751594,389.4495829590596,200,
1782389299.356975,1782389299.7841952,427.2208750480786,200,
1782389299.359446,1782389299.7893171,429.8712500021793,200,
1782389299.357615,1782389299.809449,451.8347909906879,200,
1782389299.360516,1782389299.820621,460.10699996259063,200,
1782389299.3496242,1782389299.823272,473.64995803218335,200,
1782389299.361666,1782389299.830836,469.17204099008814,200,
1782389299.354103,1782389299.8380852,483.9842499932274,200,
1782389300.349812,1782389300.431659,81.84537495253608,200,
1782389300.34899,1782389300.432649,83.65912502631545,200,
1782389300.351478,1782389300.4411619,89.6818750188686,200,
1782389300.3526888,1782389300.4835498,130.859375,200,
1782389300.3532748,1782389300.51684,163.56337495381013,200,
1782389300.356508,1782389300.56729,210.78191697597504,200,
1782389300.359243,1782389300.592083,232.8407500172034,200,
1782389300.350402,1782389300.592743,242.34250001609325,200,
1782389300.352032,1782389300.6044831,252.4509999784641,200,
1782389300.362446,1782389300.638905,276.45958302309737,200,
1782389300.357119,1782389300.6748211,317.70333298482,200,
1782389300.350944,1782389300.6757581,324.81562497559935,200,
1782389300.355284,1782389300.6864378,331.1547079938464,200,
1782389300.358712,1782389300.731008,372.2970419912599,200,
1782389300.3581598,1782389300.733351,375.1920420327224,200,
1782389300.362963,1782389300.750928,387.96620798530057,200,
1782389300.3614259,1782389300.7805219,419.0964589943178,200,
1782389300.3597498,1782389300.783071,423.32145798718557,200,
1782389300.360335,1782389300.799045,438.7101670145057,200,
1782389300.354639,1782389300.803818,449.1807079757564,200,
1782389300.360925,1782389300.805099,444.1768749966286,200,
1782389300.3576162,1782389300.808022,450.4082089988515,200,
1782389300.3557901,1782389300.827894,472.1056669950485,200,
1782389300.353951,1782389300.831698,477.74849995039403,200,
1782389300.361939,1782389300.832631,470.6952080014162,200,
1782389301.350122,1782389301.433706,83.58283300185576,200,
1782389301.35101,1782389301.4542248,103.21408399613574,200,
1782389301.352493,1782389301.5005708,148.07779097463936,200,
1782389301.353149,1782389301.516188,163.03787502693012,200,
1782389301.354472,1782389301.518401,163.92820799956098,200,
1782389301.358047,1782389301.601679,243.62991598900408,200,
1782389301.364203,1782389301.6145978,250.39412500336766,200,
1782389301.351603,1782389301.637702,286.09966702060774,200,
1782389301.355724,1782389301.667308,311.5846249856986,200,
1782389301.3569531,1782389301.6933272,336.3750000135042,200,
1782389301.363691,1782389301.736135,372.4439579527825,200,
1782389301.35856,1782389301.738625,380.06624998524785,200,
1782389301.356349,1782389301.758462,402.11508399806917,200,
1782389301.3538392,1782389301.760604,406.765749969054,200,
1782389301.363186,1782389301.780874,417.68866596976295,200,
1782389301.357522,1782389301.783533,426.0135419899598,200,
1782389301.355098,1782389301.7855659,430.4693340091035,200,
1782389301.360647,1782389301.7995782,438.9337080065161,200,
1782389301.362158,1782389301.800382,438.22629103669897,200,
1782389301.3626602,1782389301.849925,487.26545803947374,200,
1782389301.361158,1782389301.856343,495.1856670086272,200,
1782389301.359581,1782389301.8705149,510.93524997122586,200,
1782389301.3590899,1782389301.874274,515.1859589968808,200,
1782389301.361668,1782389301.875015,513.3496249909513,200,
1782389301.360117,1782389301.8858829,525.7683329982683,200,
1782389302.351269,1782389302.459139,107.86799999186769,200,
1782389302.354126,1782389302.471824,117.6955410046503,200,
1782389302.352229,1782389302.488481,136.2507920130156,200,
1782389302.3581948,1782389302.597224,239.027708012145,200,
1782389302.362266,1782389302.627929,265.6622499926016,200,
1782389302.353482,1782389302.635051,281.5693750162609,200,
1782389302.3528378,1782389302.653096,300.25766597827896,200,
1782389302.3663008,1782389302.664335,298.034125007689,200,
1782389302.355414,1782389302.67194,316.52545800898224,200,
1782389302.36052,1782389302.685859,325.3397499793209,200,
1782389302.36166,1782389302.690505,328.84450000710785,200,
1782389302.365769,1782389302.700449,334.6807910129428,200,
1782389302.3593721,1782389302.7027478,343.37629203218967,200,
1782389302.356225,1782389302.710421,354.194917017594,200,
1782389302.362881,1782389302.727499,364.61729096481577,200,
1782389302.3634582,1782389302.744863,381.40549999661744,200,
1782389302.361103,1782389302.74656,385.4575000004843,200,
1782389302.364029,1782389302.748707,384.678625036031,200,
1782389302.364723,1782389302.7709062,406.1830419814214,200,
1782389302.35997,1782389302.777206,417.23616601666436,200,
1782389302.3652742,1782389302.782206,416.9323340174742,200,
1782389302.357598,1782389302.784131,426.53487500501797,200,
1782389302.354729,1782389302.796067,441.33879197761416,200,
1782389302.3587651,1782389302.814631,455.8688329998404,200,
1782389302.3568351,1782389302.821287,464.45387502899393,200,
1782389303.3540502,1782389303.466207,112.15500003891066,200,
1782389303.355648,1782389303.488842,133.19212500937283,200,
1782389303.352942,1782389303.52036,167.41729201748967,200,
1782389303.361845,1782389303.548649,186.80412496905774,200,
1782389303.357941,1782389303.5778172,219.87604099558666,200,
1782389303.35879,1782389303.586942,228.15195901785046,200,
1782389303.360669,1782389303.724658,363.9887919998728,200,
1782389303.364152,1782389303.740327,376.1761669884436,200,
1782389303.3669372,1782389303.741741,374.8047089902684,200,
1782389303.357206,1782389303.744321,387.1159589616582,200,
1782389303.3595462,1782389303.784713,425.168042012956,200,
1782389303.367476,1782389303.7855701,418.09629200724885,200,
1782389303.365257,1782389303.788949,423.6944169970229,200,
1782389303.368674,1782389303.7892501,420.5779579933733,200,
1782389303.354927,1782389303.790401,435.47570903319865,200,
1782389303.3630211,1782389303.793856,430.8366249897517,200,
1782389303.3601432,1782389303.803221,443.0785839795135,200,
1782389303.366357,1782389303.806862,440.50562498159707,200,
1782389303.3658571,1782389303.8086772,442.82120798015967,200,
1782389303.361297,1782389303.810386,449.0916670183651,200,
1782389303.3624718,1782389303.810783,448.31424998119473,200,
1782389303.356528,1782389303.8141482,457.62208302039653,200,
1782389303.364747,1782389303.819401,454.65624995995313,200,
1782389303.368031,1782389303.835726,467.6964589743875,200,
1782389303.363604,1782389303.843797,480.1955829607323,200,
1782389304.353357,1782389304.444021,90.6612080289051,200,
1782389304.354769,1782389304.449101,94.3296659970656,200,
1782389304.358954,1782389304.483413,124.45662502432242,200,
1782389304.356351,1782389304.499011,142.65845902264118,200,
1782389304.361856,1782389304.534302,172.4461250123568,200,
1782389304.3584902,1782389304.654698,296.20754200732335,200,
1782389304.355653,1782389304.691743,336.09016600530595,200,
1782389304.36558,1782389304.707312,341.7317080311477,200,
1782389304.360851,1782389304.744591,383.7404160294682,200,
1782389304.370294,1782389304.750256,379.9622500082478,200,
1782389304.36819,1782389304.751661,383.4724170155823,200,
1782389304.364664,1782389304.762165,397.50174997607246,200,
1782389304.361417,1782389304.7710521,409.6342499833554,200,
1782389304.356971,1782389304.78826,431.2892910093069,200,
1782389304.357787,1782389304.804932,447.1454589511268,200,
1782389304.36722,1782389304.822004,454.7836250276305,200,
1782389304.36928,1782389304.830772,461.49295900249854,200,
1782389304.362887,1782389304.837489,474.6024170308374,200,
1782389304.371902,1782389304.8395798,467.6784169860184,200,
1782389304.3596559,1782389304.8499572,490.30250002397224,200,
1782389304.360163,1782389304.879742,519.5797080523334,200,
1782389304.3711302,1782389304.8817,510.57283399859443,200,
1782389304.366366,1782389304.882485,516.1220000009052,200,
1782389304.362283,1782389304.885889,523.6092089908198,200,
1782389304.3638241,1782389304.887053,523.2318749767728,200,
1782389305.3543,1782389305.422409,68.10749997384846,200,
1782389305.355119,1782389305.443696,88.57658301712945,200,
1782389305.358207,1782389305.489417,131.20804203208536,200,
1782389305.356391,1782389305.578182,221.79254097864032,200,
1782389305.356856,1782389305.630018,273.16341700498015,200,
1782389305.360369,1782389305.6585972,298.2279169955291,200,
1782389305.355842,1782389305.697641,341.79974999278784,200,
1782389305.3621,1782389305.7153652,353.26533298939466,200,
1782389305.357776,1782389305.753283,395.50683402922004,200,
1782389305.3612092,1782389305.754606,393.39762495364994,200,
1782389305.363522,1782389305.786983,423.4616659814492,200,
1782389305.360755,1782389305.788505,427.74937505600974,200,
1782389305.3595462,1782389305.793374,433.82829101756215,200,
1782389305.365474,1782389305.795851,430.37745798937976,200,
1782389305.36404,1782389305.79758,433.5405419697054,200,
1782389305.3630059,1782389305.800807,437.80162499751896,200,
1782389305.359964,1782389305.8350852,475.12095799902454,200,
1782389305.365929,1782389305.838321,472.39275003084913,200,
1782389305.364514,1782389305.839905,475.3930830047466,200,
1782389305.365024,1782389305.841985,476.9622499588877,200,
1782389305.357344,1782389305.849239,491.8948750128038,200,
1782389305.3625228,1782389305.857176,494.65554096968845,200,
1782389305.358637,1782389305.8653362,506.70141697628424,200,
1782389305.361639,1782389305.876085,514.4457920105197,200,
1782389305.3590982,1782389305.878937,519.8424590053037,200,
1782389306.355417,1782389306.493241,137.8223750507459,200,
1782389306.359943,1782389306.5586271,198.68333300109953,200,
1782389306.35776,1782389306.570276,212.51537499483675,200,
1782389306.365698,1782389306.5713222,205.62479103682563,200,
1782389306.358324,1782389306.585279,226.9545419840142,200,
1782389306.362837,1782389306.607048,244.21075003920123,200,
1782389306.356381,1782389306.6085818,252.20116699347273,200,
1782389306.368811,1782389306.672715,303.9038329734467,200,
1782389306.35945,1782389306.683213,323.76283302437514,200,
1782389306.35709,1782389306.683826,326.7368330270983,200,
1782389306.36724,1782389306.69404,326.7992500332184,200,
1782389306.3682728,1782389306.695956,327.6723339804448,200,
1782389306.3617952,1782389306.697865,336.0691670095548,200,
1782389306.362311,1782389306.704326,342.0149589655921,200,
1782389306.363468,1782389306.713684,350.21649999544024,200,
1782389306.3640351,1782389306.718293,354.25833298359066,200,
1782389306.365142,1782389306.72175,356.6087919753045,200,
1782389306.358884,1782389306.724809,365.92599999858066,200,
1782389306.360571,1782389306.730647,370.07508298847824,200,
1782389306.364602,1782389306.7326279,368.02599998191,200,
1782389306.3612301,1782389306.737324,376.0953330202028,200,
1782389306.366213,1782389306.7481768,381.96641695685685,200,
1782389306.3677802,1782389306.753141,385.362625005655,200,
1782389306.369359,1782389306.757088,387.7305830246769,200,
1782389306.36672,1782389306.7606962,393.977583036758,200,
1782389307.357192,1782389307.5337422,176.5496670268476,200,
1782389307.3591502,1782389307.53942,180.26975000975654,200,
1782389307.356132,1782389307.578728,222.5968330167234,200,
1782389307.366455,1782389307.68566,319.20625001657754,200,
1782389307.373666,1782389307.729932,356.2660420429893,200,
1782389307.3649778,1782389307.74112,376.14137498894706,200,
1782389307.3609312,1782389307.7583869,397.45879196561873,200,
1782389307.359722,1782389307.7662258,406.5052080550231,200,
1782389307.358577,1782389307.772862,414.28608301794156,200,
1782389307.367808,1782389307.783663,415.85699998540804,200,
1782389307.363216,1782389307.8083231,445.107416016981,200,
1782389307.3579211,1782389307.811588,453.6689999513328,200,
1782389307.372627,1782389307.815261,442.63387500541285,200,
1782389307.361551,1782389307.8367832,475.2332090283744,200,
1782389307.36988,1782389307.8585432,488.6632499983534,200,
1782389307.368459,1782389307.860204,491.7462909943424,200,
1782389307.362208,1782389307.892114,529.9070840119384,200,
1782389307.360266,1782389307.8995452,539.2800000263378,200,
1782389307.3641658,1782389307.903898,539.734749996569,200,
1782389307.370555,1782389307.9089532,538.3989170077257,200,
1782389307.3656929,1782389307.910777,545.0870000058785,200,
1782389307.369241,1782389307.912653,543.4140830184333,200,
1782389307.367108,1782389307.958118,591.010959004052,200,
1782389307.3712032,1782389307.965476,594.275415991433,200,
1782389307.3717911,1782389307.982008,610.2196659776382,200,
1782389308.358371,1782389308.563573,205.20020800177008,200,
1782389308.3711889,1782389308.7259421,354.7534170211293,200,
1782389308.3685,1782389308.8308961,462.3959169839509,200,
1782389308.3758788,1782389308.85265,476.7714579938911,200,
1782389308.386836,1782389309.028977,642.1447079628706,200,
1782389308.390986,1782389309.0329611,641.9775420217775,200,
1782389308.3811042,1782389309.0348759,653.7750419811346,200,
1782389308.395164,1782389309.0490618,653.9009169791825,200,
1782389308.366441,1782389309.05603,689.5909169688821,200,
1782389308.3641222,1782389309.0578701,693.751249986235,200,
1782389308.3860211,1782389309.059623,673.6052499618381,200,
1782389308.384504,1782389309.060412,675.9116249741055,200,
1782389308.380023,1782389309.069126,689.10712498473,200,
1782389308.3829608,1782389309.09349,710.5327909812331,200,
1782389308.3924632,1782389309.122444,729.9842079519294,200,
1782389308.388083,1782389309.13794,749.8607080196962,200,
1782389308.377076,1782389309.18743,810.3575830464251,200,
1782389308.38387,1782389309.242465,858.5995000321418,200,
1782389308.372803,1782389309.251267,878.4692920162342,200,
1782389308.3852742,1782389309.255321,870.0521669816226,200,
1782389308.394102,1782389309.274569,880.4720420157537,200,
1782389308.389499,1782389309.2902122,900.7171250414103,200,
1782389308.374549,1782389309.347487,972.9306670487858,200,
1782389308.378809,1782389309.4873018,1108.4994589909911,200,
1782389308.381977,1782389309.512043,1130.071624997072,200,
1782389309.363059,1782389309.684803,321.74608297646046,200,
1782389309.359761,1782389309.745228,385.4679169598967,200,
1782389309.367392,1782389309.845056,477.6649170089513,200,
1782389309.383432,1782389309.86972,486.2890840158798,200,
1782389309.373374,1782389309.948017,574.6464169933461,200,
1782389309.369508,1782389310.121247,751.7422080272809,200,
1782389309.409461,1782389310.14622,736.7628339561634,200,
1782389309.406372,1782389310.163713,757.3454579687677,200,
1782389309.3761752,1782389310.250863,874.6917499811389,200,
1782389309.379061,1782389310.259705,880.6489999988116,200,
1782389309.365222,1782389310.276041,910.8247080002911,200,
1782389309.3905768,1782389310.403827,1013.2549579720944,200,
1782389309.371402,1782389310.40428,1032.88470802363,200,
1782389309.374541,1782389310.411859,1037.32308303006,200,
1782389309.397237,1782389310.41443,1017.1982499887235,200,
1782389309.404587,1782389310.434303,1029.7210830030963,200,
1782389309.3954802,1782389310.449388,1053.9096660213545,200,
1782389309.408397,1782389310.4784179,1070.0272499816492,200,
1782389309.4024189,1782389310.553012,1150.5993750179186,200,
1782389309.385155,1782389310.670254,1285.1069160387851,200,
1782389309.377695,1782389310.873714,1496.0278329672292,200,
1782389309.388055,1782389311.140199,1752.1525000338443,200,
1782389309.40014,1782389311.346868,1946.739416976925,200,
1782389309.3931541,1782389311.387263,1994.1193329868838,200,
1782389309.3810759,1782389311.567861,2186.79870798951,200,
1782389310.364728,1782389311.716653,1351.932958001271,200,
1782389310.3817978,1782389312.021395,1639.6075410302728,200,
1782389310.3707361,1782389312.075091,1704.3643329525366,200,
1782389310.3632488,1782389312.1746318,1811.394292046316,200,
1782389310.376329,1782389312.193438,1816.974667017348,200,
1782389310.364237,1782389312.2354949,1871.2689580279402,200,
1782389310.373251,1782389312.3484101,1975.1690410193987,200,
1782389310.371594,1782389312.350164,1978.5814580391161,200,
1782389310.360331,1782389312.423977,2063.659125007689,200,
1782389310.3722172,1782389312.469928,2097.7229170384817,200,
1782389310.379353,1782389312.551939,2172.5987500394695,200,
1782389310.365867,1782389312.558017,2192.162749997806,200,
1782389310.377988,1782389312.651714,2273.7408750108443,200,
1782389310.3627882,1782389312.669769,2306.9959589629434,200,
1782389310.3637471,1782389312.7773771,2413.645041990094,200,
1782389310.383648,1782389312.783295,2399.6620000107214,200,
1782389311.3769999,1782389312.814544,1437.5510000390932,200,
1782389310.372682,1782389313.440444,3067.7809169865213,200,
1782389310.3621252,1782389313.5510132,3188.9085000148043,200,
1782389310.380743,1782389313.889081,3508.3602920058183,200,
1782389310.384694,1782389314.5656161,4180.948666995391,200,
1782389311.36189,1782389314.5745769,3212.7067500259727,200,
1782389311.369766,1782389314.627813,3258.068249968346,200,
1782389310.374112,1782389314.6792011,4305.116041039582,200,
1782389311.380828,1782389314.990747,3609.9419170059264,200,
1782389312.369869,1782389315.098401,2728.5481250146404,200,
1782389311.370646,1782389315.114291,3743.667541013565,200,
1782389310.376964,1782389315.117506,4740.572292008437,200,
1782389311.3684218,1782389315.1614878,3793.090082996059,200,
1782389312.376128,1782389315.180876,2804.7654170077294,200,
1782389311.377537,1782389315.227927,3850.4136249539442,200,
1782389311.378804,1782389315.381411,4002.633041993249,200,
1782389312.375211,1782389315.442322,3067.130042007193,200,
1782389310.3687491,1782389315.486186,5117.469000048004,200,
1782389311.369059,1782389315.7790668,4410.035709035583,200,
1782389312.366217,1782389315.804178,3437.982125033159,200,
1782389312.3776221,1782389315.867031,3489.430583023932,200,
1782389311.3796961,1782389315.8709152,4491.248042031657,200,
1782389311.382525,1782389315.914724,4532.228624972049,200,
1782389311.365439,1782389315.963551,4598.139791982248,200,
1782389311.3660429,1782389315.968725,4602.711666957475,200,
1782389311.373451,1782389316.0281,4654.678749968298,200,
1782389311.381435,1782389316.04803,4666.624541976489,200,
1782389311.371839,1782389316.309246,4937.438749999274,200,
1782389313.3688378,1782389316.427022,3058.202624961268,200,
1782389312.3798232,1782389316.57274,4192.944166017696,200,
1782389311.375625,1782389316.579962,5204.36916599283,200,
1782389310.366675,1782389316.632919,6266.284417011775,200,
1782389311.367481,1782389316.6397178,5272.271542053204,200,
1782389313.371799,1782389316.6940851,3322.306625021156,200,
1782389312.385921,1782389316.91076,4524.868124979548,200,
1782389312.3808231,1782389316.988241,4607.4482089607045,200,
1782389313.3743942,1782389316.989162,3614.789250015747,200,
1782389313.376831,1782389317.053746,3676.9257079577073,200,
1782389312.367075,1782389317.085461,4718.415999959689,200,
1782389314.371525,1782389317.194537,2823.029958002735,200,
1782389312.3713212,1782389317.360441,4989.152833004482,200,
1782389313.374136,1782389317.383169,4009.058375027962,200,
1782389314.376652,1782389317.4563022,3079.667208949104,200,
1782389313.367237,1782389317.46295,4095.7398749887943,200,
1782389312.368317,1782389317.517046,5148.761708987877,200,
1782389314.369948,1782389317.60671,3236.781958024949,200,
1782389313.367705,1782389317.735956,4368.277041998226,200,
1782389311.36345,1782389317.793418,6430.010125041008,200,
1782389311.376509,1782389317.812424,6435.940207971726,200,
1782389312.3628259,1782389317.87731,5514.519457996357,200,
1782389313.3756711,1782389317.884272,4508.628959010821,200,
1782389314.379621,1782389317.893173,3513.5737499804236,200,
1782389311.3724291,1782389317.907437,6535.051457991358,200,
1782389313.367501,1782389317.908538,4541.066584002692,200,
1782389313.370315,1782389317.9095008,4539.215707976837,200,
1782389313.3735738,1782389317.918761,4545.214916986879,200,
1782389315.369678,1782389317.9228642,2553.20062499959,200,
1782389314.378818,1782389317.924173,3545.377458038274,200,
1782389316.374997,1782389317.931839,1556.8504169932567,200,
1782389312.384493,1782389317.933588,5549.129916995298,200,
1782389313.3681228,1782389317.933631,4565.537583024707,200,
1782389314.367743,1782389317.936157,3568.435708002653,200,
1782389312.3851898,1782389317.937879,5552.72487498587,200,
1782389312.378717,1782389317.945687,5567.005583958235,200,
1782389315.36824,1782389317.953921,2585.697792004794,200,
1782389312.3822389,1782389317.957282,5575.078958005179,200,
1782389313.369513,1782389317.9646668,4595.182916964404,200,
1782389314.367295,1782389317.987099,3619.826666021254,200,
1782389314.3761668,1782389318.0751202,3698.9754579844885,200,
1782389314.36856,1782389318.0751848,3706.647500046529,200,
1782389310.382838,1782389318.0869482,7704.159999964759,200,
1782389316.3747861,1782389318.102763,1727.9867080505937,200,
1782389313.366612,1782389318.1471932,4780.61112499563,200,
1782389312.38273,1782389318.154596,5771.903832966927,200,
1782389312.363988,1782389318.168014,5804.0642499690875,200,
1782389311.374439,1782389318.176915,6802.521042001899,200,
1782389313.365001,1782389318.1956391,4830.668582988437,200,
1782389312.373205,1782389318.24577,5872.60341597721,200,
1782389313.36848,1782389318.272074,4903.624124999624,200,
1782389311.383436,1782389318.283545,6900.153333030175,200,
1782389316.370018,1782389318.2885141,1918.5064579942264,200,
1782389313.377405,1782389318.2900639,4912.68950002268,200,
1782389312.372195,1782389318.299716,5927.558958006557,200,
1782389313.3711271,1782389318.308661,4937.566249980591,200,
1782389312.365111,1782389318.3164291,5951.356957957614,200,
1782389315.3759549,1782389318.3315141,2955.576583975926,200,
1782389313.372807,1782389318.349237,4976.462709018961,200,
1782389315.374475,1782389318.417749,3043.292666960042,200,
1782389314.3663201,1782389318.477994,4111.699957982637,200,
1782389314.375377,1782389318.498466,4123.115750029683,200,
1782389315.3736398,1782389318.6235468,3249.927500030026,200,
1782389311.381799,1782389318.73429,7352.5392500450835,200,
1782389311.36448,1782389318.759945,7395.5125830252655,200,
1782389316.373389,1782389319.067999,2694.626667012926,200,
1782389317.3710341,1782389319.235231,1864.208334009163,200,
1782389315.3708658,1782389319.2824068,3911.5657079964876,200,
1782389314.380712,1782389319.357513,4976.834167027846,200,
1782389312.381574,1782389319.3645701,6983.042207953986,200,
1782389314.37217,1782389319.426744,5054.60537498584,200,
1782389316.374188,1782389319.763985,3389.8191250045784,200,
1782389313.376284,1782389319.87459,6498.348875029478,200,
1782389316.3729868,1782389319.933973,3561.0089999972843,200,
1782389316.371952,1782389319.9405289,3568.5994169907644,200,
1782389315.3769448,1782389319.956186,4579.270167043433,200,
1782389314.379912,1782389319.9606159,5580.740083998535,200,
1782389315.366674,1782389320.055579,4688.935709011275,200,
1782389315.3698728,1782389320.1187599,4748.917084012646,200,
1782389315.371915,1782389320.1196532,4747.768958040979,200,
1782389317.374304,1782389320.2177799,2843.493749969639,200,
1782389316.3727849,1782389320.257101,3884.33279201854,200,
1782389315.3685272,1782389320.3119612,4943.464165960904,200,
1782389317.376487,1782389320.322539,2946.0699999472126,200,
1782389316.373188,1782389320.3567739,3983.611584000755,200,
1782389315.37515,1782389320.393204,5018.085707968567,200,
1782389316.3752,1782389320.428,4052.8257499681786,200,
1782389317.3747299,1782389320.4443111,3069.5999580202624,200,
1782389317.370136,1782389320.499573,3129.4563749688677,200,
1782389315.3725991,1782389320.543757,5171.191375004128,200,
1782389315.376647,1782389320.5457,5169.049874995835,200,
1782389315.36927,1782389320.580044,5210.807874973398,200,
1782389313.372098,1782389321.030624,7658.576000016183,200,
1782389317.371371,1782389321.222898,3851.551208004821,200,
1782389317.373096,1782389321.235857,3862.7857500105165,200,
1782389314.375603,1782389321.272469,6896.9105840078555,200,
1782389316.371105,1782389321.293931,4922.858333971817,200,
1782389316.372161,1782389321.295937,4923.80749998847,200,
1782389315.369473,1782389321.516083,6146.648750000168,200,
1782389316.37132,1782389321.589511,5218.223792035133,200,
1782389316.371742,1782389321.655246,5283.537624985911,200,
1782389317.373641,1782389321.705405,4331.790958007332,200,
1782389314.376916,1782389321.900836,7523.9677500212565,200,
1782389315.3704891,1782389321.967701,6597.253790998366,200,
1782389317.371629,1782389321.993241,4621.641082980204,200,
1782389316.37051,1782389322.0686011,5698.127040988766,200,
1782389316.3739898,1782389322.152082,5778.129999991506,200,
1782389317.374943,1782389322.2025018,4827.589374966919,200,
1782389314.37586,1782389322.251966,7876.156457990874,200,
1782389312.37423,1782389322.2953339,9921.168458007742,200,
1782389318.3822908,1782389322.477644,4095.3787909820676,200,
1782389318.382737,1782389322.4913,4108.590417017695,200,
1782389315.376241,1782389322.5559502,7179.755666991696,200,
1782389318.377152,1782389322.58866,4211.535374983214,200,
1782389315.3674612,1782389322.5914528,7224.0387499914505,200,
1782389314.3750741,1782389322.603363,8228.341708017979,200,
1782389319.379623,1782389322.603415,3223.8128330209292,200,
1782389317.368714,1782389322.603449,5234.769583970774,200,
1782389313.367892,1782389322.730026,9362.193917040713,200,
1782389316.3743858,1782389322.8611379,6486.7936670198105,200,
1782389319.3798342,1782389323.049006,3669.195500027854,200,
1782389319.376493,1782389323.101411,3724.9411669909023,200,
1782389318.370132,1782389323.135274,4765.171459002886,200,
1782389318.371349,1782389323.1556108,4784.293583012186,200,
1782389318.375929,1782389323.156615,4780.715915956534,200,
1782389320.380967,1782389323.188985,2808.0354999983683,200,
1782389316.37379,1782389323.304265,6930.520916997921,200,
1782389314.377167,1782389323.335466,8958.357500028796,200,
1782389318.373035,1782389323.407098,5034.094917005859,200,
1782389317.3706932,1782389323.444412,6073.758875019848,200,
1782389319.3800478,1782389323.4482281,4068.2063749991357,200,
1782389319.378774,1782389323.4536278,4074.8804160393775,200,
1782389317.3756008,1782389323.5539641,6178.402125020511,200,
1782389318.374899,1782389323.58379,5208.923124999274,200,
1782389314.374152,1782389323.594597,9220.504832977895,200,
1782389317.373402,1782389323.596755,6223.394041997381,200,
1782389315.3700721,1782389323.67704,8307.021957996767,200,
1782389314.367536,1782389323.703865,9336.389583011623,200,
1782389316.374588,1782389323.7288268,7354.286584013607,200,
1782389318.373337,1782389323.73656,5363.257792021614,200,
1782389312.376771,1782389323.763524,11386.828333023004,200,
1782389312.383453,1782389323.774368,11390.99070802331,200,
1782389314.376409,1782389323.7965078,9420.16091698315,200,
1782389320.374866,1782389323.823364,3448.5177079914138,200,
1782389318.379657,1782389323.870709,5491.085749992635,200,
1782389313.375032,1782389323.934676,10559.712625050452,200,
1782389317.375156,1782389324.020993,6645.879166957457,200,
1782389319.3792052,1782389324.033788,4654.613125021569,200,
1782389318.371605,1782389324.0364852,5664.913042041007,200,
1782389317.374521,1782389324.099912,6725.433291983791,200,
1782389318.370998,1782389324.100418,5729.4570410158485,200,
1782389315.3688252,1782389324.1029508,8734.183125023264,200,
1782389319.379414,1782389324.114155,4734.770750044845,200,
1782389319.378528,1782389324.168426,4789.928957994562,200,
1782389318.376874,1782389324.196827,5819.9907499947585,200,
1782389320.375548,1782389324.2402072,3864.6831670193933,200,
1782389320.3849978,1782389324.333726,3948.7542919814587,200,
1782389319.3779562,1782389324.417129,5039.205082983244,200,
1782389318.3806899,1782389324.422225,6041.5735830320045,200,
1782389315.369062,1782389324.5148249,9145.823375030886,200,
1782389320.38456,1782389324.557493,4172.958875016775,200,
1782389318.378117,1782389324.642279,6264.202957972884,200,
1782389319.372832,1782389324.6539578,5281.159417005256,200,
1782389321.378048,1782389324.6870022,3308.975416002795,200,
1782389320.374397,1782389324.702482,4328.112125047483,200,
1782389318.3764029,1782389324.811119,6434.7570419777185,200,
1782389319.37829,1782389324.8990421,5520.786707988009,200,
1782389319.372273,1782389324.9096708,5537.43383300025,200,
1782389323.391978,1782389324.947125,1555.1559579907916,200,
1782389315.377206,1782389324.997558,9620.414792036172,200,
1782389319.374861,1782389325.072833,5698.009459010791,200,
1782389320.3720598,1782389325.180311,4808.281541976612,200,
1782389318.382525,1782389325.215581,6833.10112496838,200,
1782389317.375365,1782389325.270109,7894.795625004917,200,
1782389321.3734322,1782389325.3618739,3988.4678330272436,200,
1782389320.379138,1782389325.38984,5010.734541981947,200,
1782389320.380394,1782389325.665246,5284.886292007286,200,
1782389322.380946,1782389325.666564,3285.639167006593,200,
1782389320.37408,1782389325.704512,5330.465416016523,200,
1782389321.381546,1782389325.7197871,4338.268166990019,200,
1782389323.381641,1782389325.785713,2404.087000002619,200,
1782389320.37328,1782389325.814362,5441.116417001467,200,
1782389321.3782961,1782389325.83713,4458.862958010286,200,
1782389321.379446,1782389325.850071,4470.653500000481,200,
1782389320.383828,1782389325.857621,5473.828541988041,200,
1782389319.371659,1782389325.9239638,6552.346042008139,200,
1782389313.372502,1782389325.94699,12574.571375036612,200,
1782389316.367563,1782389325.959306,9591.807167045772,200,
1782389321.385244,1782389326.032059,4646.845459006727,200,
1782389313.368304,1782389326.043266,12675.04399997415,200,
1782389318.372585,1782389326.089825,7717.290874978062,200,
1782389322.3797078,1782389326.11425,3734.565874969121,200,
1782389322.37634,1782389326.16011,3783.7928329827264,200,
1782389321.378531,1782389326.1696792,4791.179083986208,200,
1782389321.387317,1782389326.169696,4782.41008304758,200,
1782389317.3723211,1782389326.170441,8798.17791597452,200,
1782389317.376192,1782389326.173183,8797.048958949745,200,
1782389321.376468,1782389326.173833,4797.3966670106165,200,
1782389320.3771589,1782389326.184064,5806.941457965877,200,
1782389319.375506,1782389326.187836,6812.37537501147,200,
1782389320.38147,1782389326.196028,5814.595874981023,200,
1782389322.374243,1782389326.211757,3837.538333958946,200,
1782389318.38197,1782389326.215227,7833.309416018892,200,
1782389320.375307,1782389326.218658,5843.389625020791,200,
1782389317.377001,1782389326.247377,8870.435292017646,200,
1782389323.3809412,1782389326.2742321,2893.308375030756,200,
1782389323.3864472,1782389326.275404,2888.97516700672,200,
1782389321.384133,1782389326.279962,4895.86083299946,200,
1782389322.380642,1782389326.308647,3928.030167007819,200,
1782389319.3711932,1782389326.309729,6938.58120799996,200,
1782389317.3767219,1782389326.316962,8940.298124973197,200,
1782389321.380418,1782389326.324276,4943.889832997229,200,
1782389322.378282,1782389326.363542,3985.2842909749597,200,
1782389322.375392,1782389326.3670988,3991.7090420494787,200,
1782389322.381922,1782389326.423599,4041.7031660326757,200,
1782389320.378164,1782389326.429237,6051.110583008267,200,
1782389320.375762,1782389326.440098,6064.375457994174,200,
1782389320.383531,1782389326.4582028,6074.711541994475,200,
1782389317.373872,1782389326.5182002,9144.388624990825,200,
1782389321.387659,1782389326.551442,5163.815874955617,200,
1782389319.374481,1782389326.552108,7177.6742080110125,200,
1782389321.38367,1782389326.565225,5181.588750041556,200,
1782389321.377703,1782389326.5652401,5187.571124988608,200,
1782389321.3821828,1782389326.5732439,5191.095708985813,200,
1782389323.3906748,1782389326.573259,3182.6046670321375,200,
1782389320.3746428,1782389326.5766451,6202.043415978551,200,
1782389316.3735921,1782389326.597089,10223.564957967028,200,
1782389321.375545,1782389326.607094,5231.5809589927085,200,
1782389321.377237,1782389326.627106,5249.902834009845,200,
1782389321.3858528,1782389326.638575,5252.755708002951,200,
1782389321.384438,1782389326.650074,5265.669834043365,200,
1782389322.379213,1782389326.6954381,4316.253625031095,200,
1782389320.375081,1782389326.702394,6327.352457970846,200,
1782389321.382601,1782389326.7035232,5320.9559170063585,200,
1782389323.3873339,1782389326.705664,3318.351583031472,200,
1782389320.381997,1782389326.7566211,6374.665332958102,200,
1782389319.3789928,1782389326.7729862,7394.041416991968,200,
1782389322.379467,1782389326.85055,4471.111999999266,200,
1782389322.382831,1782389326.871532,4488.729625009,200,
1782389323.3885498,1782389326.8973289,3508.800333016552,200,
1782389319.3770711,1782389326.9113522,7534.329749993049,200,
1782389322.381693,1782389326.930743,4549.079374992289,200,
1782389324.3801868,1782389326.9720802,2591.909000009764,200,
1782389323.3882968,1782389326.977747,3589.4735830370337,200,
1782389325.3813388,1782389326.983156,1601.826916972641,200,
1782389322.3811991,1782389327.007244,4626.075042004231,200,
1782389316.371535,1782389327.077717,10706.252083007712,200,
1782389322.382608,1782389327.078846,4696.268333005719,200,
1782389314.378151,1782389327.116499,12738.431874953676,200,
1782389323.3793879,1782389327.1268039,3747.439583996311,200,
1782389321.386305,1782389327.126824,5740.55720801698,200,
1782389321.383349,1782389327.12943,5746.117167000193,200,
1782389319.371989,1782389327.209131,7837.192625040188,200,
1782389320.375979,1782389327.2180312,6842.096666980069,200,
1782389319.373151,1782389327.2195709,7846.4717080350965,200,
1782389323.3790562,1782389327.2275672,3848.535457975231,200,
1782389316.3725839,1782389327.24596,10873.448167054448,200,
1782389322.3789618,1782389327.2523699,4873.440165945794,200,
1782389318.382934,1782389327.276161,8893.285583006218,200,
1782389323.376411,1782389327.2879171,3911.5312499925494,200,
1782389323.384834,1782389327.296917,3912.1068330132402,200,
1782389324.383548,1782389327.336562,2953.0330420238897,200,
1782389322.3772109,1782389327.346569,4969.389708014205,200,
1782389319.3706582,1782389327.375325,8004.719667020254,200,
1782389323.3896909,1782389327.605294,4215.629082988016,200,
1782389324.3766851,1782389327.701534,3324.869792035315,200,
1782389325.37993,1782389327.702508,2322.592332959175,200,
1782389316.372365,1782389327.735232,11362.942499981727,200,
1782389315.3706791,1782389327.7990348,12428.43750002794,200,
1782389323.382122,1782389327.808713,4426.618875004351,200,
1782389324.383787,1782389327.817036,3433.270084031392,200,
1782389322.378687,1782389327.819179,5440.527166996617,200,
1782389324.3799622,1782389327.828374,3448.4332500142045,200,
1782389323.3878348,1782389327.835001,4447.194917011075,200,
1782389322.380196,1782389327.842533,5462.372458016034,200,
1782389323.37862,1782389327.8472362,4468.644750013482,200,
1782389324.381859,1782389327.85628,3474.441750033293,200,
1782389317.37409,1782389327.879531,10505.510124959983,200,
1782389322.3814359,1782389327.8852758,5503.876416012645,200,
1782389316.370862,1782389327.9368792,11566.092125023715,200,
1782389322.375005,1782389327.957856,5582.8868329990655,200,
1782389323.388064,1782389327.974984,4586.949834018014,200,
1782389324.3832672,1782389328.005356,3622.1115829539485,200,
1782389324.379192,1782389328.055522,3676.35312495986,200,
1782389322.382378,1782389328.078271,5695.928791014012,200,
1782389322.37995,1782389328.1069272,5727.01341699576,200,
1782389324.384727,1782389328.1357598,3751.0561660164967,200,
1782389322.3830569,1782389328.1769469,5793.927291990258,200,
1782389323.3875961,1782389328.2429829,4855.417833023239,200,
1782389314.3692958,1782389328.244638,13875.4334160476,200,
1782389325.382098,1782389328.306108,2924.0281250094995,200,
1782389324.380637,1782389328.3329332,3952.321082993876,200,
1782389324.3808808,1782389328.370912,3990.056332957465,200,
1782389324.3786812,1782389328.373072,3994.416666973848,200,
1782389324.3777869,1782389328.39024,4012.4787090462632,200,
1782389319.373379,1782389328.390285,9016.965540999081,200,
1782389325.382815,1782389328.419015,3036.2175829941407,200,
1782389325.382577,1782389328.4297469,3047.189790988341,200,
1782389325.381601,1782389328.503965,3122.383583977353,200,
1782389325.380172,1782389328.570985,3190.833750006277,200,
1782389315.37028,1782389328.582292,13212.098666990642,200,
1782389325.384956,1782389328.596899,3211.9619580334984,200,
1782389325.377857,1782389328.657332,3279.4964580098167,200,
1782389323.3890061,1782389328.6701639,5281.192207999993,200,
1782389324.382781,1782389328.698684,4315.930166980252,200,
1782389325.384693,1782389328.7204921,3335.819082974922,200,
1782389324.379494,1782389328.7215219,4342.056458001025,200,
1782389325.3841941,1782389328.738603,3354.4302079826593,200,
1782389323.385899,1782389328.742613,5356.748082966078,200,
1782389325.383857,1782389328.7529972,3369.161707989406,200,
1782389324.384498,1782389328.809891,4425.421500054654,200,
1782389324.384981,1782389328.87098,4486.025249992963,200,
1782389324.381121,1782389328.893147,4512.055374972988,200,
1782389324.379735,1782389328.962069,4582.36375002889,200,
1782389318.374021,1782389328.97502,10601.068374991883,200,
1782389325.38607,1782389328.991658,3605.611457955092,200,
1782389326.385029,1782389328.992772,2607.7578749973327,200,
1782389323.3836281,1782389329.0316958,5648.103874991648,200,
1782389319.372528,1782389329.057579,9685.11550000403,200,
1782389325.3796952,1782389329.066873,3687.200416054111,200,
1782389327.381855,1782389329.088649,1706.8025000044145,200,
1782389323.386971,1782389329.091295,5704.3603750062175,200,
1782389317.3718631,1782389329.138734,11766.948415955994,200,
1782389325.3789032,1782389329.170877,3791.9982080347836,200,
1782389324.3857331,1782389329.250358,4864.657291967887,200,
1782389326.379997,1782389329.250581,2870.602874958422,200,
1782389325.3823402,1782389329.251227,3868.9122500363737,200,
1782389323.382776,1782389329.263427,5880.687040975317,200,
1782389326.380524,1782389329.288092,2907.586041954346,200,
1782389327.381427,1782389329.297677,1916.2614579545334,200,
1782389326.384539,1782389329.328631,2944.110415992327,200,
1782389325.381841,1782389329.435909,4054.0931670111604,200,
1782389320.381751,1782389329.5408168,9159.124791040085,200,
1782389326.382729,1782389329.591122,3208.41137500247,200,
1782389324.38525,1782389329.649421,5264.205000014044,200,
1782389325.3810282,1782389329.700311,4319.309999991674,200,
1782389327.381642,1782389329.705333,2323.7061660038307,200,
1782389326.3817768,1782389329.711391,3329.634374997113,200,
1782389325.379199,1782389329.718032,4338.860999967437,200,
1782389325.379462,1782389329.8109372,4431.504542008042,200,
1782389327.396713,1782389329.893759,2497.059667017311,200,
1782389319.373976,1782389329.9430761,10569.169207999948,200,
1782389327.384358,1782389329.945535,2561.192332999781,200,
1782389326.384783,1782389329.9720151,3587.2555000241846,200,
1782389326.38401,1782389329.9840481,3600.061207951512,200,
1782389326.381253,1782389330.004964,3623.7340419902466,200,
1782389317.3726919,1782389330.041319,12668.709166988265,200,
1782389326.385511,1782389330.1378381,3752.350250026211,200,
1782389321.384927,1782389330.1473448,8762.475624971557,200,
1782389327.3809972,1782389330.1524632,2771.483124990482,200,
1782389321.388041,1782389330.1531808,8765.197707980406,200,
1782389327.3924181,1782389330.1531992,2760.7990840333514,200,
1782389326.380268,1782389330.201876,3821.6330829891376,200,
1782389325.3844469,1782389330.211991,4827.575125033036,200,
1782389325.3868349,1782389330.2295759,4842.77095797006,200,
1782389320.382932,1782389330.236386,9853.518209012691,200,
1782389322.383297,1782389330.267286,7884.039791999385,200,
1782389314.370552,1782389330.347787,15977.340708021075,200,
1782389328.380123,1782389330.5869162,2206.8059589946643,200,
1782389318.373812,1782389330.6919959,12318.265916022938,200,
1782389327.380784,1782389330.766382,3385.6185830081813,200,
1782389326.385273,1782389330.787797,4402.552000014111,200,
1782389326.3857431,1782389330.833584,4447.8682079934515,200,
1782389328.385078,1782389330.834027,2448.963916976936,200,
1782389328.380806,1782389330.8401349,2459.343125054147,200,
1782389326.38598,1782389330.84256,4456.608292006422,200,
1782389324.384243,1782389330.8463218,6462.121542019304,200,
1782389326.383559,1782389330.9485729,4565.042374946643,200,
1782389327.382933,1782389331.016223,3633.311000012327,200,
1782389327.3875232,1782389331.077371,3689.8708749795333,200,
1782389327.38916,1782389331.1549718,3765.834665973671,200,
1782389325.38056,1782389331.177567,5797.044290986378,200,
1782389327.3854709,1782389331.194557,3809.1088329674676,200,
1782389327.391277,1782389331.219875,3828.581041947473,200,
1782389328.3833542,1782389331.2887712,2905.4354169638827,200,
1782389326.379488,1782389331.3146088,4935.152374964673,200,
1782389328.382296,1782389331.346451,2964.173791988287,200,
1782389327.388831,1782389331.362132,3973.3272080193274,200,
1782389327.3902001,1782389331.444034,4053.858791012317,200,
1782389328.382719,1782389331.497016,3114.313875033986,200,
1782389326.378986,1782389331.5396018,5160.648374992888,200,
1782389318.3735838,1782389331.60621,13232.71333304001,200,
1782389327.3951511,1782389331.624542,4229.418542003259,200,
1782389328.3814342,1782389331.672197,3290.7839579856955,200,
1782389329.388552,1782389331.718125,2329.5862919767387,200,
1782389327.379104,1782389331.77882,4399.7430829913355,200,
1782389329.387535,1782389331.7808871,2393.367082986515,200,
1782389328.383994,1782389331.811291,3427.317292022053,200,
1782389327.393614,1782389331.84751,4453.9251669775695,200,
1782389326.378127,1782389331.992796,5614.705374988262,200,
1782389327.3915489,1782389332.083494,4691.975083027501,200,
1782389328.382507,1782389332.319464,3936.9826250476763,200,
1782389328.382068,1782389332.3197289,3937.6867079990916,200,
1782389328.383779,1782389332.365506,3981.751208018977,200,
1782389328.381012,1782389332.4397829,4058.7964589940384,200,
1782389327.382661,1782389332.4548512,5072.221249982249,200,
1782389328.3803751,1782389332.4549131,4074.5647080475464,200,
1782389330.384663,1782389332.501162,2116.512041015085,200,
1782389320.382251,1782389332.5679219,12185.751000011805,200,
1782389328.381223,1782389332.652931,4271.734625042882,200,
1782389325.383148,1782389332.6708639,7287.764374981634,200,
1782389318.3789382,1782389332.693851,14315.00733300345,200,
1782389327.381212,1782389332.6986601,5317.481749982107,200,
1782389328.3842041,1782389332.749137,4364.96141704265,200,
1782389330.391131,1782389332.807313,2416.194707970135,200,
1782389322.38215,1782389332.8540459,10471.96375002386,200,
1782389327.3800719,1782389332.865199,5485.162541968748,200,
1782389329.3838148,1782389333.020087,3636.294749972876,200,
1782389328.3816488,1782389333.046031,4664.411415986251,200,
1782389324.3840158,1782389333.0473971,8663.437417009845,200,
1782389327.380571,1782389333.050082,5669.548082980327,200,
1782389318.3831308,1782389333.1123798,14729.344041028526,200,
1782389328.384866,1782389333.114709,4729.87350000767,200,
1782389323.38247,1782389333.118871,9736.465124995448,200,
1782389331.387095,1782389333.164798,1777.7139160316437,200,
1782389329.3893828,1782389333.230588,3841.2302499637008,200,
1782389329.387111,1782389333.435379,4048.294125008397,200,
1782389330.3903239,1782389333.4753458,3085.0410829880275,200,
1782389328.3846478,1782389333.526919,5142.3037920030765,200,
1782389329.387327,1782389333.574992,4187.69125000108,200,
1782389329.387948,1782389333.6772852,4289.364958007354,200,
1782389321.380705,1782389333.6779342,12297.310249996372,200,
1782389325.386419,1782389333.77808,8391.715875011869,200,
1782389329.388151,1782389333.7848241,4396.701416000724,200,
1782389329.3846169,1782389333.789074,4404.485500010196,200,
1782389329.38917,1782389333.905739,4516.598333022557,200,
1782389328.3829381,1782389333.9076931,5524.791292031296,200,
1782389329.384843,1782389334.0651891,4680.375165946316,200,
1782389329.381386,1782389334.081774,4700.4187920247205,200,
1782389330.389807,1782389334.1354408,3745.6567919580266,200,
1782389330.391785,1782389334.25036,3858.5998340277,200,
1782389326.379748,1782389334.280611,7900.9142920258455,200,
1782389329.389614,1782389334.347722,4958.140541042667,200,
1782389323.3798258,1782389334.356291,10976.537042006385,200,
1782389324.3854961,1782389334.362635,9977.204416005407,200,
1782389329.3889558,1782389334.3835788,4994.655375019647,200,
1782389330.3820732,1782389334.429311,4047.2631249576807,200,
1782389326.37872,1782389334.452993,8074.324875022285,200,
1782389331.3907468,1782389334.459745,3069.017249974422,200,
1782389330.392266,1782389334.493706,4101.465665968135,200,
1782389329.386818,1782389334.49541,5108.624292013701,200,
1782389329.387743,1782389334.539924,5152.212291024625,200,
1782389328.380598,1782389334.54176,6161.2020409666,200,
1782389326.380754,1782389334.584129,8203.427708009258,200,
1782389333.3899698,1782389334.601532,1211.5692080114968,200,
1782389329.385931,1782389334.641408,5255.510207964107,200,
1782389331.386643,1782389334.675246,3288.6225419933908,200,
1782389330.390893,1782389334.676826,4285.961166955531,200,
1782389330.38322,1782389334.6819909,4298.798125004396,200,
1782389326.384286,1782389334.690965,8306.733584031463,200,
1782389332.395433,1782389334.71531,2319.891416002065,200,
1782389331.385201,1782389334.744684,3359.5023329835385,200,
1782389330.386173,1782389334.772609,4386.463999981061,200,
1782389330.385351,1782389334.823484,4438.161041005515,200,
1782389332.394995,1782389334.846148,2451.1673750239424,200,
1782389333.39307,1782389334.88625,1493.189791974146,200,
1782389331.391618,1782389334.895104,3503.5060830414295,200,
1782389331.389195,1782389334.906068,3516.895457985811,200,
1782389330.390668,1782389334.986183,4595.54487495916,200,
1782389330.3875148,1782389334.996031,4608.546082978137,200,
1782389329.388355,1782389335.0442932,5655.974707973655,200,
1782389329.38875,1782389335.061793,5673.078374995384,200,
1782389327.3832908,1782389335.1104991,7727.257416001521,200,
1782389333.39125,1782389335.1177568,1726.5074999886565,200,
1782389332.39456,1782389335.2191,2824.5575829641894,200,
1782389326.37924,1782389335.287176,8907.994583016261,200,
1782389330.388735,1782389335.2880661,4899.362416996155,200,
1782389331.388473,1782389335.315487,3927.0374999614432,200,
1782389334.390416,1782389335.459609,1069.1972500062548,200,
1782389332.3947752,1782389335.471432,3076.6761249979027,200,
1782389330.391574,1782389335.5678341,5176.29254097119,200,
1782389329.386461,1782389335.601763,6215.34245897783,200,
1782389332.396543,1782389335.608203,3211.6804579854943,200,
1782389330.39136,1782389335.6184692,5227.14316699421,200,
1782389333.391871,1782389335.631329,2239.472665998619,200,
1782389332.3943439,1782389335.659188,3264.8646669695154,200,
1782389333.389023,1782389335.680162,2291.152707999572,200,
1782389332.3932211,1782389335.6809878,3287.788041983731,200,
1782389333.386456,1782389336.051924,2665.484583005309,200,
1782389333.391669,1782389336.0529149,2661.263042013161,200,
1782389326.38688,1782389336.1099,9723.084207973443,200,
1782389331.389956,1782389336.112562,4722.63745800592,200,
1782389330.384311,1782389336.126229,5741.955083038192,200,
1782389332.389769,1782389336.1302102,3740.464458009228,200,
1782389330.392064,1782389336.139138,5747.09191697184,200,
1782389334.386892,1782389336.279658,1892.7767079439946,200,
1782389328.37956,1782389336.297212,7917.704958003014,200,
1782389334.393476,1782389336.297451,1903.987166006118,200,
1782389334.3973172,1782389336.313222,1915.91654100921,200,
1782389335.393136,1782389336.342334,949.2032079724595,200,
1782389329.389825,1782389336.3423529,6952.573791029863,200,
1782389332.395217,1782389336.347924,3952.7315830346197,200,
1782389331.39229,1782389336.35109,4958.83195794886,200,
1782389324.380414,1782389336.3840268,12003.692166006658,200,
1782389330.389486,1782389336.386704,5997.256083006505,200,
1782389332.391767,1782389336.405625,4013.883834006265,200,
1782389330.387917,1782389336.432545,6044.667250011116,200,
1782389333.393902,1782389336.4374459,3043.5620410135016,200,
1782389334.397641,1782389336.446635,2049.005833978299,200,
1782389331.383413,1782389336.478519,5095.138541015331,200,
1782389331.392076,1782389336.47942,5087.375959032215,200,
1782389334.395935,1782389336.497634,2101.712084026076,200,
1782389329.385192,1782389336.497678,7112.5327500049025,200,
1782389333.391045,1782389336.522762,3131.7364999558777,200,
1782389332.384351,1782389336.559519,4175.194749957882,200,
1782389331.3902872,1782389336.630472,5240.217582962941,200,
1782389334.3944051,1782389336.631082,2236.6899590124376,200,
1782389333.389438,1782389336.6497731,3260.3564170422032,200,
1782389326.3810198,1782389336.651789,10270.837374962866,200,
1782389332.3939042,1782389336.681957,4288.050082977861,200,
1782389332.3927639,1782389336.6892521,4296.5127500356175,200,
1782389332.389516,1782389336.8114922,4422.004666994326,200,
1782389329.3842702,1782389336.840908,7456.686208024621,200,
1782389334.389504,1782389336.965088,2575.5995420040563,200,
1782389332.3936698,1782389336.9670532,4573.412708006799,200,
1782389334.39625,1782389337.016941,2620.706333022099,200,
1782389332.3963149,1782389337.0696461,4673.36004099343,200,
1782389331.392715,1782389337.152546,5759.868708031718,200,
1782389335.391424,1782389337.1625578,1771.1432499927469,200,
1782389331.3876202,1782389337.169651,5782.06879098434,200,
1782389333.394895,1782389337.1876721,3792.8007090231404,200,
1782389334.3979661,1782389337.191284,2793.3360830065794,200,
1782389331.3859892,1782389337.2046,5818.649291002657,200,
1782389328.383147,1782389337.250436,8867.347083985806,200,
1782389331.391405,1782389337.2609768,5869.609958026558,200,
1782389333.387966,1782389337.322648,3934.706708008889,200,
1782389333.3952482,1782389337.342808,3947.5845410488546,200,
1782389330.392927,1782389337.442337,7049.453375046141,200,
1782389332.396068,1782389337.4528792,5056.843333994038,200,
1782389333.390399,1782389337.4557178,4065.3454159619287,200,
1782389334.393822,1782389337.503847,3110.0435420521535,200,
1782389332.390008,1782389337.518566,5128.590415988583,200,
1782389328.381859,1782389337.539635,9157.836625003256,200,
1782389331.3880901,1782389337.570872,6182.822624978144,200,
1782389328.383562,1782389337.605483,9221.981000038795,200,
1782389335.3929229,1782389337.628185,2235.2758329943754,200,
1782389335.39039,1782389337.629932,2239.552333019674,200,
1782389333.387017,1782389337.632755,4245.765166997444,200,
1782389332.388811,1782389337.6327722,5243.995584023651,200,
1782389335.3924851,1782389337.662116,2269.643790961709,200,
1782389331.39119,1782389337.694653,6303.504375042394,200,
1782389333.3883011,1782389337.731609,4343.335166980978,200,
1782389333.390605,1782389337.734318,4343.741374963429,200,
1782389330.3932369,1782389337.74259,7349.400917009916,200,
1782389331.392502,1782389337.7550578,6362.597625004128,200,
1782389331.3909702,1782389337.8232682,6432.339374965522,200,
1782389334.392888,1782389337.8577971,3464.9290000088513,200,
1782389333.389733,1782389337.8692129,4479.509250028059,200,
1782389334.39323,1782389337.883133,3489.9250000016764,200,
1782389334.3878028,1782389337.95736,3569.58004104672,200,
1782389333.387279,1782389337.970597,4583.347417006735,200,
1782389333.395651,1782389337.9831161,4587.495208019391,200,
1782389334.396522,1782389338.02246,3625.9612920111977,200,
1782389332.3958552,1782389338.0276082,5631.78787502693,200,
1782389331.3868842,1782389338.032091,6645.2499580336735,200,
1782389331.391862,1782389338.234775,6842.957334010862,200,
1782389336.394851,1782389338.352942,1958.101833006367,200,
1782389334.398238,1782389338.354572,3956.359457981307,200,
1782389334.39074,1782389338.369621,3978.904582967516,200,
1782389328.384425,1782389338.571386,10187.02679197304,200,
1782389334.3921778,1782389338.6307042,4238.551707996521,200,
1782389335.390166,1782389338.646061,3255.8890000218526,200,
1782389333.387687,1782389338.783236,5395.58416698128,200,
1782389332.395643,1782389338.785582,6389.981290965807,200,
1782389329.385632,1782389338.7884219,9402.852125000209,200,
1782389333.3908339,1782389339.030339,5639.541999960784,200,
1782389334.38815,1782389339.043052,4654.9306670203805,200,
1782389329.386209,1782389339.054166,9668.019541015383,200,
1782389330.387024,1782389339.078837,8691.852332965937,200,
1782389327.3803468,1782389339.2857778,11905.508333991747,200,
1782389335.391217,1782389339.3177202,3926.5284999855794,200,
1782389334.395325,1782389339.460219,5064.9229169939645,200,
1782389334.391072,1782389339.643629,5252.590875024907,200,
1782389337.3961432,1782389339.701975,2305.8469999814406,200,
1782389335.390811,1782389339.723893,4333.109125029296,200,
1782389336.397164,1782389339.729355,3332.2129589505494,200,
1782389337.3975449,1782389339.799576,2402.045457973145,200,
1782389335.391642,1782389339.839348,4447.735249996185,200,
1782389337.4009018,1782389339.881824,2480.9379169601016,200,
1782389334.388903,1782389339.95107,5562.202125031035,200,
1782389330.388173,1782389340.011754,9623.644582985435,200,
1782389335.393755,1782389340.0894668,4695.742625044659,200,
1782389337.395915,1782389340.219878,2823.9815830020234,200,
1782389336.393048,1782389340.229381,3836.3563750172034,200,
1782389337.392404,1782389340.3039622,2911.576042009983,200,
1782389338.398208,1782389340.331479,1933.2809579791501,200,
1782389336.3975859,1782389340.352314,3954.7535839956254,200,
1782389334.392564,1782389340.416928,6024.401083006524,200,
1782389336.395883,1782389340.600542,4204.685790988151,200,
1782389337.393183,1782389340.651377,3258.2142500323243,200,
1782389336.393835,1782389340.7368598,4343.053749995306,200,
1782389336.394182,1782389340.7368891,4342.735332960729,200,
1782389331.387871,1782389340.779735,9391.92608295707,200,
1782389335.391854,1782389340.788537,5396.71504101716,200,
1782389333.391464,1782389340.7962198,7404.804292018525,200,
1782389336.3973749,1782389340.827884,4430.538291984703,200,
1782389335.3894348,1782389340.831158,5441.759082954377,200,
1782389336.396947,1782389340.905375,4508.456957992166,200,
1782389335.390603,1782389340.925441,5534.87287502503,200,
1782389336.396307,1782389340.931118,4534.839291009121,200,
1782389332.393446,1782389340.986295,8592.904124991037,200,
1782389336.391478,1782389341.0631402,4671.6901659965515,200,
1782389335.394391,1782389341.280839,5886.4863340277225,200,
1782389336.39464,1782389341.281397,4886.7898330208845,200,
1782389339.398099,1782389341.502054,2103.966875001788,200,
1782389336.395675,1782389341.538068,5142.425458994694,200,
1782389337.401324,1782389341.586273,4184.975374955684,200,
1782389335.3910122,1782389341.6697001,6278.7287079845555,200,
1782389337.3918989,1782389341.702008,4310.135458013974,200,
1782389335.393549,1782389341.7033558,6309.8477920284495,200,
1782389337.400666,1782389341.72049,4319.852249987889,200,
1782389338.3972402,1782389341.7326562,3335.4364580009133,200,
1782389331.386393,1782389341.7366369,10350.31250002794,200,
1782389335.39271,1782389341.7550201,6362.350041978061,200,
1782389336.392313,1782389341.781374,5389.095709018875,200,
1782389336.388413,1782389341.781672,5393.294709036127,200,
1782389338.393116,1782389341.7846332,3391.538916970603,200,
1782389336.395265,1782389341.789873,5394.643082981929,200,
1782389337.398853,1782389341.8103309,4411.506500036921,200,
1782389337.398297,1782389341.822444,4424.173667037394,200,
1782389334.391614,1782389341.8532999,7461.7332920315675,200,
1782389336.395056,1782389342.166955,5771.935541997664,200,
1782389338.4017558,1782389342.1669939,3765.2625829796307,200,
1782389338.3940759,1782389342.1944802,3800.428959017154,200,
1782389337.392652,1782389342.2187111,4826.089917041827,200,
1782389331.390524,1782389342.2209432,10830.489708983805,200,
1782389339.397677,1782389342.221498,2823.8384999567643,200,
1782389337.399084,1782389342.263345,4864.2907090252265,200,
1782389336.39609,1782389342.282985,5886.9315420161,200,
1782389337.39434,1782389342.2830222,4888.713834050577,200,
1782389338.3936799,1782389342.3014889,3907.831958029419,200,
1782389335.393345,1782389342.3510668,6957.767625048291,200,
1782389337.3997571,1782389342.3551219,4955.396083008964,200,
1782389339.3959522,1782389342.410599,3014.6661670296453,200,
1782389335.392273,1782389342.44168,7049.452250008471,200,
1782389339.394913,1782389342.47453,3079.6368330484256,200,
1782389338.392101,1782389342.65611,4264.03699995717,200,
1782389330.3924758,1782389342.77388,12381.48529198952,200,
1782389336.3954718,1782389342.793494,6398.06358399801,200,
1782389339.3954291,1782389342.7984629,3403.054041962605,200,
1782389336.390453,1782389342.811519,6421.107208007015,200,
1782389336.3967402,1782389342.820919,6424.219209002331,200,
1782389337.4011168,1782389342.828898,5427.816457988229,200,
1782389335.393965,1782389342.835297,7441.38070900226,200,
1782389339.396401,1782389342.8696241,3473.245625034906,200,
1782389338.400098,1782389342.869639,4469.569957989734,200,
1782389337.395217,1782389342.8764129,5481.231625017244,200,
1782389341.393885,1782389342.905618,1511.7423749761656,200,
1782389339.3993769,1782389342.956177,3556.822665967047,200,
1782389338.402828,1782389342.986613,4583.813708042726,200,
1782389339.3970351,1782389343.070774,3673.7631669966504,200,
1782389337.40037,1782389343.085783,5685.448874952272,200,
1782389338.398836,1782389343.098294,4699.487374979071,200,
1782389339.394457,1782389343.1276422,3733.2065829541534,200,
1782389333.3885598,1782389343.1486442,9760.148375004064,200,
1782389335.388226,1782389343.156673,7768.497374956496,200,
1782389338.396252,1782389343.17573,4779.5075419708155,200,
1782389337.389875,1782389343.1962152,5806.3749999855645,200,
1782389340.395134,1782389343.210197,2815.0807920028456,200,
1782389335.389729,1782389343.22335,7833.672542008571,200,
1782389337.3963661,1782389343.241894,5845.564999966882,200,
1782389339.39151,1782389343.245835,3854.349375003949,200,
1782389339.398308,1782389343.247956,3849.6736669912934,200,
1782389338.399243,1782389343.2549498,4855.738041980658,200,
1782389338.400823,1782389343.281217,4880.425209004898,200,
1782389338.3918562,1782389343.306575,4914.751291973516,200,
1782389340.395753,1782389343.337473,2941.736833017785,200,
1782389340.3942442,1782389343.366231,2972.0056250225753,200,
1782389340.3994539,1782389343.387472,2988.036957976874,200,
1782389339.394687,1782389343.408722,4014.0610830276273,200,
1782389339.398516,1782389343.4515488,4053.058375022374,200,
1782389338.391535,1782389343.515682,5124.180166982114,200,
1782389338.395308,1782389343.538078,5142.802874965128,200,
1782389337.397313,1782389343.5652092,6167.93462500209,200,
1782389339.398952,1782389343.576807,4177.881249983329,200,
1782389342.3981812,1782389343.5965,1198.2744580018334,200,
1782389336.389514,1782389343.632573,7243.105125031434,200,
1782389338.3923259,1782389343.745344,5353.052374965046,200,
1782389342.396041,1782389343.8530262,1456.9937090273015,200,
1782389339.397472,1782389343.8633962,4465.952374972403,200,
1782389338.398425,1782389343.8994,5501.01133302087,200,
1782389338.398634,1782389343.904871,5506.271457998082,200,
1782389339.398725,1782389343.935468,4536.772541003302,200,
1782389332.392997,1782389343.939945,11547.023791994434,200,
1782389335.389951,1782389344.136035,8746.141167008318,200,
1782389339.3978848,1782389344.237779,4839.9256249540485,200,
1782389340.3930812,1782389344.2463129,3853.254666959401,200,
1782389339.395148,1782389344.273862,4878.745209018234,200,
1782389341.400453,1782389344.375455,2975.018583005294,200,
1782389341.397009,1782389344.539965,3142.976791015826,200,
1782389333.3901892,1782389344.541951,11151.836124947295,200,
1782389341.400237,1782389344.5727959,3172.5791670032777,200,
1782389341.399293,1782389344.578536,3179.2611249838956,200,
1782389334.396744,1782389344.597274,10200.597291986924,200,
1782389340.396687,1782389344.6446762,4248.015916964505,200,
1782389341.397252,1782389344.831778,3434.5479999901727,200,
1782389343.400348,1782389344.8373451,1437.0051250443794,200,
1782389338.3979032,1782389344.8609412,6463.079499953892,200,
1782389340.3945642,1782389344.862865,4468.328165996354,200,
1782389340.398137,1782389344.8813,4483.190208033193,200,
1782389340.397909,1782389344.893873,4495.991832984146,200,
1782389341.3995378,1782389344.900934,3501.4181660371833,200,
1782389339.399164,1782389344.906446,5507.31541600544,200,
1782389338.390211,1782389344.918359,6528.190999990329,200,
1782389341.3961961,1782389344.939733,3543.559291982092,200,
1782389340.393528,1782389344.9701052,4576.606457994785,200,
1782389332.3924758,1782389345.08642,12694.028542027809,200,
1782389340.3974679,1782389345.087182,4689.744208997581,200,
1782389342.4005451,1782389345.10765,2707.1204999811016,200,
1782389341.3989818,1782389345.134578,3735.6196249602363,200,
1782389338.40134,1782389345.145937,6744.641832949128,200,
1782389341.396415,1782389345.148343,3751.9511669524945,200,
1782389339.396827,1782389345.156339,5759.548915957566,200,
1782389335.392062,1782389345.188716,9796.716834011022,200,
1782389341.39838,1782389345.201519,3803.162250027526,200,
1782389335.3941839,1782389345.21262,9818.500541034155,200,
1782389339.396618,1782389345.217129,5820.548207964748,200,
1782389339.3972638,1782389345.2419982,5844.7722920100205,200,
1782389341.394731,1782389345.247651,3852.9447500477545,200,
1782389340.393307,1782389345.257662,4864.386708999518,200,
1782389340.39402,1782389345.278669,4884.680291987024,200,
1782389341.395025,1782389345.3965352,4001.5363749698736,200,
1782389337.398612,1782389345.4094741,8010.913875012193,200,
1782389340.398365,1782389345.489551,5091.219625028316,200,
1782389341.400911,1782389345.490158,4089.2734579974785,200,
1782389338.392779,1782389345.522976,7130.242750048637,200,
1782389340.3990169,1782389345.5891259,5190.142250037752,200,
1782389342.402167,1782389345.614229,3212.081541016232,200,
1782389343.4005601,1782389345.6812851,2280.7379589648917,200,
1782389342.406996,1782389345.730597,3323.621582996566,200,
1782389340.393745,1782389345.7452302,5351.518541981932,200,
1782389343.402208,1782389345.7548878,2352.693958033342,200,
1782389340.392821,1782389345.7692611,5376.473416981753,200,
1782389344.400536,1782389345.771296,1370.767957996577,200,
1782389342.403415,1782389345.77131,3367.916665971279,200,
1782389343.40105,1782389345.7723992,2371.3649589917623,200,
1782389340.3919969,1782389345.795018,5403.054833004717,200,
1782389340.3960268,1782389345.797279,5401.287916989531,200,
1782389343.3999228,1782389345.913524,2513.6167500168085,200,
1782389337.3956742,1782389345.925898,8530.277416983154,200,
1782389344.409226,1782389345.940299,1531.081874971278,200,
1782389341.399777,1782389345.986707,4586.960583052132,200,
1782389342.3970199,1782389345.997925,3600.9276669938117,200,
1782389343.398171,1782389346.027516,2629.3621250079013,200,
1782389342.398875,1782389346.049856,3651.004582992755,200,
1782389342.4055822,1782389346.077141,3671.5826250147074,200,
1782389344.407958,1782389346.0983,1690.3525419766083,200,
1782389343.401985,1782389346.114832,2712.8626669873483,200,
1782389336.3911018,1782389346.119338,9728.299667011015,200,
1782389342.3974001,1782389346.134609,3737.233500054572,200,
1782389342.4051578,1782389346.144923,3739.7877909825183,200,
1782389336.396518,1782389346.1759849,9779.531624983065,200,
1782389344.406359,1782389346.196704,1790.3556659584865,200,
1782389332.394119,1782389346.215023,13820.996207999997,200,
1782389341.3957188,1782389346.2386749,4842.987333016936,200,
1782389342.399937,1782389346.242739,3842.826666950714,200,
1782389344.408192,1782389346.243356,1835.175792046357,200,
1782389337.397036,1782389346.3067598,8909.782624978106,200,
1782389343.401273,1782389346.331271,2930.0149170449004,200,
1782389342.3946571,1782389346.3333719,3938.739292032551,200,
1782389341.395945,1782389346.3433,4947.385583946016,200,
1782389343.3997009,1782389346.346287,2946.602875017561,200,
1782389344.404416,1782389346.3491251,1944.7211670340039,200,
1782389342.399298,1782389346.3509371,3951.6630829893984,200,
1782389343.399474,1782389346.369357,2969.9012089986354,200,
1782389341.398128,1782389346.379806,4981.709583953489,200,
1782389341.397845,1782389346.379852,4982.038792048115,200,
1782389343.403987,1782389346.425057,3021.0887910216115,200,
1782389344.4050791,1782389346.448183,2043.1165000190958,200,
1782389341.396735,1782389346.448939,5052.235415962059,200,
1782389343.396336,1782389346.451026,3054.709166986868,200,
1782389342.398539,1782389346.460371,4061.858040979132,200,
1782389344.404862,1782389346.462645,2057.795249973424,200,
1782389343.403158,1782389346.510101,3106.9610419799574,200,
1782389343.3992152,1782389346.571996,3172.8011250379495,200,
1782389341.395487,1782389346.572119,5176.663958991412,200,
1782389345.4002712,1782389346.596318,1196.0543330060318,200,
1782389341.3975198,1782389346.637259,5239.772957982495,200,
1782389342.4014778,1782389346.637501,4236.050500010606,200,
1782389343.397078,1782389346.642602,3245.5439590266906,200,
1782389342.404257,1782389346.647312,4243.080833985005,200,
1782389344.402781,1782389346.647361,2244.593499985058,200,
1782389339.394146,1782389346.676018,7281.919708009809,200,
1782389343.398953,1782389346.6956842,3296.752042020671,200,
1782389338.399037,1782389346.725618,8326.63629099261,200,
1782389339.395721,1782389346.734248,7338.573707966134,200,
1782389345.397849,1782389346.7540338,1356.1912499717437,200,
1782389340.399234,1782389346.7605839,6361.3897080067545,200,
1782389343.3983989,1782389346.761461,3363.0838749813847,200,
1782389342.405868,1782389346.7642229,4358.382083999459,200,
1782389345.402265,1782389346.765672,1363.4141250513494,200,
1782389343.400141,1782389346.7692952,3369.1743750241585,200,
1782389338.403751,1782389346.770377,8366.680333041586,200,
1782389343.398613,1782389346.779499,3380.906375008635,200,
1782389345.401471,1782389346.782073,1380.6101249647327,200,
1782389344.407081,1782389346.810569,2403.5012499662116,200,
1782389342.402678,1782389346.831437,4428.786124975886,200,
1782389342.397917,1782389346.857363,4459.473541006446,200,
1782389345.403075,1782389346.8579578,1454.8914160113782,200,
1782389342.400286,1782389346.859871,4459.612958016805,200,
1782389341.395263,1782389346.892651,5497.367249976378,200,
1782389345.403281,1782389346.8976982,1494.4246250088327,200,
1782389345.4012742,1782389346.901932,1500.664874969516,200,
1782389344.404156,1782389346.906029,2501.887332997285,200,
1782389343.3976908,1782389346.9074,3509.7305840463378,200,
1782389345.399466,1782389346.942235,1542.7787500084378,200,
1782389344.4053,1782389346.9615638,2556.2794160214253,200,
1782389344.409544,1782389346.963576,2554.048000019975,200,
1782389339.396186,1782389346.978558,7582.420416001696,200,
1782389343.4007711,1782389347.013846,3613.0980409798212,200,
1782389340.3987992,1782389347.021303,6622.545999998692,200,
1782389344.401081,1782389347.065238,2664.172624994535,200,
1782389345.40167,1782389347.265708,1864.0487079974264,200,
1782389341.4000058,1782389347.312153,5912.183791981079,200,
1782389343.39736,1782389347.359618,3962.2834579786286,200,
1782389345.400874,1782389347.365568,1964.7063339943998,200,
1782389346.403132,1782389347.36802,964.8924169596285,200,
1782389346.404032,1782389347.455012,1050.985292007681,200,
1782389345.399667,1782389347.469794,2070.139833027497,200,
1782389346.409847,1782389347.546821,1136.9796670041978,200,
1782389344.406623,1782389347.561429,3154.8262080177665,200,
1782389345.401072,1782389347.627991,2226.9312500138767,200,
1782389346.399335,1782389347.6357172,1236.3884170190431,200,
1782389344.404641,1782389347.719557,3314.9367090081796,200,
1782389345.402066,1782389347.7200918,2318.0401250137947,200,
1782389346.408698,1782389347.751284,1342.59308304172,200,
1782389344.40751,1782389347.801276,3393.78724998096,200,
1782389342.4066691,1782389347.802165,5395.530375011731,200,
1782389345.3990452,1782389347.807924,2408.893875021022,200,
1782389344.4072928,1782389347.821704,3414.432125049643,200,
1782389336.394419,1782389347.8228962,11428.550999960862,200,
1782389337.396659,1782389347.863264,10466.672832961194,200,
1782389344.407731,1782389347.869405,3461.6954590310343,200,
1782389346.403713,1782389347.909856,1506.152582995128,200,
1782389340.397207,1782389347.912701,7515.541875036433,200,
1782389344.401409,1782389347.9449542,3543.5662500094622,200,
1782389346.404673,1782389347.963965,1559.2998750507832,200,
1782389345.402665,1782389347.976558,2573.908041988034,200,
1782389345.4024599,1782389347.98052,2578.075249970425,200,
1782389340.398585,1782389348.01212,7613.584749982692,200,
1782389346.400188,1782389348.021916,1621.737583016511,200,
1782389345.398805,1782389348.037313,2638.5232500033453,200,
1782389345.398477,1782389348.204415,2805.9543750132434,200,
1782389346.4034681,1782389348.2080598,1804.6010420075618,200,
1782389340.3976908,1782389348.245164,7847.523582982831,200,
1782389346.4004219,1782389348.2599602,1859.5483749522828,200,
1782389345.400065,1782389348.265434,2865.385583951138,200,
1782389341.4006789,1782389348.276478,6875.84341695765,200,
1782389345.402869,1782389348.284999,2882.148667005822,200,
1782389345.400473,1782389348.299276,2898.8204170018435,200,
1782389346.407713,1782389348.325393,1917.6906250067987,200,
1782389347.402791,1782389348.367462,964.6744169876911,200,
1782389346.402689,1782389348.382475,1979.798833024688,200,
1782389347.4033852,1782389348.4091089,1005.7300829794258,200,
1782389343.401717,1782389348.4356859,5034.000583051238,200,
1782389346.400647,1782389348.503038,2102.3685830296017,200,
1782389346.4071639,1782389348.5038478,2096.697541011963,200,
1782389346.406529,1782389348.530998,2124.481624981854,200,
1782389344.397703,1782389348.543297,4145.618458045647,200,
1782389346.4095418,1782389348.667489,2257.9609579988755,200,
1782389346.404973,1782389348.737813,2332.8534580068663,200,
1782389346.405817,1782389348.740195,2334.3917920137756,200,
1782389346.4023418,1782389348.7567601,2354.430959036108,200,
1782389344.405979,1782389348.815212,4409.2601670417935,200,
1782389345.401869,1782389348.82233,3420.4819580190815,200,
1782389346.402914,1782389348.865866,2462.965832964983,200,
1782389343.397936,1782389348.9136581,5515.756041975692,200,
1782389347.4019048,1782389348.9564018,1554.5048750354908,200,
1782389347.406572,1782389348.977278,1570.7157499855384,200,
1782389346.4016829,1782389348.986455,2584.7877920023166,200,
1782389342.4063082,1782389349.05325,6646.984332997818,200,
1782389347.4044218,1782389349.095546,1691.133499960415,200,
1782389347.407525,1782389349.098749,1691.2335000233725,200,
1782389343.401494,1782389349.107008,5705.549583013635,200,
1782389342.402441,1782389349.154757,6752.359459002037,200,
1782389346.4082391,1782389349.1566908,2748.469250043854,200,
1782389347.4069078,1782389349.213174,1806.2756669824012,200,
1782389347.4023,1782389349.289103,1886.814083030913,200,
1782389344.4037492,1782389349.29531,4891.590834013186,200,
1782389340.3954182,1782389349.308605,8913.246000010986,200,
1782389347.401702,1782389349.335743,1934.0531660127454,200,
1782389348.405057,1782389349.393329,988.2759579923004,200,
1782389344.4034328,1782389349.397249,4993.8471670029685,200,
1782389342.406085,1782389349.425816,7019.7756250272505,200,
1782389347.40592,1782389349.42958,2023.672707960941,200,
1782389345.40067,1782389349.430499,4029.855749977287,200,
1782389348.403679,1782389349.586405,1182.7336249989457,200,
1782389347.4011672,1782389349.586421,2185.2682909811847,200,
1782389347.401484,1782389349.586431,2184.9615829996765,200,
1782389347.405596,1782389349.615072,2209.4895410118625,200,
1782389348.404014,1782389349.868062,1464.0557499951683,200,
1782389347.404028,1782389349.971528,2567.5140420207754,200,
1782389348.4026408,1782389349.974151,1571.519499993883,200,
1782389347.404618,1782389349.975295,2570.6933329929598,200,
1782389348.403509,1782389349.999465,1595.9661669912748,200,
1782389344.4068532,1782389349.999766,5592.947834054939,200,
1782389345.399261,1782389350.0046709,4605.440458049998,200,
1782389347.4021,1782389350.072809,2670.7234579953365,200,
1782389348.4029891,1782389350.135634,1732.6558339991607,200,
1782389348.404366,1782389350.158907,1754.5501660206355,200,
1782389347.4003682,1782389350.164289,2763.9374579885043,200,
1782389348.405586,1782389350.194376,1788.7990419985726,200,
1782389348.404715,1782389350.250547,1845.84287495818,200,
1782389347.404963,1782389350.253808,2848.8631660002284,200,
1782389347.4063392,1782389350.267143,2860.821166948881,200,
1782389348.400861,1782389350.299798,1898.9483330515213,200,
1782389347.407277,1782389350.365162,2957.9045409918763,200,
1782389349.4084811,1782389350.379083,970.6054589478299,200,
1782389348.403341,1782389350.380979,1977.649084001314,200,
1782389349.4189582,1782389350.381359,962.406916951295,200,
1782389347.4079092,1782389350.3961332,2988.2426249678247,200,
1782389348.402103,1782389350.4295151,2027.4220420396887,200,
1782389348.402464,1782389350.430223,2027.7709999936633,200,
1782389348.404195,1782389350.43782,2033.6374170146883,200,
1782389345.399864,1782389350.5195038,5119.67295903014,200,
1782389349.41947,1782389350.523765,1104.3017909978516,200,
1782389349.4152782,1782389350.5287511,1113.477959006559,200,
1782389348.403848,1782389350.53356,2129.724292026367,200,
1782389348.405938,1782389350.5484228,2142.4969999934547,200,
1782389346.408951,1782389350.673568,4264.644583046902,200,
1782389349.4011059,1782389350.722194,1321.0949170170352,200,
1782389346.409227,1782389350.724833,4315.6324999872595,200,
1782389349.402981,1782389350.750429,1347.451249952428,200,
1782389349.417325,1782389350.7506182,1333.3014160161838,200,
1782389349.410236,1782389350.752037,1341.8082089629024,200,
1782389349.4117088,1782389350.7810931,1369.3898750352673,200,
1782389348.40541,1782389350.7826922,2377.2972500300966,200,
1782389349.416706,1782389350.792795,1376.095167011954,200,
1782389349.411098,1782389350.809258,1398.1675000395626,200,
1782389349.406125,1782389350.81903,1412.9117080010474,200,
1782389349.40941,1782389350.819073,1409.6719159861095,200,
1782389348.404889,1782389350.888204,2483.3303749910556,200,
1782389348.403171,1782389350.891038,2487.8834589617327,200,
1782389348.402818,1782389350.8960268,2493.2232910068706,200,
1782389348.402287,1782389350.911883,2509.611457993742,200,
1782389348.404536,1782389350.9327402,2528.0888339621015,200,
1782389349.402297,1782389350.967932,1565.6437499565072,200,
1782389349.40712,1782389350.979769,1572.6575839798898,200,
1782389349.4042492,1782389350.998225,1593.9855420147069,200,
1782389347.4053602,1782389351.059444,3654.106125002727,200,
1782389349.41786,1782389351.08658,1668.7297080061398,200,
1782389347.4077172,1782389351.103186,3695.492499973625,200,
1782389349.40578,1782389351.15116,1745.3900420223363,200,
1782389349.404829,1782389351.1571991,1752.37941701198,200,
1782389349.412392,1782389351.165192,1752.80879100319,200,
1782389346.410075,1782389351.197112,4787.066833989229,200,
1782389349.412968,1782389351.210143,1797.1846250002272,200,
1782389350.41838,1782389351.235502,817.1256660134532,200,
1782389350.4214468,1782389351.241239,819.7959170211107,200,
1782389350.414312,1782389351.256981,842.6735829561949,200,
1782389349.414249,1782389351.259319,1845.079624967184,200,
1782389349.4114418,1782389351.283634,1872.201958030928,200,
1782389349.414592,1782389351.335007,1920.425999967847,200,
1782389350.424763,1782389351.362859,938.1005840259604,200,
1782389350.4206479,1782389351.548214,1127.569416014012,200,
1782389350.411166,1782389351.562639,1151.4790830551647,200,
1782389350.4101372,1782389351.662457,1252.3255409905687,200,
1782389350.425107,1782389351.6959429,1270.8437499823049,200,
1782389348.405236,1782389351.73583,3330.6146249524318,200,
1782389349.403758,1782389351.738196,2334.451832983177,200,
1782389350.402991,1782389351.740923,1337.9387080203742,200,
1782389350.417363,1782389351.7477992,1330.4423749796115,200,
1782389350.4227352,1782389351.763548,1340.819290955551,200,
1782389350.424258,1782389351.7651641,1340.9125409671105,200,
1782389350.415387,1782389351.847142,1431.7634159815498,200,
1782389348.401885,1782389351.861435,3459.5712500158697,200,
1782389348.4057631,1782389351.86325,3457.5077079935,200,
1782389350.4123578,1782389351.89104,1478.6890839459375,200,
1782389347.4042299,1782389351.9062788,4502.076208009385,200,
1782389347.4037728,1782389351.909169,4505.423458002042,200,
1782389351.4258912,1782389352.041396,615.5064160120673,200,
1782389350.4133918,1782389352.057285,1643.9018750097603,200,
1782389350.422146,1782389352.1410859,1718.948666995857,200,
1782389351.403635,1782389352.1472,743.5673329746351,200,
1782389350.4074292,1782389352.190072,1782.6540000387467,200,
1782389351.4172218,1782389352.2606158,843.3978329994716,200,
1782389351.42189,1782389352.301902,880.0143750268035,200,
1782389351.452843,1782389352.312256,859.4170419964939,200,
1782389351.4323971,1782389352.337673,905.2797080366872,200,
1782389350.4157052,1782389352.3425548,1926.8611250445247,200,
1782389350.425409,1782389352.374393,1948.9946250105277,200,
1782389350.416092,1782389352.3771598,1961.07908396516,200,
1782389351.444313,1782389352.387945,943.635625008028,200,
1782389351.4303849,1782389352.390406,960.0248340284452,200,
1782389350.4238,1782389352.396888,1973.0990419629961,200,
1782389351.457727,1782389352.491081,1033.358209009748,200,
1782389350.417747,1782389352.495328,2077.591667009983,200,
1782389351.410822,1782389352.5218759,1111.0592919867486,200,
1782389351.42832,1782389352.5423858,1114.069415954873,200,
1782389351.4505,1782389352.574096,1123.6000420176424,200,
1782389351.4485419,1782389352.597517,1148.9812079817057,200,
1782389351.4544268,1782389352.614215,1159.7934169694781,200,
1782389350.419421,1782389352.624062,2204.653375025373,200,
1782389351.45927,1782389352.6270049,1167.7415000158362,200,
1782389351.4347022,1782389352.629823,1195.1270410208963,200,
1782389351.4140182,1782389352.646153,1232.1399579523131,200,
1782389351.419434,1782389352.665987,1246.5582500444725,200,
1782389351.4421492,1782389352.683569,1241.4253340102732,200,
1782389350.408816,1782389352.6855621,2276.758082967717,200,
1782389350.4150221,1782389352.707007,2291.998540982604,200,
1782389351.4463308,1782389352.7243671,1278.0410829582252,200,
1782389351.409272,1782389352.74001,1330.7443329831585,200,
1782389352.412318,1782389352.7541041,341.7848329991102,200,
1782389351.439771,1782389352.773431,1333.6662499932572,200,
1782389352.430039,1782389352.7917,361.65995796909556,200,
1782389352.42028,1782389352.806093,385.8123340178281,200,
1782389351.4560168,1782389352.8424058,1386.3960000453517,200,
1782389352.406821,1782389352.8503292,443.5080419643782,200,
1782389352.434237,1782389352.859711,425.474125018809,200,
1782389352.4468548,1782389352.894371,447.5180000299588,200,
1782389351.461406,1782389352.8987122,1437.3137910151854,200,
1782389351.437322,1782389353.000556,1563.2439160253853,200,
1782389352.416223,1782389353.0071309,590.9099159762263,200,
1782389352.480027,1782389353.1352031,655.1801250316203,200,
1782389352.4579961,1782389353.174283,716.2901659612544,200,
1782389352.473407,1782389353.1779861,704.5817919424735,200,
1782389352.440999,1782389353.1994612,758.4633329533972,200,
1782389352.427618,1782389353.203153,775.5376669811085,200,
1782389352.4223301,1782389353.204237,781.9112499710172,200,
1782389352.4829388,1782389353.212671,729.7347919666208,200,
1782389352.43857,1782389353.2142138,775.6483330158517,200,
1782389352.450989,1782389353.219939,768.9537080004811,200,
1782389352.456,1782389353.223835,767.8385829785839,200,
1782389352.462291,1782389353.235747,773.4589999890886,200,
1782389352.4764612,1782389353.2514172,774.9604579876177,200,
1782389352.470142,1782389353.258384,788.2451660116203,200,
1782389352.44865,1782389353.272929,824.2819579900242,200,
1782389352.436427,1782389353.3038468,867.4237079685554,200,
1782389352.443248,1782389353.307897,864.6408340428025,200,
1782389352.466723,1782389353.311251,844.5325409993529,200,
1782389352.453634,1782389353.3197088,866.0804589744657,200,
1782389353.40666,1782389353.5181189,111.45695898449048,200,
1782389353.408055,1782389353.54734,139.28399997530505,200,
1782389353.41252,1782389353.573913,161.39045800082386,200,
1782389353.416597,1782389353.602266,185.66841701976955,200,
1782389353.423386,1782389353.637144,213.75629102112725,200,
1782389353.410976,1782389353.654818,243.841124989558,200,
1782389353.428475,1782389353.712414,283.9381250087172,200,
1782389353.427192,1782389353.7220259,294.832875020802,200,
1782389353.415392,1782389353.7495492,334.1564579750411,200,
1782389353.4310882,1782389353.786963,355.874374974519,200,
1782389353.4297411,1782389353.790626,360.8854999765754,200,
1782389353.4322429,1782389353.852677,420.4337499686517,200,
1782389353.435298,1782389353.885321,450.0235409941524,200,
1782389353.424648,1782389353.895166,470.5188340158202,200,
1782389353.414042,1782389353.898956,484.9142080056481,200,
1782389353.437359,1782389353.9025762,465.2179169934243,200,
1782389353.409508,1782389353.9164941,506.9867079728283,200,
1782389353.434195,1782389353.9234009,489.2068749759346,200,
1782389353.419351,1782389353.925952,506.6029999870807,200,
1782389353.4177852,1782389353.929058,511.2750420230441,200,
1782389353.425923,1782389353.931573,505.6501670042053,200,
1782389353.4363499,1782389353.9414458,505.0969579606317,200,
1782389353.433182,1782389353.951017,517.8371659712866,200,
1782389353.420655,1782389353.952638,531.9862499600276,200,
1782389353.422087,1782389353.965492,543.4074999648146,200,
1782389354.4076102,1782389354.551014,143.40249996166676,200,
1782389354.409707,1782389354.588039,178.32975002238527,200,
1782389354.413356,1782389354.590397,177.03962500672787,200,
1782389354.412215,1782389354.6753752,263.1584590417333,200,
1782389354.4168398,1782389354.730366,313.52554203476757,200,
1782389354.415703,1782389354.732695,316.9920420041308,200,
1782389354.42296,1782389354.7619998,339.0389579581097,200,
1782389354.4291992,1782389354.7834518,354.2531250277534,200,
1782389354.427809,1782389354.791422,363.6127909994684,200,
1782389354.424078,1782389354.8428621,418.78537501906976,200,
1782389354.419213,1782389354.853106,433.8932919781655,200,
1782389354.411147,1782389354.863317,452.1701250341721,200,
1782389354.420513,1782389354.8903282,469.81600002618507,200,
1782389354.437799,1782389354.911886,474.08654203172773,200,
1782389354.442029,1782389354.92124,479.1632500127889,200,
1782389354.414589,1782389354.9547,540.1109170052223,200,
1782389354.426327,1782389354.9593751,533.0477920360863,200,
1782389354.421667,1782389354.98301,561.3448329968378,200,
1782389354.431762,1782389354.985685,553.9237919729203,200,
1782389354.4402409,1782389355.014745,574.506165983621,200,
1782389354.430366,1782389355.039446,609.0826250147074,200,
1782389354.433857,1782389355.043447,609.5926249981858,200,
1782389354.436091,1782389355.046259,610.1707079797052,200,
1782389354.417949,1782389355.0482292,630.2838749834336,200,
1782389354.425298,1782389355.061159,635.8649170142598,200,
1782389355.408566,1782389355.567992,159.42566603189334,200,
1782389355.410021,1782389355.5963361,186.31445901701227,200,
1782389355.413878,1782389355.608257,194.3774580140598,200,
1782389355.419349,1782389355.638792,219.44316703593358,200,
1782389355.412608,1782389355.692299,279.69104098156095,200,
1782389355.427419,1782389355.718103,290.68245796952397,200,
1782389355.432105,1782389355.726698,294.5921670179814,200,
1782389355.4176111,1782389355.733469,315.85787498624995,200,
1782389355.436079,1782389355.759437,323.35895899450406,200,
1782389355.434869,1782389355.841223,406.35429200483486,200,
1782389355.442368,1782389355.86369,421.3233340415172,200,
1782389355.4335449,1782389355.86694,433.3964590332471,200,
1782389355.428899,1782389355.922579,493.68100002175197,200,
1782389355.430292,1782389356.047741,617.4515419988893,200,
1782389355.421225,1782389356.056065,634.8427499760874,200,
1782389355.424726,1782389356.062526,637.8027920145541,200,
1782389355.443578,1782389356.090612,647.0375409699045,200,
1782389355.411272,1782389356.0938518,682.5837079668418,200,
1782389355.415841,1782389356.099256,683.4164999891073,200,
1782389355.43881,1782389356.10405,665.2431249967776,200,
1782389355.440112,1782389356.235392,795.2842499944381,200,
1782389355.437689,1782389356.241809,804.1239579906687,200,
1782389355.441181,1782389356.24543,804.2529579834081,200,
1782389355.423156,1782389356.253401,830.2493329974823,200,
1782389355.426347,1782389356.254459,828.1168339890428,200,
1782389356.409875,1782389356.535719,125.84399996558204,200,
1782389356.42034,1782389356.590216,169.87404198152944,200,
1782389356.425469,1782389356.605713,180.24349998449907,200,
1782389356.412218,1782389356.615673,203.45491700572893,200,
1782389356.418087,1782389356.631545,213.45729200402275,200,
1782389356.437818,1782389356.633493,195.67454198841006,200,
1782389356.423575,1782389356.651992,228.41608402086422,200,
1782389356.428388,1782389356.654078,225.6908750277944,200,
1782389356.431715,1782389356.660306,228.58949995134026,200,
1782389356.444125,1782389356.6959,251.77525001345202,200,
1782389356.436648,1782389356.703692,267.04525004606694,200,
1782389356.445405,1782389356.7105129,265.1089580031112,200,
1782389356.4469051,1782389356.719834,272.93029200518504,200,
1782389356.435254,1782389356.728797,293.5427500051446,200,
1782389356.4155788,1782389356.734715,319.1351250279695,200,
1782389356.430644,1782389356.754735,324.08925000345334,200,
1782389356.4416142,1782389356.783007,341.3924580090679,200,
1782389356.440556,1782389356.786083,345.52841598633677,200,
1782389356.432873,1782389356.790803,357.9299160046503,200,
1782389356.434135,1782389356.79675,362.61408298742026,200,
1782389356.429615,1782389356.809867,380.2514169947244,200,
1782389356.421935,1782389356.836714,414.7796669858508,200,
1782389356.442719,1782389356.848929,406.2104159966111,200,
1782389356.4266582,1782389356.8502731,423.61770797288045,200,
1782389356.439407,1782389356.858679,419.2738750134595,200,
1782389357.4133701,1782389357.549831,136.45870797336102,200,
1782389357.419344,1782389357.594316,174.96820900123566,200,
1782389357.417129,1782389357.609621,192.49087502248585,200,
1782389357.4145122,1782389357.621919,207.40725001087412,200,
1782389357.416287,1782389357.689458,273.1720830197446,200,
1782389357.423552,1782389357.707631,284.07870803494006,200,
1782389357.420265,1782389357.7994869,379.2227919911966,200,
1782389357.4185998,1782389357.8376791,419.0797920455225,200,
1782389357.417878,1782389357.8535511,435.67266600439325,200,
1782389357.424844,1782389357.8863091,461.4649169961922,200,
1782389357.4255621,1782389357.9030452,477.4854159913957,200,
1782389357.4228039,1782389357.904831,482.02841595048085,200,
1782389357.429315,1782389357.9177148,488.40116697829217,200,
1782389357.415402,1782389357.951665,536.2643330008723,200,
1782389357.426216,1782389357.961239,535.023792006541,200,
1782389357.427739,1782389357.968506,540.7699580537155,200,
1782389357.430803,1782389357.973823,543.0212920182385,200,
1782389357.421968,1782389357.9760199,554.0537920314819,200,
1782389357.432359,1782389357.97787,545.5123329884373,200,
1782389357.411398,1782389358.0190048,607.609250000678,200,
1782389357.430072,1782389358.03575,605.6795000331476,200,
1782389357.42125,1782389358.048088,626.840417040512,200,
1782389357.428544,1782389358.06324,634.6998329972848,200,
1782389357.426991,1782389358.063651,636.663832992781,200,
1782389357.4316092,1782389358.064092,632.4869159725495,200,
1782389358.411626,1782389358.5292249,117.59595799958333,200,
1782389358.4171789,1782389358.54822,131.03883300209418,200,
1782389358.4207082,1782389358.660424,239.71616599010304,200,
1782389358.41437,1782389358.699305,284.934459021315,200,
1782389358.415086,1782389358.707019,291.9340420048684,200,
1782389358.424812,1782389358.783027,358.21604199009016,200,
1782389358.416387,1782389358.78497,368.5848329914734,200,
1782389358.4213371,1782389358.798433,377.098000026308,200,
1782389358.4134579,1782389358.818846,405.39012500084937,200,
1782389358.42673,1782389358.831915,405.1854999852367,200,
1782389358.419461,1782389358.8334138,413.954375020694,200,
1782389358.4237561,1782389358.836735,412.98012499464676,200,
1782389358.418814,1782389358.8398058,420.99225003039464,200,
1782389358.4272609,1782389358.842985,415.72462499607354,200,
1782389358.4225879,1782389358.863418,440.83158299326897,200,
1782389358.412593,1782389358.8646479,452.05720904050395,200,
1782389358.4232142,1782389358.8655381,442.3259999603033,200,
1782389358.419868,1782389358.867326,447.45983398752287,200,
1782389358.418006,1782389358.870877,452.87170802475885,200,
1782389358.425822,1782389358.875076,449.25537501694635,200,
1782389358.424341,1782389358.8882592,463.919666945003,200,
1782389358.415777,1782389358.8926551,476.8801660393365,200,
1782389358.426264,1782389358.900325,474.0631669992581,200,
1782389358.425417,1782389358.901957,476.54249996412545,200,
1782389358.4219599,1782389358.909993,488.03595901699737,200,
1782389359.414231,1782389359.569004,154.77191703394055,200,
1782389359.416606,1782389359.63269,216.08283399837092,200,
1782389359.412822,1782389359.660436,247.61387502076104,200,
1782389359.417975,1782389359.71966,301.6862500226125,200,
1782389359.41871,1782389359.800407,381.69770798413083,200,
1782389359.415822,1782389359.8171258,401.30391699494794,200,
1782389359.4252539,1782389359.8282602,403.00629200646654,200,
1782389359.428396,1782389359.8635678,435.1730000344105,200,
1782389359.41504,1782389359.8951838,480.1452910178341,200,
1782389359.4245481,1782389359.895859,471.3128340081312,200,
1782389359.417335,1782389359.9035242,486.1896669608541,200,
1782389359.430877,1782389359.9052072,474.3313330109231,200,
1782389359.429661,1782389359.9331279,503.46795801306143,200,
1782389359.4208078,1782389359.940536,519.7289999923669,200,
1782389359.425868,1782389359.944489,518.6234579887241,200,
1782389359.422828,1782389359.946736,523.9095419528894,200,
1782389359.420026,1782389359.956078,536.0530000180006,200,
1782389359.419362,1782389359.957119,537.7595419995487,200,
1782389359.4239511,1782389359.961681,537.7306659938768,200,
1782389359.4289558,1782389359.963541,534.5865830313414,200,
1782389359.4278002,1782389359.971304,543.5064170160331,200,
1782389359.421416,1782389359.9777222,556.3081669970416,200,
1782389359.426532,1782389359.9786692,552.1404999890365,200,
1782389359.423384,1782389359.987458,564.077457995154,200,
1782389359.422132,1782389359.996856,574.7268340201117,200,
1782389360.414622,1782389360.602509,187.88599997060373,200,
1782389360.418294,1782389360.728478,310.183749999851,200,
1782389360.416825,1782389360.740211,323.38624994736165,200,
1782389360.413192,1782389360.755748,342.5565829966217,200,
1782389360.4223402,1782389360.793886,371.54804199235514,200,
1782389360.43011,1782389360.8180249,387.915332976263,200,
1782389360.4295669,1782389360.8202891,390.72358299745247,200,
1782389360.427955,1782389360.855059,427.104500005953,200,
1782389360.4212348,1782389360.8611882,439.9541660095565,200,
1782389360.417516,1782389360.862369,444.8540420271456,200,
1782389360.421835,1782389360.866612,444.7787089738995,200,
1782389360.418977,1782389360.871156,452.1798340138048,200,
1782389360.4254458,1782389360.8734238,447.9791249614209,200,
1782389360.426601,1782389360.901262,474.6624999679625,200,
1782389360.419764,1782389360.902291,482.52791695995256,200,
1782389360.423699,1782389360.904137,480.43908399995416,200,
1782389360.424362,1782389360.9204,496.03866698453203,200,
1782389360.428709,1782389360.922506,493.7980000395328,200,
1782389360.425937,1782389360.949471,523.5344579559751,200,
1782389360.42308,1782389360.969177,546.0984169621952,200,
1782389360.4154172,1782389361.000074,584.659084037412,200,
1782389360.4248698,1782389361.037638,612.7697909832932,200,
1782389360.4205718,1782389361.038934,618.3655000058934,200,
1782389360.415998,1782389361.041706,625.7111660088412,200,
1782389360.427401,1782389361.0464609,619.0635830280371,200,
1782389361.4133508,1782389361.568375,155.02312500029802,200,
1782389361.414368,1782389361.5755079,161.13908297847956,200,
1782389361.418808,1782389361.591816,173.0069590266794,200,
1782389361.4222322,1782389361.724511,302.2796669974923,200,
1782389361.4152021,1782389361.729624,314.4215420470573,200,
1782389361.425793,1782389361.7331588,307.3656249907799,200,
1782389361.418205,1782389361.743339,325.13304095482454,200,
1782389361.425211,1782389361.7598772,334.66541598318145,200,
1782389361.416034,1782389361.797268,381.23408396495506,200,
1782389361.4231071,1782389361.9516668,528.5630830330774,200,
1782389361.428352,1782389361.973854,545.5049170413986,200,
1782389361.426666,1782389361.9751208,548.4586250386201,200,
1782389361.4238138,1782389361.986795,562.9829589743167,200,
1782389361.4195998,1782389361.991564,571.9658329617232,200,
1782389361.421032,1782389362.0107179,589.689125015866,200,
1782389361.4175549,1782389362.012688,595.1353330165148,200,
1782389361.430847,1782389362.025154,594.3090000073425,200,
1782389361.4313788,1782389362.073018,641.6425000061281,200,
1782389361.430175,1782389362.1040242,673.8524999818765,200,
1782389361.420384,1782389362.117087,696.7062919866294,200,
1782389361.4274728,1782389362.270429,842.9597920039669,200,
1782389361.421619,1782389362.4017851,980.1717500085942,200,
1782389361.416702,1782389362.411732,995.0339999631979,200,
1782389361.424605,1782389362.412819,988.2194580277428,200,
1782389361.429395,1782389362.414881,985.4927909909748,200,
1782389362.419901,1782389362.799497,379.5973339583725,200,
1782389362.416193,1782389362.7996511,383.45995801500976,200,
1782389362.423367,1782389362.9350579,511.69312495039776,200,
1782389362.433001,1782389363.032908,599.9102499918081,200,
1782389362.434325,1782389363.112135,677.8131250175647,200,
1782389362.4244401,1782389363.113512,689.0746249700896,200,
1782389362.427016,1782389363.133578,706.5642079687677,200,
1782389362.431968,1782389363.1447082,712.7440419862978,200,
1782389362.439807,1782389363.154216,714.4125830382109,200,
1782389362.4431412,1782389363.158635,715.4972499702126,200,
1782389362.4448571,1782389363.161104,716.2511670030653,200,
1782389362.447988,1782389363.173059,725.0751670217142,200,
1782389362.4440188,1782389363.181937,737.9217919660732,200,
1782389362.4489,1782389363.184108,735.2127920021303,200,
1782389362.421219,1782389363.210654,789.4389579887502,200,
1782389362.4357271,1782389363.214816,779.0927499881946,200,
1782389362.4408262,1782389363.219778,778.9560420205817,200,
1782389362.43058,1782389363.222892,792.3151249997318,200,
1782389362.44709,1782389363.228985,781.8990829982795,200,
1782389362.4460459,1782389363.2298381,783.7973340065219,200,
1782389362.429076,1782389363.232117,803.0459999572486,200,
1782389362.4420538,1782389363.235122,793.0721250013448,200,
1782389362.425575,1782389363.236612,811.0419999575242,200,
1782389362.4378948,1782389363.238185,800.2954170224257,200,
1782389362.4222221,1782389363.241367,819.149709015619,200,
1782389363.417276,1782389363.50352,86.24179201433435,200,
1782389363.420023,1782389363.768049,348.0272089946084,200,
1782389363.4181461,1782389363.8013399,383.1948330043815,200,
1782389363.421751,1782389363.847265,425.51575001562014,200,
1782389363.427871,1782389363.969551,541.6810419992544,200,
1782389363.4226089,1782389364.131514,708.9091660454869,200,
1782389363.431867,1782389364.138161,706.295957963448,200,
1782389363.420647,1782389364.140803,720.1592500205152,200,
1782389363.43123,1782389364.143811,712.5838340143673,200,
1782389363.4188411,1782389364.151457,732.6186249847524,200,
1782389363.426701,1782389364.155091,728.3940829802305,200,
1782389363.4244962,1782389364.1558442,731.3518750015646,200,
1782389363.4261398,1782389364.159471,733.3341670455411,200,
1782389363.42899,1782389364.1729972,744.0109999733977,200,
1782389363.430065,1782389364.181953,751.8895830144174,200,
1782389363.4249759,1782389364.19547,770.4978340188973,200,
1782389363.423274,1782389364.217509,794.2384589696303,200,
1782389363.427348,1782389364.221159,793.8122500199825,200,
1782389363.421193,1782389364.2267258,805.5367909837514,200,
1782389363.419466,1782389364.234001,814.5381250069477,200,
1782389363.428457,1782389364.245523,817.0694169821218,200,
1782389363.423875,1782389364.265158,841.2867079605348,200,
1782389363.430478,1782389364.266463,835.9888750128448,200,
1782389363.429517,1782389364.270905,841.3885419722646,200,
1782389363.425544,1782389364.2735739,848.0347089935094,200,
1782389364.419636,1782389364.509203,89.56570801092312,200,
1782389364.418497,1782389364.515827,97.32937504304573,200,
1782389364.4267561,1782389364.564478,137.72054098080844,200,
1782389364.4238021,1782389364.566976,143.17299996037036,200,
1782389364.421653,1782389364.5706291,148.97454204037786,200,
1782389364.423197,1782389364.595126,171.92849999992177,200,
1782389364.420995,1782389364.6741052,253.10929195256904,200,
1782389364.4203331,1782389364.7067351,286.40074998838827,200,
1782389364.428579,1782389364.723775,295.1967080007307,200,
1782389364.425588,1782389364.736981,311.3920419709757,200,
1782389364.427448,1782389364.738743,311.29591702483594,200,
1782389364.4301949,1782389364.758243,328.04895797744393,200,
1782389364.431596,1782389364.7973409,365.7451249891892,200,
1782389364.432266,1782389364.803199,370.934332953766,200,
1782389364.427986,1782389364.8267362,398.7505830009468,200,
1782389364.4345589,1782389364.8385751,404.01808300521225,200,
1782389364.424427,1782389364.8413708,416.944041964598,200,
1782389364.4225101,1782389364.843315,420.8046660060063,200,
1782389364.4341109,1782389364.8471801,413.07004197733477,200,
1782389364.4309309,1782389364.849175,418.24416699819267,200,
1782389364.426223,1782389364.85598,429.7582089784555,200,
1782389364.432867,1782389364.8578858,425.02116702962667,200,
1782389364.424971,1782389364.863225,438.2562499959022,200,
1782389364.433484,1782389364.8644228,430.9418330085464,200,
1782389364.429447,1782389364.8747818,445.3376670135185,200,
1782389365.419582,1782389365.5230742,103.48983301082626,200,
1782389365.420833,1782389365.538292,117.45679198065773,200,
1782389365.42316,1782389365.5424252,119.26345800748095,200,
1782389365.425127,1782389365.580859,155.7313749799505,200,
1782389365.422384,1782389365.616328,193.9434579689987,200,
1782389365.434954,1782389365.6595252,224.57054199185222,200,
1782389365.421684,1782389365.677998,256.3134579686448,200,
1782389365.430978,1782389365.700007,269.0288340090774,200,
1782389365.424468,1782389365.7165802,292.11233399109915,200,
1782389365.426975,1782389365.731544,304.5700829825364,200,
1782389365.4332259,1782389365.733836,300.60979101108387,200,
1782389365.434434,1782389365.735917,301.4839999959804,200,
1782389365.431533,1782389365.7752352,343.70087494608015,200,
1782389365.4320488,1782389365.782649,350.5987499956973,200,
1782389365.428149,1782389365.7969432,368.7938750372268,200,
1782389365.4326148,1782389365.825851,393.2362079503946,200,
1782389365.4238,1782389365.8340101,410.21145798731595,200,
1782389365.4275799,1782389365.8349152,407.3363339994103,200,
1782389365.426291,1782389365.8373702,411.0808330005966,200,
1782389365.433862,1782389365.844404,410.5416249949485,200,
1782389365.425718,1782389365.852167,426.4504170278087,200,
1782389365.430376,1782389365.856411,426.0369580006227,200,
1782389365.429257,1782389365.857825,428.57020802330226,200,
1782389365.428719,1782389365.8597178,431.00137502187863,200,
1782389365.429824,1782389365.872551,442.72929202998057,200,
1782389366.420278,1782389366.511092,90.81191598670557,200,
1782389366.421243,1782389366.535408,114.16291602654383,200,
1782389366.423191,1782389366.539965,116.77287495695055,200,
1782389366.425044,1782389366.545398,120.35195803036913,200,
1782389366.4281678,1782389366.5889258,160.75754101620987,200,
1782389366.4243991,1782389366.596711,172.31066699605435,200,
1782389366.422621,1782389366.676648,254.02649998432025,200,
1782389366.426851,1782389366.6810539,254.2022910201922,200,
1782389366.433891,1782389366.73965,305.7590830139816,200,
1782389366.426251,1782389366.7650719,338.8223329675384,200,
1782389366.4314282,1782389366.781161,349.73454201826826,200,
1782389366.430162,1782389366.799506,369.3432500003837,200,
1782389366.432641,1782389366.800322,367.6815829821862,200,
1782389366.421889,1782389366.8028429,380.95483399229124,200,
1782389366.4237921,1782389366.809,385.2080829674378,200,
1782389366.4332721,1782389366.8133252,380.05266699474305,200,
1782389366.435552,1782389366.822091,386.53924997197464,200,
1782389366.42751,1782389366.8246741,397.16416597366333,200,
1782389366.43445,1782389366.8383172,403.86724995914847,200,
1782389366.42881,1782389366.84043,411.6198329720646,200,
1782389366.43071,1782389366.9085891,477.8796249884181,200,
1782389366.429517,1782389366.911107,481.5909580211155,200,
1782389366.434964,1782389366.9136052,478.6422500037588,200,
1782389366.432013,1782389366.923897,491.8866670341231,200,
1782389366.4256582,1782389366.928472,502.81629199162126,200,
1782389367.421451,1782389367.520454,98.99991599377245,200,
1782389367.4250472,1782389367.528472,103.42225001659244,200,
1782389367.422792,1782389367.530439,107.64591698534787,200,
1782389367.4270642,1782389367.588537,161.47312498651445,200,
1782389367.430597,1782389367.599322,168.72520901961252,200,
1782389367.42449,1782389367.601166,176.67620797874406,200,
1782389367.426406,1782389367.625293,198.88587505556643,200,
1782389367.4313128,1782389367.737355,306.04158400092274,200,
1782389367.439401,1782389367.739317,299.91508298553526,200,
1782389367.441515,1782389367.760789,319.2744170082733,200,
1782389367.425652,1782389367.771696,346.0442920331843,200,
1782389367.428378,1782389367.772821,344.44254101254046,200,
1782389367.436139,1782389367.774126,337.987124978099,200,
1782389367.427656,1782389367.781892,354.23720901599154,200,
1782389367.434825,1782389367.793867,359.04212499735877,200,
1782389367.429121,1782389367.804,374.8795000137761,200,
1782389367.437611,1782389367.8064902,368.87970799580216,200,
1782389367.434069,1782389367.833791,399.72229197155684,200,
1782389367.435467,1782389367.835948,400.48162499442697,200,
1782389367.429844,1782389367.841535,411.691166984383,200,
1782389367.440135,1782389367.86755,427.4164169910364,200,
1782389367.4368699,1782389367.8809228,444.0525840036571,200,
1782389367.423753,1782389367.887948,464.1970419907011,200,
1782389367.4385111,1782389367.89538,456.8701249663718,200,
1782389367.440727,1782389367.896298,455.573666957207,200,
1782389368.42479,1782389368.557211,132.41612497949973,200,
1782389368.423768,1782389368.5633469,139.57704097265378,200,
1782389368.427223,1782389368.603869,176.64591601351276,200,
1782389368.4330611,1782389368.626921,193.85974999750033,200,
1782389368.428738,1782389368.6582348,229.49587501352653,200,
1782389368.431375,1782389368.65969,228.31491701072082,200,
1782389368.434313,1782389368.723943,289.63008301798254,200,
1782389368.4336681,1782389368.731339,297.67012502998114,200,
1782389368.435665,1782389368.736911,301.2462090118788,200,
1782389368.429447,1782389368.739441,309.99412504024804,200,
1782389368.422612,1782389368.753852,331.24137500999495,200,
1782389368.425643,1782389368.7741492,348.5068330192007,200,
1782389368.440377,1782389368.779319,338.94341700943187,200,
1782389368.426501,1782389368.783752,357.2529160301201,200,
1782389368.432236,1782389368.841949,409.71370798069984,200,
1782389368.4388502,1782389368.8431182,404.27016600733623,200,
1782389368.42799,1782389368.8757188,447.7312079980038,200,
1782389368.438205,1782389368.876617,438.41375003103167,200,
1782389368.430156,1782389368.878072,447.91891699424013,200,
1782389368.436865,1782389368.878902,442.038707959,200,
1782389368.439661,1782389368.879811,440.1524999993853,200,
1782389368.4362628,1782389368.8839118,447.6512080291286,200,
1782389368.434922,1782389368.888886,453.9658339926973,200,
1782389368.430735,1782389368.889722,458.9889160124585,200,
1782389368.437609,1782389368.891878,454.2717920267023,200,
1782389369.4244401,1782389369.5345469,110.10499997064471,200,
1782389369.433525,1782389369.554046,120.51891698502004,200,
1782389369.4275572,1782389369.5550458,127.48854199890047,200,
1782389369.437662,1782389369.645531,207.86850003059953,200,
1782389369.441399,1782389369.684774,243.37433400796726,200,
1782389369.431755,1782389369.693633,261.8789999978617,200,
1782389369.442561,1782389369.794303,351.7432080116123,200,
1782389369.446656,1782389369.833097,386.4407080109231,200,
1782389369.439971,1782389369.851732,411.7623750353232,200,
1782389369.444407,1782389369.865391,420.98633403657004,200,
1782389369.447253,1782389369.871444,424.1793330293149,200,
1782389369.443779,1782389369.9028301,459.0514999581501,200,
1782389369.438435,1782389369.9084969,470.0627499842085,200,
1782389369.423014,1782389369.9142258,491.2130000302568,200,
1782389369.44835,1782389369.9171772,468.8275000080466,200,
1782389369.429342,1782389369.923646,494.30479196598753,200,
1782389369.445639,1782389369.942226,496.5889579616487,200,
1782389369.44194,1782389369.95464,512.7012499724515,200,
1782389369.446155,1782389369.9774132,531.2587500084192,200,
1782389369.445021,1782389369.997365,552.343916031532,200,
1782389369.4406981,1782389370.007637,566.9399579637684,200,
1782389369.443244,1782389370.0585501,615.3081249794923,200,
1782389369.436738,1782389370.060392,623.6571660265326,200,
1782389369.439323,1782389370.0629702,623.6504590488039,200,
1782389369.435782,1782389370.067482,631.7034999956377,200,
1782389370.423161,1782389370.629948,206.78666699677706,200,
1782389370.424315,1782389370.640606,216.2917079986073,200,
1782389370.425984,1782389370.848803,422.8205410181545,200,
1782389370.425018,1782389370.870251,445.2339999843389,200,
1782389370.4327831,1782389370.877146,444.3650000030175,200,
1782389370.426945,1782389370.919143,492.1991659794003,200,
1782389370.431167,1782389370.9684858,537.3211249825545,200,
1782389370.430291,1782389370.990481,560.1909160031937,200,
1782389370.435578,1782389370.9967842,561.208583007101,200,
1782389370.4275498,1782389371.003519,575.9710000129417,200,
1782389370.426396,1782389371.004611,578.2175000058487,200,
1782389370.4280279,1782389371.039391,611.3654999644496,200,
1782389370.428664,1782389371.044014,615.3517500497401,200,
1782389370.43661,1782389371.056424,619.8159999912605,200,
1782389370.429865,1782389371.075407,645.5439999699593,200,
1782389370.435052,1782389371.082649,647.5993340136483,200,
1782389370.429325,1782389371.0970418,667.7191670169123,200,
1782389370.431767,1782389371.1001642,668.4006670257077,200,
1782389370.4344609,1782389371.10916,674.7008750098757,200,
1782389370.432348,1782389371.1441731,711.828165978659,200,
1782389370.433897,1782389371.146414,712.52020803513,200,
1782389370.4333498,1782389371.153627,720.2802499523386,200,
1782389370.43071,1782389371.1545951,723.8893749890849,200,
1782389370.4255219,1782389371.17769,752.1716250339523,200,
1782389370.436074,1782389371.178386,742.3165829968639,200,
1782389371.425924,1782389371.559097,133.17195797571912,200,
1782389371.423637,1782389371.642733,219.0966249909252,200,
1782389371.427957,1782389371.813099,385.1433749659918,200,
1782389371.43237,1782389371.8620741,429.70495799090713,200,
1782389371.435818,1782389371.863008,427.190582966432,200,
1782389371.431078,1782389371.878228,447.1505419933237,200,
1782389371.4286861,1782389371.878668,449.9846249818802,200,
1782389371.4384372,1782389371.882996,444.5591669646092,200,
1782389371.431676,1782389371.89121,459.5350419986062,200,
1782389371.429986,1782389371.900791,470.80529102822766,200,
1782389371.433536,1782389371.9023209,468.78704195842147,200,
1782389371.444692,1782389371.903305,458.61600001808256,200,
1782389371.439316,1782389371.90484,465.52495897049084,200,
1782389371.441718,1782389371.90907,467.3540840158239,200,
1782389371.442657,1782389371.910621,467.96466695377603,200,
1782389371.432914,1782389371.912537,479.62420899420977,200,
1782389371.427041,1782389371.921417,494.3767079967074,200,
1782389371.4349802,1782389371.923328,488.3504580357112,200,
1782389371.440076,1782389371.926634,486.5582920028828,200,
1782389371.4440289,1782389371.9321191,488.09204099234194,200,
1782389371.443342,1782389371.933283,489.942834014073,200,
1782389371.436536,1782389371.934002,497.469041030854,200,
1782389371.437501,1782389371.937186,499.68804098898545,200,
1782389371.4408698,1782389371.9378948,497.0269579789601,200,
1782389371.434282,1782389371.9404118,506.1326250433922,200,
1782389372.4247549,1782389372.514463,89.70587496878579,200,
1782389372.425923,1782389372.526955,101.03158402489498,200,
1782389372.429854,1782389372.5381918,108.33670798456296,200,
1782389372.433352,1782389372.568304,134.94699995499104,200,
1782389372.4272661,1782389372.569216,141.95029099937528,200,
1782389372.427847,1782389372.6218162,193.9682500087656,200,
1782389372.432086,1782389372.631382,199.29533294634894,200,
1782389372.436648,1782389372.66084,224.1911250166595,200,
1782389372.44066,1782389372.678703,238.04145900066942,200,
1782389372.429209,1782389372.7125251,283.3160419831984,200,
1782389372.4384158,1782389372.747338,308.92199999652803,200,
1782389372.436055,1782389372.7692502,333.19583401316777,200,
1782389372.426633,1782389372.7742112,347.5778750143945,200,
1782389372.4313111,1782389372.775456,344.1463329945691,200,
1782389372.434617,1782389372.786967,352.3502079769969,200,
1782389372.4285178,1782389372.796421,367.9038750124164,200,
1782389372.4389682,1782389372.800236,361.269082990475,200,
1782389372.4401448,1782389372.8019662,361.8216249742545,200,
1782389372.437851,1782389372.8063219,368.4705410269089,200,
1782389372.435356,1782389372.824426,389.07229102915153,200,
1782389372.430461,1782389372.83083,400.3708339878358,200,
1782389372.43399,1782389372.8373382,403.3487499691546,200,
1782389372.437222,1782389372.845867,408.6469999747351,200,
1782389372.4395661,1782389372.864628,425.0631670001894,200,
1782389372.432729,1782389372.879036,446.30933401640505,200,
1782389373.426563,1782389373.512585,86.01929200813174,200,
1782389373.427616,1782389373.5297668,102.1483339718543,200,
1782389373.4318159,1782389373.5651479,133.33104201592505,200,
1782389373.429285,1782389373.590231,160.9446249785833,200,
1782389373.429941,1782389373.599034,169.09258300438523,200,
1782389373.4312692,1782389373.6515908,220.32112500164658,200,
1782389373.435053,1782389373.694891,259.8379169940017,200,
1782389373.442247,1782389373.70717,264.92283400148153,200,
1782389373.433624,1782389373.7155561,281.93366702180356,200,
1782389373.438328,1782389373.729983,291.65425000246614,200,
1782389373.4305909,1782389373.742053,311.46266602445394,200,
1782389373.442844,1782389373.744677,301.8325830344111,200,
1782389373.4404101,1782389373.760233,319.8237910401076,200,
1782389373.42844,1782389373.777993,349.55275000538677,200,
1782389373.441033,1782389373.7811148,340.08233301574364,200,
1782389373.433066,1782389373.784872,351.8066250253469,200,
1782389373.4376059,1782389373.80948,371.87341699609533,200,
1782389373.434334,1782389373.8114371,377.1035830141045,200,
1782389373.436955,1782389373.813602,376.6480829799548,200,
1782389373.432449,1782389373.8152251,382.7753330115229,200,
1782389373.441576,1782389373.8175302,375.95474999397993,200,
1782389373.438855,1782389373.81952,380.6656660162844,200,
1782389373.439685,1782389373.839024,399.339624971617,200,
1782389373.436345,1782389373.857405,421.0620410158299,200,
1782389373.435731,1782389373.8635762,427.8471670113504,200,
1782389374.427715,1782389374.521139,93.42258400283754,200,
1782389374.428968,1782389374.524957,95.98716604523361,200,
1782389374.430996,1782389374.558065,127.06754100508988,200,
1782389374.432249,1782389374.562447,130.19733398687094,200,
1782389374.432906,1782389374.597846,164.93854095460847,200,
1782389374.4362829,1782389374.630368,194.08354198094457,200,
1782389374.430412,1782389374.670785,240.37158297142014,200,
1782389374.444196,1782389374.7424371,298.24099998222664,200,
1782389374.429717,1782389374.772012,342.2952080145478,200,
1782389374.4417632,1782389374.774548,332.78399996925145,200,
1782389374.434907,1782389374.781547,346.64000000339,200,
1782389374.4379451,1782389374.782681,344.7366659529507,200,
1782389374.442998,1782389374.795917,352.9192910064012,200,
1782389374.443651,1782389374.798794,355.14291597064584,200,
1782389374.4316359,1782389374.809275,377.6394170126878,200,
1782389374.440545,1782389374.814075,373.53054201230407,200,
1782389374.4341729,1782389374.816223,382.05041602486745,200,
1782389374.442378,1782389374.8435998,401.22350002638996,200,
1782389374.441132,1782389374.8511329,410.0026670494117,200,
1782389374.439934,1782389374.851678,411.74637502990663,200,
1782389374.435689,1782389374.868476,432.7891250140965,200,
1782389374.437162,1782389374.869809,432.64916696352884,200,
1782389374.4385622,1782389374.871367,432.806457974948,200,
1782389374.433507,1782389374.873756,440.2513329987414,200,
1782389374.43939,1782389374.87459,435.2025830303319,200,
1782389375.428837,1782389375.52286,94.02133297408,200,
1782389375.429856,1782389375.5241861,94.32879200903699,200,
1782389375.4322822,1782389375.537919,105.63420900143683,200,
1782389375.4343731,1782389375.568195,133.8200000463985,200,
1782389375.437692,1782389375.616342,178.6500840098597,200,
1782389375.436418,1782389375.6226182,186.19862501509488,200,
1782389375.4314399,1782389375.6348102,203.37037497665733,200,
1782389375.4455569,1782389375.6463249,200.76641696505249,200,
1782389375.4306822,1782389375.698965,268.2812080020085,200,
1782389375.4408178,1782389375.7243671,283.5484579554759,200,
1782389375.433614,1782389375.743058,309.4425839954056,200,
1782389375.440265,1782389375.762203,321.9380420050584,200,
1782389375.439114,1782389375.77916,340.0460829725489,200,
1782389375.4445581,1782389375.793398,348.83904200978577,200,
1782389375.442492,1782389375.8169742,374.4815409881994,200,
1782389375.443914,1782389375.8214662,377.5518329930492,200,
1782389375.442028,1782389375.824609,382.58133397903293,200,
1782389375.4430962,1782389375.8287628,385.6684170314111,200,
1782389375.432945,1782389375.845439,412.49612503452227,200,
1782389375.4350169,1782389375.855113,420.09608302032575,200,
1782389375.435624,1782389375.857399,421.7762919724919,200,
1782389375.4414861,1782389375.8988109,457.325708004646,200,
1782389375.437075,1782389375.918197,481.12458299146965,200,
1782389375.438475,1782389375.922852,484.3787089921534,200,
1782389375.439667,1782389375.923841,484.1763339936733,200,
1782389376.431316,1782389376.5300531,98.73670799424872,200,
1782389376.4322639,1782389376.5441222,111.85708298580721,200,
1782389376.43411,1782389376.562512,128.4000840387307,200,
1782389376.43539,1782389376.650526,215.13612504350021,200,
1782389376.4360251,1782389376.652446,216.42100001918152,200,
1782389376.441601,1782389376.680341,238.7390830554068,200,
1782389376.439508,1782389376.705209,265.7009999966249,200,
1782389376.441088,1782389376.706812,265.7237500534393,200,
1782389376.43777,1782389376.7226582,284.8892080364749,200,
1782389376.437123,1782389376.760541,323.4174159588292,200,
1782389376.444724,1782389376.770224,325.50012500723824,200,
1782389376.432907,1782389376.773466,340.5591250048019,200,
1782389376.4405172,1782389376.7746,334.08333302941173,200,
1782389376.442684,1782389376.7846441,341.959958022926,200,
1782389376.445552,1782389376.798235,352.6836669771001,200,
1782389376.440039,1782389376.804909,364.8694999865256,200,
1782389376.436519,1782389376.82513,388.61104199895635,200,
1782389376.438414,1782389376.869601,431.18908297037706,200,
1782389376.4439712,1782389376.880217,436.2468750332482,200,
1782389376.443284,1782389376.883222,439.9379580281675,200,
1782389376.4388921,1782389376.892113,453.2216660445556,200,
1782389376.442067,1782389376.8954859,453.42029200401157,200,
1782389376.4300401,1782389376.902677,472.6386670372449,200,
1782389376.4334989,1782389376.904,470.50337499240413,200,
1782389376.4347079,1782389376.904979,470.2729579876177,200,
1782389377.4311821,1782389377.5149162,83.73187499819323,200,
1782389377.432262,1782389377.5377438,105.4796670214273,200,
1782389377.433679,1782389377.566091,132.4102079961449,200,
1782389377.434464,1782389377.580117,145.6502919900231,200,
1782389377.435652,1782389377.6314602,195.80904202302918,200,
1782389377.442517,1782389377.6883452,245.82833296153694,200,
1782389377.4462311,1782389377.7179039,271.67479100171477,200,
1782389377.432959,1782389377.727705,294.74562499672174,200,
1782389377.436332,1782389377.7459042,309.57137496443465,200,
1782389377.435067,1782389377.747417,312.34991701785475,200,
1782389377.440085,1782389377.755397,315.31129201175645,200,
1782389377.43945,1782389377.779365,339.91516701644287,200,
1782389377.4419572,1782389377.801836,359.8797500017099,200,
1782389377.443151,1782389377.804097,360.94729200704023,200,
1782389377.43875,1782389377.805324,366.5743340388872,200,
1782389377.443713,1782389377.81597,372.2588749951683,200,
1782389377.4413388,1782389377.82394,382.60279200039804,200,
1782389377.4467788,1782389377.832314,385.5360409943387,200,
1782389377.43745,1782389377.8398578,402.4081670213491,200,
1782389377.44064,1782389377.845155,404.50499998405576,200,
1782389377.4368901,1782389377.873992,437.10220797220245,200,
1782389377.44557,1782389377.876034,430.4645000374876,200,
1782389377.444847,1782389377.877354,432.5096670072526,200,
1782389377.444279,1782389377.8867788,442.5017499597743,200,
1782389377.438189,1782389377.88735,449.1636659950018,200,
1782389378.4321449,1782389378.5225542,90.40712495334446,200,
1782389378.433264,1782389378.5343318,101.06554202502593,200,
1782389378.435437,1782389378.564874,129.4367910013534,200,
1782389378.440447,1782389378.567189,126.74158398294821,200,
1782389378.437428,1782389378.601102,163.67329203058034,200,
1782389378.43479,1782389378.633307,198.5166659578681,200,
1782389378.439308,1782389378.660295,220.98541702143848,200,
1782389378.4435022,1782389378.688895,245.39358401671052,200,
1782389378.4341152,1782389378.712512,278.39608304202557,200,
1782389378.436718,1782389378.7141309,277.41245803190395,200,
1782389378.446283,1782389378.718721,272.4374160170555,200,
1782389378.439883,1782389378.7732239,333.3412079955451,200,
1782389378.4415638,1782389378.7861938,344.6302079828456,200,
1782389378.444927,1782389378.794441,349.515457986854,200,
1782389378.442657,1782389378.80742,364.763125020545,200,
1782389378.436073,1782389378.809024,372.9513750295155,200,
1782389378.438101,1782389378.843287,405.1860000472516,200,
1782389378.446933,1782389378.8483882,401.45733300596476,200,
1782389378.442115,1782389378.849526,407.41308400174603,200,
1782389378.444294,1782389378.849851,405.5589160416275,200,
1782389378.447992,1782389378.856504,408.5118750226684,200,
1782389378.447455,1782389378.891119,443.6647500260733,200,
1782389378.445598,1782389378.896806,451.2096659746021,200,
1782389378.4387178,1782389378.9030468,464.33033398352563,200,
1782389378.440983,1782389378.909135,468.1541249738075,200,
1782389379.4332101,1782389379.52247,89.25929199904203,200,
1782389379.43424,1782389379.556907,122.6651250035502,200,
1782389379.435991,1782389379.591297,155.30529199168086,200,
1782389379.437595,1782389379.6182,180.60470902128145,200,
1782389379.440274,1782389379.6447659,204.49179102433845,200,
1782389379.4466538,1782389379.692545,245.8904579980299,200,
1782389379.435385,1782389379.693845,258.4605000447482,200,
1782389379.437066,1782389379.6986518,261.58558297902346,200,
1782389379.443052,1782389379.717709,274.65675002895296,200,
1782389379.444205,1782389379.8007622,356.5568749909289,200,
1782389379.440799,1782389379.8172228,376.4251249958761,200,
1782389379.446251,1782389379.8184829,372.2324169939384,200,
1782389379.4413419,1782389379.8205671,379.22666600206867,200,
1782389379.439768,1782389379.8292842,389.51595802791417,200,
1782389379.4417942,1782389379.834487,392.69408298423514,200,
1782389379.4436438,1782389379.83516,391.5184590150602,200,
1782389379.434768,1782389379.84365,408.883833035361,200,
1782389379.43931,1782389379.8447099,405.4016249720007,200,
1782389379.442477,1782389379.851325,408.84958300739527,200,
1782389379.4386492,1782389379.853375,414.72691704984754,200,
1782389379.438168,1782389379.854738,416.57191701233387,200,
1782389379.444627,1782389379.855979,411.35437501361594,200,
1782389379.445267,1782389379.85695,411.685542028863,200,
1782389379.4364989,1782389379.8621492,425.6517080357298,200,
1782389379.4457228,1782389379.865727,420.0058749993332,200,
1782389380.436208,1782389380.539798,103.58945798361674,200,
1782389380.434578,1782389380.563194,128.61395796062425,200,
1782389380.447264,1782389380.721706,274.4411670137197,200,
1782389380.442775,1782389380.7314491,288.6739580426365,200,
1782389380.437103,1782389380.733908,296.80449998704717,200,
1782389380.438884,1782389380.791363,352.4799579754472,200,
1782389380.4465668,1782389380.792802,346.2360829580575,200,
1782389380.44098,1782389380.8166459,375.66745799267665,200,
1782389380.4403572,1782389380.818491,378.1357500120066,200,
1782389380.43954,1782389380.835837,396.2972909794189,200,
1782389380.44843,1782389380.848703,400.27366700815037,200,
1782389380.4516501,1782389380.8594618,407.8125419910066,200,
1782389380.449228,1782389380.878985,429.75795798702165,200,
1782389380.443361,1782389380.8808541,437.4943749862723,200,
1782389380.4459698,1782389380.882408,436.43950001569465,200,
1782389380.450454,1782389380.884118,433.66487498860806,200,
1782389380.442244,1782389380.888452,446.20904099429026,200,
1782389380.43802,1782389380.890383,452.36462500179186,200,
1782389380.4510689,1782389380.8926542,441.5863750036806,200,
1782389380.443907,1782389380.899126,455.2203330094926,200,
1782389380.4497888,1782389380.904554,454.7660000389442,200,
1782389380.441547,1782389380.905591,464.0454580076039,200,
1782389380.444578,1782389380.913406,468.8285000156611,200,
1782389380.4478579,1782389380.9413161,493.4604999725707,200,
1782389380.445293,1782389380.9437199,498.43033304205164,200,
1782389381.4351292,1782389381.52826,93.12745794886723,200,
1782389381.437998,1782389381.5377269,99.72666599787772,200,
1782389381.4359722,1782389381.5675678,131.5949580166489,200,
1782389381.4372869,1782389381.603682,166.39445896726102,200,
1782389381.4394019,1782389381.644127,204.72441602032632,200,
1782389381.442401,1782389381.697162,254.76074998732656,200,
1782389381.443517,1782389381.697612,254.09583299187943,200,
1782389381.439949,1782389381.708575,268.62533297389746,200,
1782389381.4472299,1782389381.709995,262.7651669899933,200,
1782389381.448211,1782389381.719372,271.1595419677906,200,
1782389381.444701,1782389381.7303638,285.6635420466773,200,
1782389381.436505,1782389381.731955,295.4505829839036,200,
1782389381.44772,1782389381.7378712,290.1523329783231,200,
1782389381.446291,1782389381.739368,293.07683295337483,200,
1782389381.442858,1782389381.748529,305.6712079560384,200,
1782389381.4414139,1782389381.7652202,323.8054170506075,200,
1782389381.441945,1782389381.769761,327.8167079552077,200,
1782389381.4467158,1782389381.773131,326.41533302376047,200,
1782389381.448621,1782389381.7826262,334.0055840089917,200,
1782389381.444155,1782389381.785344,341.1902920342982,200,
1782389381.438602,1782389381.798282,359.68191700521857,200,
1782389381.4404092,1782389381.805229,364.82037499081343,200,
1782389381.4408388,1782389381.8122182,371.38137500733137,200,
1782389381.445237,1782389381.818796,373.5606250120327,200,
1782389381.445732,1782389381.840409,394.68008297262713,200,
1782389382.437116,1782389382.522632,85.5137089965865,200,
1782389382.437767,1782389382.5326898,94.92087503895164,200,
1782389382.441866,1782389382.607349,165.48254201188684,200,
1782389382.439508,1782389382.6488059,209.29700002307072,200,
1782389382.444872,1782389382.74845,303.5787909757346,200,
1782389382.436173,1782389382.792212,356.03962501045316,200,
1782389382.438375,1782389382.792608,354.2339170235209,200,
1782389382.446136,1782389382.801738,355.60287500265986,200,
1782389382.438915,1782389382.803086,364.1717500286177,200,
1782389382.4442618,1782389382.812564,368.3030000538565,200,
1782389382.4424598,1782389382.813847,371.3885420002043,200,
1782389382.44047,1782389382.8405702,400.10062500368804,200,
1782389382.447458,1782389382.8427231,395.2652079751715,200,
1782389382.441211,1782389382.8436658,402.4559590034187,200,
1782389382.4480882,1782389382.8612092,413.1215829984285,200,
1782389382.445525,1782389382.863062,417.53841598983854,200,
1782389382.4436228,1782389382.8650749,421.45341698778793,200,
1782389382.4492621,1782389382.871955,422.6940830121748,200,
1782389382.450441,1782389382.874343,423.9030829630792,200,
1782389382.449808,1782389382.882435,432.6286250143312,200,
1782389382.4517498,1782389382.888402,436.65362504543737,200,
1782389382.4512541,1782389382.898716,447.4642910063267,200,
1782389382.4486232,1782389382.899115,450.4948750254698,200,
1782389382.446733,1782389382.9094348,462.70362503128126,200,
1782389382.4430132,1782389382.915238,472.22762496676296,200,
1782389383.4387681,1782389383.534524,95.75345797929913,200,
1782389383.4379241,1782389383.557735,119.80849999235943,200,
1782389383.440154,1782389383.587661,147.50554197235033,200,
1782389383.440723,1782389383.5954409,154.7171249985695,200,
1782389383.442672,1782389383.624234,181.56104203080758,200,
1782389383.442108,1782389383.6782029,236.09454202232882,200,
1782389383.4414778,1782389383.75413,312.65274999896064,200,
1782389383.439504,1782389383.7852612,345.7580419490114,200,
1782389383.450659,1782389383.7945302,343.8706250162795,200,
1782389383.4499252,1782389383.8120902,362.1662079822272,200,
1782389383.4434528,1782389383.82088,377.42775003425777,200,
1782389383.446812,1782389383.8271518,380.3392090485431,200,
1782389383.4521868,1782389383.864676,412.4897079891525,200,
1782389383.445984,1782389383.877151,431.1670419992879,200,
1782389383.453716,1782389383.879343,425.6272920174524,200,
1782389383.451379,1782389383.8920488,440.6713329954073,200,
1782389383.444227,1782389383.896917,452.69095798721537,200,
1782389383.448622,1782389383.900739,452.1187079953961,200,
1782389383.4548879,1782389383.911308,456.4200000022538,200,
1782389383.453094,1782389383.921789,468.69658399373293,200,
1782389383.447676,1782389383.946132,498.4581249882467,200,
1782389383.45438,1782389383.962667,508.2871670019813,200,
1782389383.445109,1782389383.9682071,523.1000000494532,200,
1782389383.455452,1782389383.9784582,523.0091249686666,200,
1782389383.4493482,1782389383.9837341,534.3887920025736,200,
1782389384.4384289,1782389384.544995,106.56408296199515,200,
1782389384.4424949,1782389384.581033,138.53620801819488,200,
1782389384.4397929,1782389384.5862012,146.40554203651845,200,
1782389384.449746,1782389384.691118,241.37191596673802,200,
1782389384.441588,1782389384.7026198,261.03145902743563,200,
1782389384.446985,1782389384.878475,431.49216601159424,200,
1782389384.449049,1782389384.891775,442.7285420242697,200,
1782389384.445965,1782389384.978936,532.9730419907719,200,
1782389384.44432,1782389384.980381,536.0630839713849,200,
1782389384.451468,1782389384.990453,538.9856670517474,200,
1782389384.440521,1782389385.0290308,588.511916983407,200,
1782389384.443839,1782389385.0327811,588.9433749835007,200,
1782389384.443307,1782389385.0358982,592.5927080097608,200,
1782389384.454219,1782389385.06058,606.3622910296544,200,
1782389384.448411,1782389385.071559,623.151375039015,200,
1782389384.454863,1782389385.07663,621.7704170267098,200,
1782389384.4464462,1782389385.081741,635.2979579824023,200,
1782389384.450548,1782389385.0839,633.354292018339,200,
1782389384.447968,1782389385.09681,648.8445840077475,200,
1782389384.4534872,1782389385.098621,645.1364579843357,200,
1782389384.4528708,1782389385.100411,647.5430419668555,200,
1782389384.452193,1782389385.113002,660.810291999951,200,
1782389384.4448068,1782389385.1241841,679.3804169865325,200,
1782389384.445484,1782389385.137181,691.7002499685623,200,
1782389384.4475121,1782389385.138052,690.5440419795923,200,
1782389385.439511,1782389385.561514,122.00125004164875,200,
1782389385.4436219,1782389385.644442,200.8199580013752,200,
1782389385.4421928,1782389385.6772292,235.03620800329372,200,
1782389385.441689,1782389385.68329,241.60125001799315,200,
1782389385.440385,1782389385.7160268,275.6404159590602,200,
1782389385.448333,1782389385.739754,291.4205829729326,200,
1782389385.452405,1782389385.769492,317.08666699705645,200,
1782389385.443032,1782389385.771489,328.45779199851677,200,
1782389385.4463701,1782389385.773377,327.0087079727091,200,
1782389385.447384,1782389385.7978501,350.4664159845561,200,
1782389385.447823,1782389385.808567,360.7450830168091,200,
1782389385.446816,1782389385.8207629,373.94641601713374,200,
1782389385.448822,1782389385.826252,377.43045802926645,200,
1782389385.445107,1782389385.8303082,385.20095800049603,200,
1782389385.442631,1782389385.832412,389.7827089531347,200,
1782389385.441213,1782389385.834039,392.8270830074325,200,
1782389385.4504828,1782389385.844609,394.12637503119186,200,
1782389385.45134,1782389385.858599,407.2609579889104,200,
1782389385.4442072,1782389385.860224,416.0189999965951,200,
1782389385.449374,1782389385.87052,421.14704195410013,200,
1782389385.445664,1782389385.873783,428.1197920208797,200,
1782389385.450963,1782389385.8759801,425.01837498275563,200,
1782389385.444612,1782389385.889667,445.0563749996945,200,
1782389385.449853,1782389385.899852,450.00125002115965,200,
1782389385.451725,1782389385.90468,452.9575000051409,200,
1782389386.4406679,1782389386.5158458,75.17520798137411,200,
1782389386.443776,1782389386.528469,84.69137502834201,200,
1782389386.441738,1782389386.536906,95.16729199094698,200,
1782389386.446007,1782389386.568544,122.5347500294447,200,
1782389386.449332,1782389386.578562,129.2285420349799,200,
1782389386.442944,1782389386.606973,164.02820800431073,200,
1782389386.456085,1782389386.7524438,296.36012500850484,200,
1782389386.442382,1782389386.7637398,321.3582919561304,200,
1782389386.448163,1782389386.767416,319.25258302362636,200,
1782389386.455002,1782389386.7679548,312.9547089920379,200,
1782389386.444555,1782389386.768839,324.2847499786876,200,
1782389386.453366,1782389386.7818098,328.44337495043874,200,
1782389386.454514,1782389386.7966652,342.15083299204707,200,
1782389386.452255,1782389386.797558,345.3047500224784,200,
1782389386.4487019,1782389386.806358,357.65662498306483,200,
1782389386.4516191,1782389386.80696,355.34324997570366,200,
1782389386.452839,1782389386.832681,379.8429169692099,200,
1782389386.451087,1782389386.866708,415.6222500023432,200,
1782389386.445212,1782389386.8755322,430.32158399000764,200,
1782389386.450006,1782389386.876492,426.4886250020936,200,
1782389386.4467762,1782389386.882462,435.68762502400205,200,
1782389386.4505851,1782389386.884872,434.28841698914766,200,
1782389386.447413,1782389386.8872929,439.8822499788366,200,
1782389386.453984,1782389386.901294,447.3115830332972,200,
1782389386.4555252,1782389386.907537,452.0132499746978,200,
1782389387.441355,1782389387.554316,112.9580830456689,200,
1782389387.444681,1782389387.576517,131.834166997578,200,
1782389387.446926,1782389387.63038,183.4531250060536,200,
1782389387.446317,1782389387.6441312,197.81262503238395,200,
1782389387.4512022,1782389387.650781,199.57774999784306,200,
1782389387.4424,1782389387.748096,305.6953329942189,200,
1782389387.443102,1782389387.7644548,321.3525420287624,200,
1782389387.458713,1782389387.8125188,353.8068750058301,200,
1782389387.453386,1782389387.824346,370.96029199892655,200,
1782389387.458078,1782389387.829485,371.4082919759676,200,
1782389387.460874,1782389387.8346639,373.7903750152327,200,
1782389387.456724,1782389387.8766751,419.95283303549513,200,
1782389387.449537,1782389387.889127,439.5903339609504,200,
1782389387.455433,1782389387.901428,445.99716598168015,200,
1782389387.447592,1782389387.9091468,461.55624999664724,200,
1782389387.4454458,1782389387.911087,465.6423749984242,200,
1782389387.4504,1782389387.918009,467.61112503008917,200,
1782389387.457516,1782389387.919873,462.35920797334984,200,
1782389387.448688,1782389387.920473,471.78791696205735,200,
1782389387.452286,1782389387.921474,469.19062500819564,200,
1782389387.460213,1782389387.928295,468.08341704308987,200,
1782389387.459466,1782389387.934719,475.25429102825,200,
1782389387.443943,1782389387.9434712,499.5292910025455,200,
1782389387.45606,1782389387.945646,489.5880839903839,200,
1782389387.454536,1782389387.95728,502.74666701443493,200,
1782389388.442433,1782389388.570018,127.58337502600625,200,
1782389388.4464571,1782389388.64649,200.03300003008917,200,
1782389388.444171,1782389388.652493,208.3211669814773,200,
1782389388.449573,1782389388.689506,239.93254196830094,200,
1782389388.445416,1782389388.7315378,286.1222500214353,200,
1782389388.4515069,1782389388.7522728,300.76549999648705,200,
1782389388.452745,1782389388.771531,318.7847499502823,200,
1782389388.4558852,1782389388.792522,336.6367499693297,200,
1782389388.450289,1782389388.885649,435.3608749806881,200,
1782389388.4521332,1782389388.899096,446.9632090185769,200,
1782389388.4545121,1782389388.8997262,445.21575001999736,200,
1782389388.45745,1782389388.9005399,443.09145800070837,200,
1782389388.447468,1782389388.91249,465.02279199194163,200,
1782389388.450898,1782389388.926178,475.28020798927173,200,
1782389388.4552681,1782389388.929255,473.98737497860566,200,
1782389388.456435,1782389388.934873,478.440250037238,200,
1782389388.4584792,1782389388.9365811,478.1027919962071,200,
1782389388.457933,1782389388.937792,479.86108297482133,200,
1782389388.448272,1782389388.940827,492.5552909844555,200,
1782389388.4590862,1782389388.960661,501.57624995335937,200,
1782389388.4489422,1782389388.961815,512.8749170107767,200,
1782389388.45695,1782389388.982882,525.9348749532364,200,
1782389388.459768,1782389388.991296,531.5309580182657,200,
1782389388.4533818,1782389389.003296,549.9149590032175,200,
1782389388.4540212,1782389389.006774,552.7550419792533,200,
1782389389.443603,1782389389.5209038,77.29920803103596,200,
1782389389.4447439,1782389389.5379899,93.24483299860731,200,
1782389389.4491541,1782389389.551451,102.29691601125523,200,
1782389389.446795,1782389389.552754,105.95620796084404,200,
1782389389.4461818,1782389389.5754461,129.2627080110833,200,
1782389389.4507241,1782389389.642257,191.5323329740204,200,
1782389389.4484348,1782389389.645949,197.5133329979144,200,
1782389389.451933,1782389389.6848419,232.9085419769399,200,
1782389389.4546812,1782389389.6968691,242.1885000076145,200,
1782389389.453134,1782389389.7562282,303.0936249997467,200,
1782389389.457401,1782389389.7581718,300.77162495581433,200,
1782389389.458069,1782389389.765033,306.9654580322094,200,
1782389389.451261,1782389389.7661939,314.93558298097923,200,
1782389389.458708,1782389389.774102,315.3950829873793,200,
1782389389.4536362,1782389389.777049,323.41399998404086,200,
1782389389.4496799,1782389389.778522,328.84349999949336,200,
1782389389.445471,1782389389.7804742,335.0047909771092,200,
1782389389.455859,1782389389.7884648,332.6065830187872,200,
1782389389.456379,1782389389.790748,334.3705000006594,200,
1782389389.450232,1782389389.796758,346.5265410486609,200,
1782389389.456864,1782389389.798353,341.4904999663122,200,
1782389389.455345,1782389389.799072,343.72904198244214,200,
1782389389.452508,1782389389.80019,347.68325003096834,200,
1782389389.454197,1782389389.8006,346.405332966242,200,
1782389389.4478211,1782389389.8084018,360.583667003084,200,
1782389390.444624,1782389390.555979,111.35224997997284,200,
1782389390.4437509,1782389390.565005,121.25154200475663,200,
1782389390.448147,1782389390.5655522,117.40450002253056,200,
1782389390.447646,1782389390.645937,198.2900410075672,200,
1782389390.446424,1782389390.677331,230.905584001448,200,
1782389390.445379,1782389390.6808162,235.43583403807133,200,
1782389390.451071,1782389390.709304,258.23224999476224,200,
1782389390.4581718,1782389390.7593899,301.2177500058897,200,
1782389390.451602,1782389390.76395,312.34725000103936,200,
1782389390.457043,1782389390.825669,368.6271670158021,200,
1782389390.457603,1782389390.8453171,387.7156670205295,200,
1782389390.456055,1782389390.849698,393.6451670015231,200,
1782389390.450441,1782389390.873038,422.5980840274133,200,
1782389390.454952,1782389390.885199,430.2488330285996,200,
1782389390.453194,1782389390.887101,433.9083750382997,200,
1782389390.4471009,1782389390.906697,459.5984169864096,200,
1782389390.449697,1782389390.925845,476.14945797249675,200,
1782389390.453701,1782389390.928308,474.60754099301994,200,
1782389390.456566,1782389390.956152,499.588374979794,200,
1782389390.4459178,1782389390.960714,514.7969590034336,200,
1782389390.455404,1782389390.980596,525.192208995577,200,
1782389390.454454,1782389390.999382,544.9298750027083,200,
1782389390.452585,1782389391.001337,548.7540420144796,200,
1782389390.4492621,1782389391.046456,597.1972909756005,200,
1782389390.448662,1782389391.0476959,599.0381669835187,200,
1782389391.4459279,1782389391.57803,132.09974998608232,200,
1782389391.4474611,1782389391.648373,200.9111670195125,200,
1782389391.444897,1782389391.664901,220.0029160012491,200,
1782389391.456949,1782389391.8799648,423.016834014561,200,
1782389391.45404,1782389391.89085,436.81070901220664,200,
1782389391.458097,1782389391.915788,457.69300003303215,200,
1782389391.453121,1782389391.922442,469.3220420158468,200,
1782389391.4551501,1782389391.944866,489.7169170435518,200,
1782389391.451754,1782389391.948299,496.54729099711403,200,
1782389391.449224,1782389391.959571,510.3486250154674,200,
1782389391.452319,1782389391.961911,509.59379103733227,200,
1782389391.449683,1782389392.010321,560.640916984994,200,
1782389391.454537,1782389392.011903,557.3676250060089,200,
1782389391.448093,1782389392.036957,588.8653750298545,200,
1782389391.452738,1782389392.074674,621.9384999712929,200,
1782389391.4557,1782389392.086865,631.1670840368606,200,
1782389391.448586,1782389392.1006021,652.0173330209218,200,
1782389391.457398,1782389392.102785,645.3904160298407,200,
1782389391.453517,1782389392.1181738,664.6584590198472,200,
1782389391.456429,1782389392.121258,664.8327080183662,200,
1782389391.4501429,1782389392.123756,673.6156670376658,200,
1782389391.446612,1782389392.156051,709.442165971268,200,
1782389391.450615,1782389392.17661,725.999333022628,200,
1782389391.451205,1782389392.18508,733.8784579769708,200,
1782389391.4587038,1782389392.1907682,732.0677500101738,200,
1782389392.44659,1782389392.658282,211.69045800343156,200,
1782389392.445639,1782389392.712642,267.0025839470327,200,
1782389392.450594,1782389392.769809,319.2136250436306,200,
1782389392.44865,1782389392.909791,461.14324999507517,200,
1782389392.4472919,1782389392.91874,471.44887497415766,200,
1782389392.450021,1782389392.923145,473.1257500243373,200,
1782389392.456347,1782389392.9319732,475.626666971948,200,
1782389392.449453,1782389392.9432828,493.8312910380773,200,
1782389392.459589,1782389392.9469042,487.3157920083031,200,
1782389392.4531388,1782389392.9644842,511.34612498572096,200,
1782389392.454606,1782389392.971466,516.8609999818727,200,
1782389392.454139,1782389392.973842,519.7037500329316,200,
1782389392.451177,1782389392.988723,537.5479169888422,200,
1782389392.4557781,1782389392.993967,538.1909590214491,200,
1782389392.460193,1782389393.006576,546.3848329964094,200,
1782389392.459181,1782389393.038273,579.0944169857539,200,
1782389392.456904,1782389393.040875,583.9732500026003,200,
1782389392.455213,1782389393.0419168,586.7057500290684,200,
1782389392.45244,1782389393.0440252,591.5870839962736,200,
1782389392.44781,1782389393.091394,643.5860829660669,200,
1782389392.4574862,1782389393.101048,643.5632079956122,200,
1782389392.45807,1782389393.1032991,645.2312500332482,200,
1782389392.453588,1782389393.105367,651.7818330321461,200,
1782389392.451804,1782389393.107708,655.9066670015454,200,
1782389392.458574,1782389393.114524,655.9527079807594,200,
